name,city,state,url,website,buy_link,phone,email,type,notes,prices,source,source_url
Plains Cotton Cooperative Association (PCCA),Lubbock,TX,https://pcca.com/,https://pcca.com/,https://pcca.com/contact/,806-763-8011,,cooperative,"Largest farmer-owned cotton coop; West TX, OK, KS; buy cotton bales",Contact for quote; cotton priced daily,AMCOT,https://amcot.org/
Calcot,Bakersfield,CA,https://calcot.com/,https://calcot.com/,https://calcot.com/sales-contact/,661-327-5961,info@calcot.com,cooperative,"CA, AZ, NM cotton; Upland & Pima; ~400K bales/year",Contact for quote; cotton priced daily,AMCOT,https://amcot.org/
Staple Cotton Cooperative Association (Staplcotn),Greenwood,MS,https://www.staplcotn.com/,https://www.staplcotn.com/,https://www.staplcotn.com/contact/,662-453-6231,cotton.services@staplcotn.com,cooperative,"5,000+ SE growers; 11 states; Memphis/Eastern cotton; Mill Sales Program",Contact for quote; cotton priced daily,AMCOT,https://amcot.org/
Carolinas Cotton Growers Cooperative,Garner,NC,https://www.carolinascotton.com/,https://www.carolinascotton.com/,https://www.carolinascotton.com/contact-us,919-773-2120,ckramer@carolinascotton.com,cooperative,NC/SC growers; cotton sales & warehousing; marketing ckramer@carolinascotton.com,Contact for quote; cotton priced daily,AMCOT,https://amcot.org/
Texas Cotton Growers Cooperative Association,Taylor,TX,https://txagcouncil.org/texas-cotton-producers-inc/,https://txagcouncil.org/texas-cotton-producers-inc/,https://txagcouncil.org/texas-cotton-producers-inc/,512-365-5531,,cooperative,Texas cotton marketing,Contact for quote,AMCOT,https://amcot.org/
ACG Cotton Marketing LLC,Lubbock,TX,,https://acsa-cotton.org/our-members,https://acsa-cotton.org/our-members,901-525-2272,,merchant,ACSA; cotton jobber; Lubbock; contact via ACSA,Contact for quote,ACSA,https://acsa-cotton.org/our-members
ADM Cotton,Memphis,TN,,https://acsa-cotton.org/our-members,https://acsa-cotton.org/our-members,901-525-2272,,merchant,ACSA merchant; contact via ACSA,Contact for quote,ACSA,https://acsa-cotton.org/our-members
Allbright Cotton,Memphis,TN,https://www.allbrightcotton.com/,https://www.allbrightcotton.com/,https://www.allbrightcotton.com/,559-276-1664,,merchant,Supima & Acala; California & Southwest; Fresno office,Contact for quote,ACSA,https://acsa-cotton.org/our-members
America Tongzhou Cotton Trading Inc,Memphis,TN,,https://acsa-cotton.org/our-members,https://acsa-cotton.org/our-members,901-525-2272,,merchant,ACSA merchant; contact via ACSA,Contact for quote,ACSA,https://acsa-cotton.org/our-members
Brighann Marketing Inc,Memphis,TN,,https://acsa-cotton.org/our-members,https://acsa-cotton.org/our-members,901-525-2272,,merchant,ACSA merchant; contact via ACSA,Contact for quote,ACSA,https://acsa-cotton.org/our-members
Bunge,Memphis,TN,,https://acsa-cotton.org/our-members,https://acsa-cotton.org/our-members,901-525-2272,,merchant,ACSA merchant; global commodities; contact via ACSA,Contact for quote,ACSA,https://acsa-cotton.org/our-members
C&D (USA) Inc,Memphis,TN,,https://acsa-cotton.org/our-members,https://acsa-cotton.org/our-members,901-525-2272,,merchant,ACSA merchant; contact via ACSA,Contact for quote,ACSA,https://acsa-cotton.org/our-members
Cargill Cotton,Memphis,TN,https://www.cargill.com/agriculture/cotton,https://www.cargill.com/agriculture/cotton,https://www.cargill.com/agriculture/cotton/location-contact-us,901-454-7851,,merchant,"Global cotton; Memphis, Liverpool",Contact for quote,ACSA,https://acsa-cotton.org/our-members
COFCO Americas Resources Corp,Memphis,TN,,https://acsa-cotton.org/our-members,https://acsa-cotton.org/our-members,901-525-2272,,merchant,ACSA merchant; contact via ACSA,Contact for quote,ACSA,https://acsa-cotton.org/our-members
Colly Commodities Inc,Memphis,TN,,https://acsa-cotton.org/our-members,https://acsa-cotton.org/our-members,901-525-2272,,merchant,ACSA merchant; contact via ACSA,Contact for quote,ACSA,https://acsa-cotton.org/our-members
Commonwealth Gin,Windsor,VA,,https://acsa-cotton.org/our-members,https://acsa-cotton.org/our-members,901-525-2272,,merchant,ACSA; gin & merchant; Virginia cotton; contact via ACSA,Contact for quote,ACSA,https://acsa-cotton.org/our-members
DECA Global LLC,Memphis,TN,,https://acsa-cotton.org/our-members,https://acsa-cotton.org/our-members,901-525-2272,,merchant,ACSA merchant; contact via ACSA,Contact for quote,ACSA,https://acsa-cotton.org/our-members
ECOM USA LLC,Memphis,TN,,https://acsa-cotton.org/our-members,https://acsa-cotton.org/our-members,901-525-2272,,merchant,ACSA merchant; contact via ACSA,Contact for quote,ACSA,https://acsa-cotton.org/our-members
ED & F Man Cotton LLC,Memphis,TN,,https://acsa-cotton.org/our-members,https://acsa-cotton.org/our-members,901-525-2272,,merchant,ACSA merchant; contact via ACSA,Contact for quote,ACSA,https://acsa-cotton.org/our-members
Farmcot,New York,NY,https://www.farmcotinc.com/,https://www.farmcotinc.com/,https://www.farmcotinc.com/contact,,,merchant,US cotton; sources from American farmers; contact form on website,Contact for quote,web,https://www.farmcotinc.com/
Goetz & Sons Inc,Memphis,TN,,https://acsa-cotton.org/our-members,https://acsa-cotton.org/our-members,901-525-2272,,merchant,ACSA merchant; contact via ACSA,Contact for quote,ACSA,https://acsa-cotton.org/our-members
Hang Tung Resources (USA) Co Ltd,Memphis,TN,,https://acsa-cotton.org/our-members,https://acsa-cotton.org/our-members,901-525-2272,,merchant,ACSA merchant; contact via ACSA,Contact for quote,ACSA,https://acsa-cotton.org/our-members
Jess Smith & Sons Cotton Inc,Bakersfield,CA,,https://acsa-cotton.org/our-members,https://acsa-cotton.org/our-members,901-525-2272,,merchant,ACSA; WCSA; California cotton; contact via ACSA,Contact for quote,ACSA,https://acsa-cotton.org/our-members
Louis Dreyfus Company,Memphis,TN,https://www.ldc.com/us/en/who-we-are/business-lines/cotton/,https://www.ldc.com/,https://www.ldc.com/us/en/our-facilities/west-memphis-ar/contact-us-west-memphis-ar/,901-383-5000,datateam@ldc.com,merchant,ACSA merchant; global commodities; Cordova TN office,Contact for quote,ACSA,https://acsa-cotton.org/our-members
Lyons Cotton Inc,Memphis,TN,,https://acsa-cotton.org/our-members,https://acsa-cotton.org/our-members,901-525-2272,,merchant,ACSA merchant; contact via ACSA,Contact for quote,ACSA,https://acsa-cotton.org/our-members
MemTex Cotton Marketing LLC,Memphis,TN,,https://acsa-cotton.org/our-members,https://acsa-cotton.org/our-members,901-525-2272,,merchant,ACSA merchant; contact via ACSA,Contact for quote,ACSA,https://acsa-cotton.org/our-members
Olam Agri Americas Inc,Memphis,TN,,https://acsa-cotton.org/our-members,https://acsa-cotton.org/our-members,901-525-2272,,merchant,ACSA merchant; contact via ACSA,Contact for quote,ACSA,https://acsa-cotton.org/our-members
Old Blue Cotton Company Inc,Bakersfield,CA,,https://acsa-cotton.org/our-members,https://acsa-cotton.org/our-members,901-525-2272,,merchant,ACSA; WCSA; California cotton; contact via ACSA,Contact for quote,ACSA,https://acsa-cotton.org/our-members
Omnicotton Inc,Memphis,TN,,https://acsa-cotton.org/our-members,https://acsa-cotton.org/our-members,901-525-2272,,merchant,ACSA merchant; contact via ACSA,Contact for quote,ACSA,https://acsa-cotton.org/our-members
Terra Nova Commodities LLC,Memphis,TN,,https://acsa-cotton.org/our-members,https://acsa-cotton.org/our-members,901-525-2272,,merchant,ACSA merchant; contact via ACSA,Contact for quote,ACSA,https://acsa-cotton.org/our-members
Toyo Cotton Company,Memphis,TN,,https://acsa-cotton.org/our-members,https://acsa-cotton.org/our-members,901-525-2272,,merchant,ACSA merchant; contact via ACSA,Contact for quote,ACSA,https://acsa-cotton.org/our-members
Toyoshima International America Inc,Memphis,TN,,https://acsa-cotton.org/our-members,https://acsa-cotton.org/our-members,901-525-2272,,merchant,ACSA merchant; contact via ACSA,Contact for quote,ACSA,https://acsa-cotton.org/our-members
UNIPET Inc,Memphis,TN,,https://acsa-cotton.org/our-members,https://acsa-cotton.org/our-members,901-525-2272,,merchant,ACSA merchant; contact via ACSA,Contact for quote,ACSA,https://acsa-cotton.org/our-members
Walcot Trading Company LLC,Memphis,TN,,https://acsa-cotton.org/our-members,https://acsa-cotton.org/our-members,901-525-2272,,merchant,ACSA merchant; contact via ACSA,Contact for quote,ACSA,https://acsa-cotton.org/our-members
White Gold Cotton Marketing LLC,Memphis,TN,,https://acsa-cotton.org/our-members,https://acsa-cotton.org/our-members,901-525-2272,,merchant,ACSA merchant; contact via ACSA,Contact for quote,ACSA,https://acsa-cotton.org/our-members
W D Felder & Company,Memphis,TN,,https://acsa-cotton.org/our-members,https://acsa-cotton.org/our-members,901-525-2272,,merchant,ACSA merchant; contact via ACSA,Contact for quote,ACSA,https://acsa-cotton.org/our-members
Choice Cotton Company Inc,Memphis,TN,,https://acsa-cotton.org/our-members,https://acsa-cotton.org/our-members,901-525-2272,,primary_buyer,ACSA; mill service; contact via ACSA,Contact for quote,ACSA,https://acsa-cotton.org/our-members
East Cotton Company,Memphis,TN,,https://acsa-cotton.org/our-members,https://acsa-cotton.org/our-members,901-525-2272,,primary_buyer,ACSA; mill service; contact via ACSA,Contact for quote,ACSA,https://acsa-cotton.org/our-members
Globalexim LLC,Memphis,TN,,https://acsa-cotton.org/our-members,https://acsa-cotton.org/our-members,901-525-2272,,primary_buyer,ACSA; mill service; contact via ACSA,Contact for quote,ACSA,https://acsa-cotton.org/our-members
Indigo Ag,Memphis,TN,,https://acsa-cotton.org/our-members,https://acsa-cotton.org/our-members,901-525-2272,,primary_buyer,ACSA; ag tech; contact via ACSA,Contact for quote,ACSA,https://acsa-cotton.org/our-members
J G Boswell Company,Corcoran,CA,,https://acsa-cotton.org/our-members,https://acsa-cotton.org/our-members,901-525-2272,,primary_buyer,ACSA; WCSA; California grower/processor; contact via ACSA,Contact for quote,ACSA,https://acsa-cotton.org/our-members
Jabbour Cotton Company LLC,Memphis,TN,,https://acsa-cotton.org/our-members,https://acsa-cotton.org/our-members,901-525-2272,,primary_buyer,ACSA; mill service; contact via ACSA,Contact for quote,ACSA,https://acsa-cotton.org/our-members
Loeb and Company Inc,Memphis,TN,,https://acsa-cotton.org/our-members,https://acsa-cotton.org/our-members,901-525-2272,,primary_buyer,ACSA; mill service; contact via ACSA,Contact for quote,ACSA,https://acsa-cotton.org/our-members
McMeekin Cotton LLC,Memphis,TN,,https://acsa-cotton.org/our-members,https://acsa-cotton.org/our-members,901-525-2272,,primary_buyer,ACSA; mill service; contact via ACSA,Contact for quote,ACSA,https://acsa-cotton.org/our-members
New Hope AgriServices LLC,Memphis,TN,,https://acsa-cotton.org/our-members,https://acsa-cotton.org/our-members,901-525-2272,,primary_buyer,ACSA; mill service; contact via ACSA,Contact for quote,ACSA,https://acsa-cotton.org/our-members
Nunn Cotton Company Inc,Memphis,TN,,https://acsa-cotton.org/our-members,https://acsa-cotton.org/our-members,901-525-2272,,primary_buyer,ACSA; mill service; contact via ACSA,Contact for quote,ACSA,https://acsa-cotton.org/our-members
Plainsman Cotton Company,Memphis,TN,,https://acsa-cotton.org/our-members,https://acsa-cotton.org/our-members,901-525-2272,,primary_buyer,ACSA; mill service; contact via ACSA,Contact for quote,ACSA,https://acsa-cotton.org/our-members
Wildwood Cotton Technologies,Memphis,TN,,https://acsa-cotton.org/our-members,https://acsa-cotton.org/our-members,901-525-2272,,primary_buyer,ACSA; mill service; contact via ACSA,Contact for quote,ACSA,https://acsa-cotton.org/our-members
Bridgeforth Cotton,Tanner,AL,https://www.bridgeforthcotton.net/,https://www.bridgeforthcotton.net/,https://www.bridgeforthcotton.net/,,,direct_sale,"Bridgeforth Farms; sheets, towels, apparel; Target, Victoria's Secret partner",See website,web,https://www.bridgeforthcotton.net/
Magnolia Loom,Sandersville,GA,https://www.magnolialoom.com/,https://www.magnolialoom.com/,https://www.magnolialoom.com/,,,direct_sale,T-shirts; contracts GA growers $1/lb; QR traces to farm; 100% USA; shop online,See website,web,https://www.magnolialoom.com/
HomeGrown Cotton,Memphis,TN,https://homegrowncotton.us/,https://homegrowncotton.us/,https://homegrowncotton.us/contact-us,,NAsales@himatsingka.com,direct_sale,"50 family farms; sheets, towels, denim; SigNature T® verification",See website,web,https://homegrowncotton.us/
Harvest & Mill,Los Angeles,CA,https://harvestandmill.com/,https://harvestandmill.com/,https://harvestandmill.com/,,hello@harvestandmill.com,direct_sale,Organic cotton; grown & sewn USA; farm traceability,See website,web,https://harvestandmill.com/
grown&sewn,New York,NY,https://www.grownandsewn.com/,https://www.grownandsewn.com/,https://www.grownandsewn.com/,917-686-2964,info@grownandsewn.com,direct_sale,Made in USA cotton; traceable supply chain,See website,web,https://www.grownandsewn.com/
Imogene + Willie (The Cotton Project),Nashville,TN,https://www.imogeneandwillie.com/,https://www.imogeneandwillie.com/,https://imogeneandwillie.com/pages/contact,615-292-5005,,direct_sale,Traceable t-shirt; Larkin Martin AL + Hill Spinning NC; ~400 mi supply chain,See website,web,https://www.imogeneandwillie.com/
Shuford Yarns LLC,Hickory,NC,https://www.shufordyarns.com/,https://www.shufordyarns.com/,https://www.shufordyarns.com/contact-us/,828-324-4265,info@shufordyarns.com,mill,Cotton & synthetic yarns; EFS licensee,Contact for quote,CottonWorks/EFS,https://cottonworks.com/sourcing/find-us-suppliers/
Parkdale Mills,Gastonia,NC,https://www.parkdalemills.com/,https://www.parkdalemills.com/,https://www.parkdalemills.com/contact/,800-331-1843,sales@parkdalemills.com,mill,World's leading spun yarn manufacturer; EFS licensee,Contact for quote,CottonWorks/EFS,https://cottonworks.com/sourcing/find-us-suppliers/
Buhler Quality Yarns Corp,Jefferson,GA,https://www.buhleryarns.com/,https://www.buhleryarns.com/,https://www.buhleryarns.com/,706-367-9834,,mill,Supima cotton combed ring spun; EFS licensee,Contact for quote,CottonWorks/EFS,https://cottonworks.com/sourcing/find-us-suppliers/
Gildan,Sanford,NC,https://www.gildancorp.com/,https://www.gildancorp.com/,https://gildancorp.com/en/other/contact/,877-445-3265,,mill,Apparel; EFS licensee; USA Printwear sales,Contact for quote,CottonWorks/EFS,https://cottonworks.com/sourcing/find-us-suppliers/
Cone Denim LLC,Greensboro,NC,https://conedenim.com/,https://conedenim.com/,https://conedenim.com/contact/,336-379-6165,,mill,Largest denim producer; EFS licensee,Contact for quote,CottonWorks/EFS,https://cottonworks.com/sourcing/find-us-suppliers/
Inman Mills,Inman,SC,https://www.inmanmills.com/,https://www.inmanmills.com/,https://www.inmanmills.com/contact/,864-472-2121,,mill,Cotton fabrics; EFS licensee,Contact for quote,CottonWorks/EFS,https://cottonworks.com/sourcing/find-us-suppliers/
Milliken & Company,Spartanburg,SC,https://www.milliken.com/,https://www.milliken.com/,https://www.milliken.com/en-us/textiles/contact-us,864-503-2020,,mill,Textiles; EFS licensee,Contact for quote,CottonWorks/EFS,https://cottonworks.com/sourcing/find-us-suppliers/
Hill Spinning,Thomasville,NC,https://hillspinning.com/,https://hillspinning.com/,https://hillspinning.com/,336-472-7908,,mill,Combed & carded ring-spun; organic cotton; AMS EAATM participant,Contact for quote,CottonWorks/EFS,https://cottonworks.com/sourcing/find-us-suppliers/
Patrick Yarn Mills,Kings Mountain,NC,https://patrickyarns.com/,https://patrickyarns.com/,https://patrickyarns.com/,704-739-4119,,mill,"Cotton, synthetic, specialty yarns; closing Dec 2025 (Coats Group)",Contact for quote,CottonWorks/EFS,https://cottonworks.com/sourcing/find-us-suppliers/
Cap Yarns,Clover,SC,https://www.capyarns.com/,https://www.capyarns.com/,https://www.capyarns.com/,803-222-8856,,mill,"Novelty heather, cationic cotton; AMS EAATM participant",Contact for quote,CottonWorks/EFS,https://cottonworks.com/sourcing/find-us-suppliers/
Frontier Yarns,Sanford,NC,https://www.frontieryarns.com/,https://www.frontieryarns.com/,https://www.gildancorp.com/en/other/contact/,919-776-9940,,mill,Open-end and air-jet spun; Gildan subsidiary; AMS EAATM participant,Contact for quote,CottonWorks/EFS,https://cottonworks.com/sourcing/find-us-suppliers/
Keer America,Indian Land,SC,https://keeramerica.com/,https://keeramerica.com/,https://keeramerica.com/,803-835-1110,info@keeramerica.com,mill,Open-end spun; AMS EAATM participant,Contact for quote,CottonWorks/EFS,https://cottonworks.com/sourcing/find-us-suppliers/
SpunLab,Gastonia,NC,https://spunlab.com/,https://spunlab.com/,https://spunlab.com/,800-374-6754,,us_supplier,Parkdale division; CottonWorks spinner,Contact for quote,CottonWorks,https://cottonworks.com/sourcing/find-us-suppliers/
Cotswold Industries / Central Textiles,Central,SC,https://ctextiles.com/,https://ctextiles.com/,https://ctextiles.com/,864-639-2491,inquiry@ctextiles.com,us_supplier,Spinner/weaver; CottonWorks; Cotswold NY 212-689-3432,Contact for quote,CottonWorks,https://cottonworks.com/sourcing/find-us-suppliers/
Greenwood Mills,Greenwood,SC,https://greenwoodmills.com/,https://greenwoodmills.com/,https://greenwoodmills.com/,864-229-2571,,us_supplier,"Armed Forces uniforms, industrial; CottonWorks",Contact for quote,CottonWorks,https://cottonworks.com/sourcing/find-us-suppliers/
1888 Mills,Griffin,GA,https://1888mills.com/,https://1888mills.com/,https://1888mills.com/,770-229-2361,b2bsitesupport@1888mills.com,us_supplier,"Terry/toweling, sheeting; CottonWorks weaver",Contact for quote,CottonWorks,https://cottonworks.com/sourcing/find-us-suppliers/
American Merchant,Bristol,VA,https://americanmerchantusa.com/,https://americanmerchantusa.com/,https://americanmerchantusa.com/contact/,,,us_supplier,"Home, Terry; CottonWorks weaver",Contact for quote,CottonWorks,https://cottonworks.com/sourcing/find-us-suppliers/
DNA Technical Fabrics,Columbus,GA,https://dnatechfab.com/,https://dnatechfab.com/,https://www.dnatechfab.com/,706-565-3344,,us_supplier,Technical and industrial; CottonWorks weaver,Contact for quote,CottonWorks,https://cottonworks.com/sourcing/find-us-suppliers/
Family Heir-Loom Weavers,Red Lion,PA,https://familyheirloomweavers.com/,https://familyheirloomweavers.com/,https://www.familyheirloomweavers.com/contact,717-246-2431,info@familyheirloomweavers.com,us_supplier,Home; CottonWorks weaver,Contact for quote,CottonWorks,https://cottonworks.com/sourcing/find-us-suppliers/
Fancy Terry,Inman,SC,https://fancyterry.com/,https://fancyterry.com/,https://fancyterry.com/contact/,864-472-7965,cindy@fancyterryinc.com,us_supplier,"Home, Jacquard, Terry; CottonWorks weaver",Contact for quote,CottonWorks,https://cottonworks.com/sourcing/find-us-suppliers/
Hamrick Mills,Gaffney,SC,https://hamrickmills.com/,https://hamrickmills.com/,https://hamrickmills.com/contact/,800-297-6306,JHopkins@HamrickMills.com,us_supplier,"Apparel, home, industrial; CottonWorks weaver; sales 864-487-6283",Contact for quote,CottonWorks,https://cottonworks.com/sourcing/find-us-suppliers/
HomeTex Incorporated,Cullman,AL,https://homtex.com/,https://homtex.com/,https://www.homtex.com/contact-us.php,256-734-3937,info@homtex.com,us_supplier,"Home, PPE; CottonWorks weaver",Contact for quote,CottonWorks,https://cottonworks.com/sourcing/find-us-suppliers/
Huston Textiles Co.,Mather,CA,https://hustontextile.com/,https://hustontextile.com/,https://hustontextile.com/contact/,916-546-5001,support@hustontextile.com,us_supplier,"Apparel, Denim; CottonWorks weaver",Contact for quote,CottonWorks,https://cottonworks.com/sourcing/find-us-suppliers/
J.B. Martin Company,Leesville,SC,https://jbmartin.com/,https://jbmartin.com/,https://jbmartin.com/about/locations-distribution/,803-532-6277,,us_supplier,"Apparel, Home, Terry, Velvet; CottonWorks weaver",Contact for quote,CottonWorks,https://cottonworks.com/sourcing/find-us-suppliers/
La France Industries,La France,SC,https://lafranceindustries.com/,https://lafrancefabrics.com/,https://lafrancefabrics.com/contact-us/,864-646-4115,,us_supplier,"Industrial, Automotive; CottonWorks weaver",Contact for quote,CottonWorks,https://cottonworks.com/sourcing/find-us-suppliers/
Loom Craft Inc.,Belton,SC,https://loomcraftinc.com/,https://loomcraftinc.com/,https://www.loomcraftinc.com/contact/,864-839-3974,info@weavetec.com,us_supplier,"Home, Jacquard, Terry; CottonWorks weaver; Weavetec product line",Contact for quote,CottonWorks,https://cottonworks.com/sourcing/find-us-suppliers/
Mount Vernon Mills,Mauldin,SC,https://mvmills.com/,https://mvmills.com/,https://www.mvmills.com/contact-us/,864-688-7100,,us_supplier,"Apparel, Denim, Industrial; CottonWorks weaver",Contact for quote,CottonWorks,https://cottonworks.com/sourcing/find-us-suppliers/
Sattler Corp,Hudson,NC,https://usa.sattler.com/,https://usa.sattler.com/,https://usa.sattler.com/home,828-759-2105,,us_supplier,"Home (Outdoor), Marine, Jacquard; CottonWorks weaver; Outdura brand",Contact for quote,CottonWorks,https://cottonworks.com/sourcing/find-us-suppliers/
SSM Industries,Spring City,TN,https://ssmind.com/,https://ssmind.com/,https://ssmind.com/,423-365-4048,,us_supplier,"Apparel, Uniforms; CottonWorks weaver",Contact for quote,CottonWorks,https://cottonworks.com/sourcing/find-us-suppliers/
Swavelle Mill Creek,New York,NY,https://swavelle.com/,https://swavelle.com/,https://www.swavelle.com/contact-us/,800-544-0478,customerservice@swavelle.com,us_supplier,"Home, Terry, Velvet; CottonWorks weaver",Contact for quote,CottonWorks,https://cottonworks.com/sourcing/find-us-suppliers/
"Valdese Weavers, LLC",Valdese,NC,https://valdeseweavers.com/,https://valdeseweavers.com/,https://www.valdeseweavers.com/contact-us/,828-874-2181,info@valdeseweavers.com,us_supplier,"Home, Jacquard, Healthcare; CottonWorks weaver",Contact for quote,CottonWorks,https://cottonworks.com/sourcing/find-us-suppliers/
"Weavetec, Inc.",Blacksburg,SC,https://weavetec.com/,https://weavetec.com/,https://www.weavetec.com/contact-us/,864-839-3974,info@weavetec.com,us_supplier,"Home, Jacquard, Specialty, Industrial; CottonWorks weaver",Contact for quote,CottonWorks,https://cottonworks.com/sourcing/find-us-suppliers/
Tuscarora Mills,Bedford,PA,https://tuscaroramills.com/,https://tuscaroramills.com/,https://tuscaroramills.com/contact-us/,814-285-8594,tuscamills@gmail.com,mill,"USDA organic cotton fabrics; basketweave, dimity, twill, selvedge denim; established 2020",See website,web,https://tuscaroramills.com/
Spiritex,Asheville,NC,https://fabric.spiritex.net/,https://fabric.spiritex.net/,https://wholesale.spiritex.net/,,sales@spiritex.net,mill,"100% USA-grown organic cotton; spun, knit, finished domestically; interlock, fleece, jersey, French terry",See website,web,https://fabric.spiritex.net/
Koshtex,Los Angeles,CA,https://www.koshtex.com/,https://www.koshtex.com/,https://www.koshtex.com/,,koshtexinc@gmail.com,mill,Cotton jersey knit milled in USA; wholesale fabric,See website,web,https://www.koshtex.com/
Delta Apparel,Duluth,GA,https://www.deltaapparelinc.com/,https://www.deltaapparelinc.com/,https://www.deltaapparelinc.com/contact,864-232-5200,,apparel_manufacturer,"100% US cotton lines; Delta Ring-Spun, Delta Soft; USA facilities in NC; CottonWorks knitter",Contact for quote,CottonWorks,https://cottonworks.com/sourcing/find-us-suppliers/
Beverly Knits,Gastonia,NC,https://www.beverlyknits.com/,https://www.beverlyknits.com/,https://www.beverlyknits.com/contact,704-861-1536,info@beverlyknits.com,apparel_manufacturer,"Largest US circular knitter; cotton & synthetic; 450K sq ft; apparel, bedding, industrial; CottonWorks",Contact for quote,CottonWorks,https://cottonworks.com/sourcing/find-us-suppliers/
Stitch K,Los Angeles,CA,https://www.stitchk.com/,https://www.stitchk.com/,https://www.stitchk.com/,323-325-7568,,cut_and_sew,"Knits, Apparel; Cotton Inc cut & sew",Contact for quote,Cotton Incorporated,https://www.cottoninc.com/quality-products/textile-sourcing/cut-and-sew/
First Avenue Manufacturing,Thomson,GA,https://www.usa-linens.com/,https://www.usa-linens.com/,https://www.usa-linens.com/,678-392-1432,,cut_and_sew,"Home, Hospital; bed linens, custom sizes; Cotton Inc cut & sew",Contact for quote,Cotton Incorporated,https://www.cottoninc.com/quality-products/textile-sourcing/cut-and-sew/
Topps Safety Apparel Inc,Rochester,IN,https://www.toppssafetyapparel.com/,https://www.toppssafetyapparel.com/,https://www.toppssafetyapparel.com/,574-223-4311,,cut_and_sew,"Wovens, Denim, Apparel, Uniforms; Cotton Inc cut & sew",Contact for quote,Cotton Incorporated,https://www.cottoninc.com/quality-products/textile-sourcing/cut-and-sew/
JOMEL Seams Reasonable,Hillside,NJ,https://jomel.net/,https://jomel.net/,https://jomel.net/,973-282-0300,,cut_and_sew,"Apparel, Home, PPE, Uniforms, Military, Hospital; KY & NJ facilities; Cotton Inc cut & sew",Contact for quote,Cotton Incorporated,https://www.cottoninc.com/quality-products/textile-sourcing/cut-and-sew/
Fire-Dex,Medina,OH,https://www.firedex.com/,https://www.firedex.com/,https://www.firedex.com/,330-723-0000,,cut_and_sew,"Wovens, Denim, CMT, Apparel, Uniforms; fire/rescue gear; Cotton Inc cut & sew",Contact for quote,Cotton Incorporated,https://www.cottoninc.com/quality-products/textile-sourcing/cut-and-sew/
Excel Manufacturing,El Paso,TX,https://www.excelmfg.net/,https://www.excelmfg.net/,https://www.excelmfg.net/,915-544-0126,,cut_and_sew,"Wovens, Denim, Apparel, Uniforms; dyehouse, washhouse; Cotton Inc cut & sew",Contact for quote,Cotton Incorporated,https://www.cottoninc.com/quality-products/textile-sourcing/cut-and-sew/
Sarah Lynn Sportswear Inc,Allentown,PA,https://www.slsportswear.com/,https://www.slsportswear.com/,https://www.slsportswear.com/,610-770-1702,,cut_and_sew,"Knits, CMT, Apparel, Uniforms; Cotton Inc cut & sew",Contact for quote,Cotton Incorporated,https://www.cottoninc.com/quality-products/textile-sourcing/cut-and-sew/
Monalisa Manufacturing,Allentown,PA,https://www.monalisamfg.com/,https://www.monalisamfg.com/,https://www.monalisamfg.com/,610-770-0806,,cut_and_sew,"Knits, Wovens, Apparel; Cotton Inc cut & sew",Contact for quote,Cotton Incorporated,https://www.cottoninc.com/quality-products/textile-sourcing/cut-and-sew/
Lebanon Apparel Corporation (LA CORP),Lebanon,VA,https://www.lacorpusa.com/,https://www.lacorpusa.com/,https://www.lacorpusa.com/,276-889-3656,,cut_and_sew,"Knits, Wovens, Denim, Apparel, Home, Uniforms; Cotton Inc cut & sew",Contact for quote,Cotton Incorporated,https://www.cottoninc.com/quality-products/textile-sourcing/cut-and-sew/
Topwin Corporation (Global Point GPI),Torrance,CA,https://topwin.com/,https://topwin.com/,https://topwin.com/,310-325-2255,,cut_and_sew,"Knits, Wovens, CMT; Cotton Inc cut & sew",Contact for quote,Cotton Incorporated,https://www.cottoninc.com/quality-products/textile-sourcing/cut-and-sew/
American Giant,San Francisco,CA,https://www.american-giant.com/,https://www.american-giant.com/,https://www.american-giant.com/collections/cotton,415-529-2429,service@american-giant.com,cut_and_sew,"USA cotton hoodies, tees, activewear; cotton grown near NC facility; DTC brand",See website,web,https://www.american-giant.com/pages/usa-cotton
US Blanks,Gardena,CA,https://usblanks.net/,https://usblanks.net/,https://usblanks.net/pages/wholesale-application,310-225-6774,info@usblanks.com,cut_and_sew,100% USA-made; fabric at partner mill + in-house cut/sew; cotton & blends; wholesale; FL 321-253-3626,Wholesale; apply for account,web,https://usblanks.net/
Cut and Sew Co,Santa Ana,CA,https://cutandsewco.com/,https://cutandsewco.com/,https://cutandsewco.com/our-services/,714-981-7244,info@cutandsewco.com,cut_and_sew,"Design, fabric sourcing, cut/sew, QC; startups to multinationals; can source USA cotton",Contact for quote,web,https://cutandsewco.com/
Seam Apparel,Charlotte,NC,https://seamapparel.com/,https://seamapparel.com/,https://seamapparel.com/contact-us/,323-925-2859,sales@seamapparel.com,cut_and_sew,"Cut & sew; small-batch to scale; pattern, sample, production; Charlotte & LA",Contact for quote,web,https://seamapparel.com/
Apparel USA Inc,Fairmont,NC,https://apparelusa.co/,https://apparelusa.co/,https://apparelusa.co/,,,cut_and_sew,"Men's dress/sport shirts; cotton oxford, twill, poplin, flannel; pattern, embroidery, wash; 3-wk turnaround",Contact for quote,web,https://apparelusa.co/
Spiritex,Asheville,NC,https://wholesale.spiritex.net/,https://wholesale.spiritex.net/,https://wholesale.spiritex.net/,,sales@spiritex.net,cut_and_sew,"Organic cotton wholesale apparel; TX-grown, Carolinas spun/knit/finished; men's, women's, kids; printing; low MOQ",Wholesale; see website,web,https://wholesale.spiritex.net/
California Textile Group,Los Angeles,CA,https://californiatextilegroup.com/,https://californiatextilegroup.com/,https://californiatextilegroup.com/pages/contact-us,213-765-0555,aimee@californiagroupinc.com,cut_and_sew,"Woman-owned; 30+ yrs; circular knits, cut-and-sew; fabric to finished; gov/military compliance",Contact for quote,web,https://californiatextilegroup.com/
Goodwear USA,Essex,MA,https://www.goodwear.com/,https://www.goodwear.com/,https://www.goodwear.com/pages/wholesale-inquiries,800-338-8895,sales@goodwear.com,cut_and_sew,"38+ yrs; 100% USA cotton field-to-garment; third-party verified; private label, full package",Wholesale; resale ID required,web,https://www.goodwear.com/
All USA Clothing,Keego Harbor,MI,https://allusaclothing.com/,https://allusaclothing.com/,https://allusaclothing.com/wholesale-account.html,877-549-8721,info@allusaclothing.com,cut_and_sew,"Wholesale USA-made brands (American Apparel, Carhartt); customization, private label",Wholesale; apply for account,web,https://allusaclothing.com/
Prime Blanks,California,CA,https://primeblanks.com/,https://primeblanks.com/,https://primeblanks.com/get-quote,,usamade@primeblanks.com,cut_and_sew,"USA-made custom & bulk blank t-shirts; cotton, hemp, recycled; CA facility; fast turnaround",Contact for quote,web,https://primeblanks.com/
Volunteer Knit Apparel Inc,New Tazewell,TN,https://www.volunteer-knitwear.com/,https://www.volunteer-knitwear.com/,https://www.volunteer-knitwear.com/,423-626-7886,nora@volknit.com,cut_and_sew,"Family-owned since 1986; knit, bleach, cut, sew, pack; retail, private label, US Military",Contact for quote,CottonWorks,https://cottonworks.com/sourcing/find-us-suppliers/
JOMEL Seams Reasonable (Burkesville),Burkesville,KY,https://jomel.net/,https://jomel.net/,https://jomel.net/,270-864-3898,,cut_and_sew,"Apparel, Home, PPE, Uniforms, Military; Cotton Inc cut & sew",Contact for quote,Cotton Incorporated,https://www.cottoninc.com/quality-products/textile-sourcing/cut-and-sew/
Rally Apparel Co-Op,Sandersville,GA,https://www.rallyapparelco-op.com/,https://www.rallyapparelco-op.com/,https://www.rallyapparelco-op.com/contact,478-553-1919,info@rallyapparelco-op.com,cut_and_sew,"30+ yrs; 100% Made in America; athletic wear, USA cotton; cut/sew, garment dye, sublimation",Contact for quote,web,https://www.rallyapparelco-op.com/
Lydia Design Studio,Atlanta,GA,https://www.lydiadesignstudio.com/,https://www.lydiadesignstudio.com/,https://www.lydiadesignstudio.com/clothing-manufacturer,470-514-5696,,cut_and_sew,"Made in USA; cut-and-sew MOQ 45; design, sampling, production; tees, leggings, jeans, hoodies",Contact for quote,web,https://www.lydiadesignstudio.com/
FAM USA,Snellville,GA,https://famusa.co/,https://famusa.co/,https://famusa.co/services/cut-sew/,770-982-9913,sales@famusa.co,cut_and_sew,"Turn-key cut & sew; dye sublimation; athletic, corporate; no minimums; 4-wk lead",Contact for quote,web,https://famusa.co/
Muscogee Mills,Columbus,GA,https://www.muscogeemills.com/,https://www.muscogeemills.com/,https://www.muscogeemills.com/contact-us,706-294-1738,customerservice@muscogeemills.com,cut_and_sew,"Since 1968; cut & sew, sourcing, warehousing; domestic textile",Contact for quote,web,https://www.muscogeemills.com/
The Lab Factory ATL,Atlanta,GA,https://thelabfactoryatl.com/,https://thelabfactoryatl.com/,https://thelabfactoryatl.com/pages/cut-sew,470-783-2258,info@thelabfactoryatl.com,cut_and_sew,"Cut & sew, DTF, embroidery, sublimation; concept to creation 90 days",Contact for quote,web,https://thelabfactoryatl.com/
Boxercraft,Mableton,GA,https://boxercraft.com/,https://boxercraft.com/,https://wholesale.boxercraft.com/,888-717-1985,customersuccess@boxercraft.com,cut_and_sew,NCTO member; wholesale apparel; custom blanks,Contact for quote,NCTO,https://ncto.org/
Newport Cut and Sew Services,Costa Mesa,CA,https://www.newportcutandsew.com/,https://www.newportcutandsew.com/,https://www.newportcutandsew.com/contact-us,,nas@newportcutandsew.com,cut_and_sew,"50-2,000 units/style; pattern, grading, fit, sampling; Makers Row",Contact for quote,web,https://www.newportcutandsew.com/
Higgins Sewing and Manufacturing,Lineville,AL,https://higgins-sewing-and-manufacturing-inc-al.hub.biz/,,,256-396-2704,,cut_and_sew,"Embroidery, contract sewing, screen print; full cut & sew; 15+ yrs",Contact for quote,web,https://app.makersrow.com/
Jones Sportswear Company,Birmingham,AL,https://jonessportswearonline.com/,https://jonessportswearonline.com/,https://www.jonestshirts.com/pages/contact,205-326-6264,jonessportswear@gmail.com,cut_and_sew,"Family-owned since 1979; screen print, embroidery; custom apparel",Contact for quote,web,https://jonessportswearonline.com/
MFG Merch,Jacksonville,FL,https://mfgmerch.com/,https://mfgmerch.com/,https://mfgmerch.com/contact/,904-677-9505,info@mfgmerch.com,cut_and_sew,"Full-service cut & sew; screen print, embroidery; custom apparel",Contact for quote,web,https://mfgmerch.com/
Sew It All Miami,Miami,FL,https://sewitallmiami.com/,https://sewitallmiami.com/,https://sewitallmiami.com/get-a-quote/,305-339-0085,info@sewitallmiami.com,cut_and_sew,"Embroidery, screen print, DTG; custom apparel",Contact for quote,web,https://sewitallmiami.com/
Made X Hudson,Catskill,NY,https://madexhudson.com/,https://madexhudson.com/,https://madexhudson.com/pages/contact,518-203-3696,shop@madexhudson.com,cut_and_sew,Non-profit factory; cut-and-sew wovens; MOQ 20; 1-2 wk sampling,Contact for quote,web,https://www.makersrow.com/
Apparel Production Inc,New York,NY,https://apparelproductionny.com/,https://apparelproductionny.com/,https://apparelproductionny.com/contact,212-278-8362,teddyapparelprod@aol.com,cut_and_sew,Since 1947; 75 operators; 125 min/style; Garment District,Contact for quote,web,https://apparelproductionny.com/
Carina NY,New York,NY,https://www.carina-ny.com/,https://www.carina-ny.com/,https://www.carina-ny.com/contact,917-302-1894,paula@carina-ny.com,cut_and_sew,"Since 1996; leather, denim, cotton; MOQ 50; Garment District",Contact for quote,web,https://www.carina-ny.com/
Triple Stitch NYC,New York,NY,https://www.triplestitch.nyc/,https://www.triplestitch.nyc/,https://www.triplestitch.nyc/,,,cut_and_sew,"33+ yrs; USA cut & sew; fabric sourcing, pattern, sample; knit & woven",Contact for quote,web,https://www.triplestitch.nyc/
NYC Factory Inc,New York,NY,https://nycfactoryinc.com/,https://nycfactoryinc.com/,https://nycfactoryinc.com/pages/contact,212-302-4673,sales@nycfactoryinc.com,cut_and_sew,"100 min/design; product dev, sampling, production; Garment District",Contact for quote,web,https://nycfactoryinc.com/
Prange Apparel,Nashville,TN,https://www.prangeapparel.com/,https://www.prangeapparel.com/,https://www.prangeapparel.com/,629-246-0885,hello@prangeapparel.com,cut_and_sew,"Since 2013; women's boutique; MOQ 25; 6K sq ft; pattern, cut, sew in-house",Contact for quote,web,https://www.prangeapparel.com/
Nevear,Nashville,TN,https://nevear.com/,https://nevear.com/,https://nevear.com/contact-us/,248-605-5457,,cut_and_sew,"Since 2008; MOQ 100; 2-wk prototype; cut & sew, private label",Contact for quote,web,https://nevear.com/
Borah Teamwear,Coon Valley,WI,https://borahteamwear.com/,https://borahteamwear.com/,https://borahteamwear.com/get-started/,800-354-2825,,cut_and_sew,"Since 1997; cycling, skiing, triathlon; handcrafted WI; lifetime warranty",Contact for quote,web,https://borahteamwear.com/
Clothier Design Source,St Paul,MN,https://www.clothierdesignsource.com/,https://www.clothierdesignsource.com/,https://www.clothierdesignsource.com/contact-us,651-225-8025,,cut_and_sew,"Since 2006; 35+ workers; athletic, medical, children's; in-house",Contact for quote,web,https://www.clothierdesignsource.com/
K1 Sportswear,Cloquet,MN,https://www.k1sportswear.com/,https://www.k1sportswear.com/,https://www.k1sportswear.com/,800-345-0028,sales@k1sportswear.com,cut_and_sew,"Since 1987; hockey, baseball, lacrosse; jerseys, socks",Contact for quote,web,https://www.k1sportswear.com/
Fourbital Factory,Burlington,VT,https://www.fourbitalfactory.com/,https://www.fourbitalfactory.com/,https://www.fourbitalfactory.com/contact-us,802-622-1572,info@fourbitalfactory.com,cut_and_sew,USA beanies; low MOQ; Burlington; sustainable,Contact for quote,web,https://www.fourbitalfactory.com/
Vermont Flannel,,VT,https://www.vermontflannel.com/,https://www.vermontflannel.com/,https://www.vermontflannel.com/pages/wholesale-program,,wholesale@vermontflannel.com,cut_and_sew,"Since 1991; handcrafted flannel; shirts, pants, pullovers; wholesale",Contact for quote,web,https://www.vermontflannel.com/
Whalerknits,Fall River,MA,https://whalerknits.com/,https://whalerknits.com/,https://whalerknits.com/,508-916-6440,,cut_and_sew,"Since 1975; 100% cotton sweaters, hats, blankets; USA-made",Contact for quote,web,https://whalerknits.com/
Commonwealth,Burlington,VT,https://wearcommonwealth.com/,https://wearcommonwealth.com/,https://wearcommonwealth.com/,,,cut_and_sew,"100% organic cotton hoodies, tees; wool pennants; fan apparel; USA-made",Contact for quote,web,https://wearcommonwealth.com/
SEAM (Sewing Experts Assembly Manufacturing),Cleveland,OH,https://seamsewing.com/,https://seamsewing.com/,https://seamsewing.com/,,,cut_and_sew,"Since 2017; industrial cut & sew; pattern, prototype, small batch; 30+ yrs exp",Contact for quote,web,https://seamsewing.com/
Cleveland Cut and Sew,Cleveland,OH,https://clevelandcutandsew.com/,https://clevelandcutandsew.com/,https://clevelandcutandsew.com/contact/,216-314-1314,clevelandcutandsew@gmail.com,cut_and_sew,Cut & sew manufacturing; Cleveland,Contact for quote,web,https://clevelandcutandsew.com/
The Sullivan Company,Westerville,OH,https://www.wearbrandmatters.com/,https://www.wearbrandmatters.com/,https://wearbrandmatters.com/contact/,614-898-9971,,cut_and_sew,"Since 1981; screen print, embroidery, DTG; corporate, restaurant uniforms",Contact for quote,web,https://www.wearbrandmatters.com/
Michigan Apparel Manufacturer,,MI,https://michiganapparelmanufacturer.com/,https://michiganapparelmanufacturer.com/,https://michiganapparelmanufacturer.com/,,,cut_and_sew,"Small batch; tech pack to production; pattern, sampling, grading",Contact for quote,web,https://michiganapparelmanufacturer.com/
Michigan Fashion Proto,Lansing,MI,https://www.fashionproto.com/,https://www.fashionproto.com/,https://www.fashionproto.com/hire-us,517-367-7066,info@fashionproto.com,cut_and_sew,"MOQ 25; design, pattern, sample, production; 500+ via partners",Contact for quote,web,https://www.fashionproto.com/
ISAIC (Industrial Sewing and Innovation Center),Detroit,MI,https://www.isaic.org/,https://www.isaic.org/,https://www.isaic.org/advanced-manufacturing-solutions,,manufacturing@isaic.org,cut_and_sew,Nonprofit; sustainable apparel; workforce dev; Carhartt Bldg; contract mfg,Contact for quote,web,https://www.isaic.org/
Detroit Apparel Manufacturing,Detroit,MI,https://app.makersrow.com/detroit-apparel-mfg,https://app.makersrow.com/detroit-apparel-mfg,https://app.makersrow.com/detroit-apparel-mfg,,,cut_and_sew,"Small batch; pattern, sample, screen print, embroidery; Makers Row",Contact for quote,web,https://app.makersrow.com/
GIL Sewing Corp,Chicago,IL,https://gilsewing.com/,https://gilsewing.com/,https://gilsewing.com/,773-545-0990,admin@gilsewing.com,cut_and_sew,"Since 1993; women-owned; uniforms, tailored, technical; full package",Contact for quote,web,https://gilsewing.com/
Sonoran Stitch Factory,Tucson,AZ,https://www.sonoranstitch.com/,https://www.sonoranstitch.com/,https://www.sonoranstitch.com/contact-1,520-338-9738,sonoranstitch@gmail.com,cut_and_sew,"50-4K units/mo; design, pattern, prototype, sourcing; outdoor, activewear",Contact for quote,web,https://www.sonoranstitch.com/
Arena Sewing,Phoenix,AZ,https://sewing.arena.com/,https://sewing.arena.com/,https://sewing.arena.com/,855-462-7362,,cut_and_sew,"40+ yrs; tactical, military, medical, industrial; contract cut & sew",Contact for quote,web,https://sewing.arena.com/
Freeride Systems,Leadville,CO,https://www.freeridesystems.com/,https://www.freeridesystems.com/,https://www.freeridesystems.com/contact,719-966-7149,,cut_and_sew,"Since 2010; technical outerwear; fleece, ski; made in CO",Contact for quote,web,https://www.freeridesystems.com/
Corbeaux Clothing,Aspen,CO,https://corbeauxclothing.com/,https://corbeauxclothing.com/,https://corbeauxclothing.com/pages/contact-corbeaux,,info@corbeauxclothing.com,cut_and_sew,"Base layers, adventure apparel; USA-made MN & CO; recycled",Contact for quote,web,https://corbeauxclothing.com/
Colorado Threads,Lakewood,CO,https://coloradothreads.com/,https://coloradothreads.com/,https://coloradothreads.com/pages/contact,,hello@coloradothreads.com,cut_and_sew,"Athletic, outdoor; yoga, tanks, tees, hoodies; USA-made; wholesale",Contact for quote,web,https://coloradothreads.com/
NWT3K,Seattle,WA,https://nwt3k.com/,https://nwt3k.com/,https://nwt3k.com/,,,cut_and_sew,"Ski, snowboard, mountain bike; hand-built Seattle; 2 facilities",Contact for quote,web,https://nwt3k.com/
Coville,Winston-Salem,NC,https://www.covilleinc.com/,https://www.covilleinc.com/,https://www.covilleinc.com/Contact-Coville.html,336-759-0115,info@covilleinc.com,cut_and_sew,"Since 1966; knit fabrics; cut & sew, CMT; full package",Contact for quote,web,https://www.covilleinc.com/
Opportunity Threads,Morganton,NC,https://www.opportunitythreads.com/,https://www.opportunitythreads.com/,https://www.opportunitythreads.com/contact,,,cut_and_sew,"Worker-owned; t-shirts, apparel, pillows, bags; sustainable",Contact for quote,web,https://www.opportunitythreads.com/
North Carolina Sewn,Morganton,NC,https://northcarolinasewn.com/,https://northcarolinasewn.com/,https://northcarolinasewn.com/,828-584-8000,northcarolinasewn@gmail.com,cut_and_sew,"Since 2015; sports uniforms, polos, yoga, medical; 150+ yrs combined exp",Contact for quote,web,https://www.manufacturednc.com/
Integrated Textile Solutions (ITS),Salem,VA,https://www.intextile.com/,https://www.intextile.com/,https://www.intextile.com/contact-us/,540-389-8113,info@intextile.com,cut_and_sew,"Since 1936; Berry-compliant; tactical, military, industrial; DOD",Contact for quote,web,https://www.intextile.com/
American Roots,Westbrook,ME,https://americanrootswear.com/,https://americanrootswear.com/,https://americanrootswear.com/pages/contact-us,207-854-4098,info@americanrootswear.com,cut_and_sew,"10 yrs; 100% USA materials; union-made; hoodies, apparel",Contact for quote,web,https://americanrootswear.com/
ORIGIN,Farmington,ME,https://originusa.com/,https://originusa.com/,https://originusa.com/pages/contact-us,207-860-2626,,cut_and_sew,"Since 2011; workwear, jeans, hoodies, boots; USA-made; Franklin County",Contact for quote,web,https://originusa.com/
Sew Valley,Cincinnati,OH,https://sewvalley.org/,https://sewvalley.org/,https://sewvalley.org/production-services-form,,,cut_and_sew,"Nonprofit; sample dev, small batch 10-100; pattern, prototype; 4-6 wk",Contact for quote,CFDA,https://cfda.com/resources/supply-chain-manufacturing/production-directory
Rightfully Sewn,Kansas City,MO,https://rightfullysewn.org/,https://rightfullysewn.org/,https://rightfullysewn.org/production,816-492-6009,info@rightfullysewn.org,cut_and_sew,Nonprofit; 100-400 or 1000+ units; Navy contract; workforce dev,Contact for quote,CFDA,https://cfda.com/resources/supply-chain-manufacturing/production-directory
Western Carolina Sewing Company (Sew Co),Asheville,NC,https://www.wcsewco.com/,https://www.wcsewco.com/,https://www.wcsewco.com/new-client-application,,hello@wcsewco.com,cut_and_sew,"River Arts District; design studio, urban sewing factory; contract mfg",Contact for quote,CFDA,https://cfda.com/resources/supply-chain-manufacturing/production-directory
Stitch Texas,Austin,TX,https://www.stitchtexas.com/,https://www.stitchtexas.com/,https://www.stitchtexas.com/,512-291-8234,hello@stitchtexas.com,cut_and_sew,"Since 2014; female-owned; pattern, sample, production; domestic & overseas",Contact for quote,CFDA,https://cfda.com/resources/supply-chain-manufacturing/production-directory
The Factory Buffalo,Buffalo,NY,https://thefactorybuffalo.com/,https://thefactorybuffalo.com/,https://thefactorybuffalo.com/contact,716-348-2362,hello@thefactorybuffalo.com,cut_and_sew,"Design, develop, manufacture; cut & sew; contract sewing",Contact for quote,CFDA,https://cfda.com/resources/supply-chain-manufacturing/production-directory
Brilliant You Denim,Greensboro,NC,https://brilliantyoudenim.com/,https://brilliantyoudenim.com/,https://brilliantyoudenim.com/visit-our-facility/,336-343-5535,customercare@brilliantyoudenim.com,cut_and_sew,"Premium jeans; design, manufacture, distribute; shelf ready & custom",Contact for quote,ManufacturedNC,https://www.manufacturednc.com/
Ferrara Manufacturing,Queens,NY,https://ferrara-manufacturing.com/,https://ferrara-manufacturing.com/,https://ferrara-manufacturing.com/,212-643-9292,info@ferraramfg.com,cut_and_sew,"Since 1987; 200+ min; activewear, dresses, denim, tailored; full service",Contact for quote,CFDA,https://cfda.com/resources/supply-chain-manufacturing/production-directory
American Technical Solutions (ATSI),Walkertown,NC,https://www.atsi-online.com/,https://www.atsi-online.com/,https://www.atsi-online.com/contactus.htm,336-595-2763,sales@atsi-online.com,cut_and_sew,"Cut, sew, structure bonding; aviation, automotive, retail; ballistic, pet",Contact for quote,ManufacturedNC,https://www.manufacturednc.com/
Indie Source,Los Angeles,CA,https://indiesource.com/,https://indiesource.com/,https://indiesource.com/,424-200-2027,info@indiesource.com,cut_and_sew,"Since 2011; 200-20K units; design, dev, mfg; downtown LA",Contact for quote,CFDA,https://cfda.com/resources/supply-chain-manufacturing/production-directory
Diamond Apparel,Advance,NC,https://www.diamondgolfshirts.com/,https://www.diamondgolfshirts.com/,https://www.diamondgolfshirts.com/contact-us,,,cut_and_sew,"20 yrs; mock turtlenecks, golf shirts; 100% USA-made NC",Contact for quote,ManufacturedNC,https://www.manufacturednc.com/
Excelsior Sewing LLC,Fletcher,NC,https://excelsiorsewing.business.site/,https://excelsiorsewing.business.site/,,828-398-8056,russ@excelsiorsewing.com,cut_and_sew,"Since 2012; outdoor; tents, tarps, rain gear, hiking; small runs",Contact for quote,ManufacturedNC,https://www.manufacturednc.com/
Fuller Specialty Co,Burlington,NC,https://claycreek.com/,https://claycreek.com/,https://claycreek.com/,336-226-5167,,cut_and_sew,"Since 1944; mesh bags, aprons, duffles, jerseys; screen print",Contact for quote,ManufacturedNC,https://www.manufacturednc.com/
Grace Apparel Company,Asheville,NC,https://www.graceapparel.co/,https://www.graceapparel.co/,https://www.graceapparel.co/create,828-242-8172,info@graceapparel.co,cut_and_sew,"Veteran-owned; custom apparel; screen print, embroidery, DTG",Contact for quote,ManufacturedNC,https://www.manufacturednc.com/
Firefly Studio,Clyde,NC,https://fireflysewing.com/,https://fireflysewing.com/,https://fireflysewing.com/contact,828-593-1075,fireflysewing@icloud.com,cut_and_sew,"Small run contract sewing; knit & woven; prototype, sample",Contact for quote,ManufacturedNC,https://www.manufacturednc.com/
Hawk Distributors Inc,Sanford,NC,https://www.hawkdistributors.com/,https://www.hawkdistributors.com/,https://www.hawkdistributors.com/contact-us/,888-334-1307,sales@hawkdistributors.com,cut_and_sew,"Veteran-owned; hoodies, military gear; short runs; gov contractors",Contact for quote,ManufacturedNC,https://www.manufacturednc.com/
Granite Knitwear (Cal Cru),Granite Quarry,NC,https://www.calcru.com/,https://www.calcru.com/,https://www.calcru.com/,704-279-5526,info@calcru.com,cut_and_sew,"Since 1968; t-shirts, henleys, sweats; knit garments",Contact for quote,ManufacturedNC,https://www.manufacturednc.com/
Industries of the Blind,Greensboro,NC,https://industriesoftheblind.com/,https://industriesoftheblind.com/,https://industriesoftheblind.com/,336-544-3700,,cut_and_sew,Nonprofit; employs blind/visually impaired; Army/Navy apparel,Contact for quote,ManufacturedNC,https://www.manufacturednc.com/
Mt. Gilead Cut & Sew,Mt. Gilead,NC,,,,,,cut_and_sew,"Small plant; clothing, mask, bags; small & large orders",Contact for quote,ManufacturedNC,https://www.manufacturednc.com/
Domestic Fabrics and Blankets Corp,Kinston,NC,https://www.domesticfabrics.com/,https://www.domesticfabrics.com/,https://www.domesticfabrics.com/contact-us.html,252-523-7948,info@domesticfabrics.com,cut_and_sew,"Healthcare linens, blankets; cut & sew; USA military",Contact for quote,ManufacturedNC,https://www.manufacturednc.com/
Mack and Mack Inc,Greensboro,NC,,,,,,cut_and_sew,"Design, cut, sew; better women's wear",Contact for quote,ManufacturedNC,https://www.manufacturednc.com/
Fabric Finders Inc,Florence,AL,https://www.fabricfindersinc.com/,https://www.fabricfindersinc.com/,https://www.fabricfindersinc.com/new-wholesale-account-application/,256-767-7615,info@fabricfindersinc.com,fabric_wholesaler,"100% cotton wholesale; batiste, broadcloth, denim, flannel, pique, seersucker",See website,web,https://www.fabricfindersinc.com/
David Textiles Inc,City of Commerce,CA,https://davidtextilesinc.com/,https://davidtextilesinc.com/,https://davidtextilesinc.com/contact,323-728-3231,sales@davidtextiles.net,fabric_wholesaler,"Wholesale cotton prints, flannel, digital collections",See website,web,https://davidtextilesinc.com/
Robert Kaufman Fabrics,Los Angeles,CA,https://www.robertkaufman.com/,https://www.robertkaufman.com/,https://www.robertkaufman.com/contact_robert_kaufman_fabrics/,800-877-2066,info@robertkaufman.com,fabric_wholesaler,"Cotton solids, digital printing; finished package programs",See website,web,https://www.robertkaufman.com/
Nature's Fabrics,,,https://naturesfabrics.com/,https://naturesfabrics.com/,https://naturesfabrics.com/pages/contact-us,814-734-7137,,fabric_wholesaler,USA-grown cotton fabric; retail and wholesale,See website,web,https://naturesfabrics.com/
Crittenden Gin Company,Crawfordsville,AR,,,,870-739-3228,,ice_warehouse,ICE licensed,Contact for quote,ICE,https://www.ice.com/publicdocs/futures_us_reports/cotton/Cotton%20No.%202%20Warehouse.pdf
Union Compress Warehouse of West Memphis,West Memphis,AR,,,,870-732-6566,,ice_warehouse,ICE licensed,Contact for quote,ICE,https://www.ice.com/publicdocs/futures_us_reports/cotton/Cotton%20No.%202%20Warehouse.pdf
Riverbend Distribution Center LLC,West Memphis,AR,,,,901-383-5137,,ice_warehouse,LDC Cotton Storage; ICE licensed,Contact for quote,ICE,https://www.ice.com/publicdocs/futures_us_reports/cotton/Cotton%20No.%202%20Warehouse.pdf
Anderson Clayton Desoto (Olam Cotton),Olive Branch,MS,,,,214-537-4222,,ice_warehouse,ICE licensed,Contact for quote,ICE,https://www.ice.com/publicdocs/futures_us_reports/cotton/Cotton%20No.%202%20Warehouse.pdf
Viterra USA Agriculture LLC,Memphis,TN,,,,646-949-2035,,ice_warehouse,Multiple Memphis facilities; ICE licensed,Contact for quote,ICE,https://www.ice.com/publicdocs/futures_us_reports/cotton/Cotton%20No.%202%20Warehouse.pdf
Cotton Trade Warehouse (Cargill),Memphis,TN,,,,,,ice_warehouse,ICE licensed,Contact for quote,ICE,https://www.ice.com/publicdocs/futures_us_reports/cotton/Cotton%20No.%202%20Warehouse.pdf
Cargill Cotton Warehouse,Memphis,TN,,,,,,ice_warehouse,ICE licensed,Contact for quote,ICE,https://www.ice.com/publicdocs/futures_us_reports/cotton/Cotton%20No.%202%20Warehouse.pdf
Memphis Compress Company,Memphis,TN,,,,901-383-5137,,ice_warehouse,LDC Cotton Storage; ICE licensed,Contact for quote,ICE,https://www.ice.com/publicdocs/futures_us_reports/cotton/Cotton%20No.%202%20Warehouse.pdf
Producer's Warehouse No. 1 (LDC),Memphis,TN,,,,901-383-5137,,ice_warehouse,ICE licensed,Contact for quote,ICE,https://www.ice.com/publicdocs/futures_us_reports/cotton/Cotton%20No.%202%20Warehouse.pdf
Producer's Warehouse No. 2 (LDC),Memphis,TN,,,,901-383-5137,,ice_warehouse,ICE licensed,Contact for quote,ICE,https://www.ice.com/publicdocs/futures_us_reports/cotton/Cotton%20No.%202%20Warehouse.pdf
Producer's Warehouse No. 3 (LDC),Memphis,TN,,,,901-383-5137,,ice_warehouse,ICE licensed,Contact for quote,ICE,https://www.ice.com/publicdocs/futures_us_reports/cotton/Cotton%20No.%202%20Warehouse.pdf
Distribution Center No. 1 (LDC),Memphis,TN,,,,901-383-5137,,ice_warehouse,ICE licensed,Contact for quote,ICE,https://www.ice.com/publicdocs/futures_us_reports/cotton/Cotton%20No.%202%20Warehouse.pdf
River City Warehouse (Sunbelt),Memphis,TN,,,,214-520-1717,,ice_warehouse,ICE licensed,Contact for quote,ICE,https://www.ice.com/publicdocs/futures_us_reports/cotton/Cotton%20No.%202%20Warehouse.pdf
Total Commodity Warehouse (Sunbelt),Memphis,TN,,,,214-520-1717,,ice_warehouse,ICE licensed,Contact for quote,ICE,https://www.ice.com/publicdocs/futures_us_reports/cotton/Cotton%20No.%202%20Warehouse.pdf
Mallory Alexander International Logistics,Memphis,TN,https://www.mallorygroup.com/,https://www.mallorygroup.com/,https://www.mallorygroup.com/contact/,901-370-4201,,ice_warehouse,ICE licensed,Contact for quote,ICE,https://www.ice.com/publicdocs/futures_us_reports/cotton/Cotton%20No.%202%20Warehouse.pdf
International Cotton Depots ICD 4,Memphis,TN,,,,855-850-0049,raydoroff@cofcointernational.com,ice_warehouse,ICE licensed,Contact for quote,ICE,https://www.ice.com/publicdocs/futures_us_reports/cotton/Cotton%20No.%202%20Warehouse.pdf
Moody Compress & Warehouse Houston,Houston,TX,,,,409-763-6401,,ice_warehouse,ICE licensed,Contact for quote,ICE,https://www.ice.com/publicdocs/futures_us_reports/cotton/Cotton%20No.%202%20Warehouse.pdf
Houston Commodity Warehouse (Sunbelt),Houston,TX,,,,214-520-1717,,ice_warehouse,ICE licensed,Contact for quote,ICE,https://www.ice.com/publicdocs/futures_us_reports/cotton/Cotton%20No.%202%20Warehouse.pdf
Supply Chain Management LLC Houston,Pasadena,TX,,,,912-966-9999,,ice_warehouse,ICE licensed,Contact for quote,ICE,https://www.ice.com/publicdocs/futures_us_reports/cotton/Cotton%20No.%202%20Warehouse.pdf
Moody Compress Galveston,Galveston,TX,,,,409-763-6401,,ice_warehouse,ICE licensed,Contact for quote,ICE,https://www.ice.com/publicdocs/futures_us_reports/cotton/Cotton%20No.%202%20Warehouse.pdf
Southern Compress Warehouse (LDC),Galveston,TX,,,,901-383-5137,,ice_warehouse,ICE licensed,Contact for quote,ICE,https://www.ice.com/publicdocs/futures_us_reports/cotton/Cotton%20No.%202%20Warehouse.pdf
Supply Chain Management Dallas,Dallas,TX,,,,469-906-0558,,ice_warehouse,ICE licensed,Contact for quote,ICE,https://www.ice.com/publicdocs/futures_us_reports/cotton/Cotton%20No.%202%20Warehouse.pdf
Mallory Alexander Dallas,Dallas,TX,,,,901-370-4201,,ice_warehouse,ICE licensed,Contact for quote,ICE,https://www.ice.com/publicdocs/futures_us_reports/cotton/Cotton%20No.%202%20Warehouse.pdf
Anderson Clayton Dallas (Olam Cotton),Dallas,TX,,,,214-537-4222,,ice_warehouse,ICE licensed,Contact for quote,ICE,https://www.ice.com/publicdocs/futures_us_reports/cotton/Cotton%20No.%202%20Warehouse.pdf
Fort Worth Commodity Warehouse (Sunbelt),Fort Worth,TX,,,,214-520-1717,,ice_warehouse,ICE licensed,Contact for quote,ICE,https://www.ice.com/publicdocs/futures_us_reports/cotton/Cotton%20No.%202%20Warehouse.pdf
International Cotton Depots Dallas,Grand Prairie,TX,,,,855-850-0049,,ice_warehouse,ICE licensed,Contact for quote,ICE,https://www.ice.com/publicdocs/futures_us_reports/cotton/Cotton%20No.%202%20Warehouse.pdf
Cargill Cotton Warehouse Haslet,Haslet,TX,,,,,,ice_warehouse,ICE licensed,Contact for quote,ICE,https://www.ice.com/publicdocs/futures_us_reports/cotton/Cotton%20No.%202%20Warehouse.pdf
Dallas Warehouse Company LLC,Grand Prairie,TX,,,,214-528-9800,,ice_warehouse,ICE licensed,Contact for quote,ICE,https://www.ice.com/publicdocs/futures_us_reports/cotton/Cotton%20No.%202%20Warehouse.pdf
International Cotton Depots Greenville,Greenville,SC,,,,855-850-0049,,ice_warehouse,ICE licensed,Contact for quote,ICE,https://www.ice.com/publicdocs/futures_us_reports/cotton/Cotton%20No.%202%20Warehouse.pdf
Staplcotn Greer,Greer,SC,,,,662-453-8941,,ice_warehouse,ICE licensed,Contact for quote,ICE,https://www.ice.com/publicdocs/futures_us_reports/cotton/Cotton%20No.%202%20Warehouse.pdf
Spartanburg Distribution Center (LDC),Spartanburg,SC,,,,901-383-5137,,ice_warehouse,ICE licensed,Contact for quote,ICE,https://www.ice.com/publicdocs/futures_us_reports/cotton/Cotton%20No.%202%20Warehouse.pdf
Calcot,Bakersfield,CA,https://calcot.com/,https://calcot.com/,https://calcot.com/sales-contact/,661-327-5961,info@calcot.com,warehouse,CGWA; coop + warehouse,Contact for quote,CGWA,https://www.cottongwa.org/
Cotton Growers Warehouse,Garner,NC,https://www.carolinascotton.com/,https://www.carolinascotton.com/,https://www.carolinascotton.com/contact-us,919-773-2120,,warehouse,CGWA; Carolinas Cotton,Contact for quote,CGWA,https://www.cottongwa.org/
Farmer's Cooperative Compress,Lubbock,TX,https://www.farmerscompress.com/,https://www.farmerscompress.com/,https://farmerscompress.com/Open/Home/Contact,806-763-9431,shipping@farmerscompress.com,warehouse,CGWA; Texas High Plains,Contact for quote,CGWA,https://www.cottongwa.org/
Franklin Cotton Warehouse Coop,Winnsboro,LA,,,,318-435-4436,,warehouse,CGWA,Contact for quote,CGWA,https://www.cottongwa.org/
Gulf Compress,Corpus Christi,TX,https://www.gulfcompress.com/,https://www.gulfcompress.com/,https://www.gulfcompress.com/,361-882-5489,cotton@gulfcompress.com,warehouse,CGWA,Contact for quote,CGWA,https://www.cottongwa.org/
Plains Cotton Cooperative Association,Lubbock,TX,https://pcca.com/,https://pcca.com/,https://pcca.com/contact-us/,806-763-8011,,warehouse,CGWA; PCCA,Contact for quote,CGWA,https://www.cottongwa.org/
Southeastern Gin and Peanut,Surrency,GA,https://www.southeasterngin.com/,https://www.southeasterngin.com/,https://www.southeasterngin.com/,912-366-0808,Roger@SoutheasternGin.com,warehouse,CGWA,Contact for quote,CGWA,https://www.cottongwa.org/
Sowega Cotton Inc,Climax,GA,https://www.sowegacotton.com/,https://www.sowegacotton.com/,https://www.sowegacotton.com/,,,warehouse,CGWA,Contact for quote,CGWA,https://www.cottongwa.org/
Staplcotn,Greenwood,MS,https://www.staplcotn.com/,https://www.staplcotn.com/,https://www.staplcotn.com/,,,warehouse,CGWA; coop + warehouse,Contact for quote,CGWA,https://www.cottongwa.org/
Suncot Warehouse,Denver City,TX,https://www.suncotwarehouse.com/,https://www.suncotwarehouse.com/,https://www.suncotwarehouse.com/contact,806-592-8448,suncotacctwhs@gmail.com,warehouse,CGWA,Contact for quote,CGWA,https://www.cottongwa.org/
Texas Cotton Growers Cooperative Association,Taylor,TX,,,,,,warehouse,CGWA,Contact for quote,CGWA,https://www.cottongwa.org/
United Agricultural Cooperative,El Campo,TX,https://news.unitedag.net/,https://news.unitedag.net/,https://news.unitedag.net/,,,warehouse,CGWA,Contact for quote,CGWA,https://www.cottongwa.org/
Willacy Cotton Warehouse LLC,Raymondville,TX,,,,,,warehouse,CGWA,Contact for quote,CGWA,https://www.cottongwa.org/
Sunbelt Warehouse Corporation,Memphis,TN,,,,,,warehouse,ACSA associate; ICE licensed,Contact for quote,ACSA,https://acsa-cotton.org/
Federal Compress & Warehouse Company,Memphis,TN,,,,,,warehouse,ICE licensed; since 1887,Contact for quote,ICE,https://www.ice.com/publicdocs/futures_us_reports/cotton/Cotton%20No.%202%20Warehouse.pdf
Paxton Bonded Storages,Wilson,NC,https://www.paxtonbondedstorages.com/,https://www.paxtonbondedstorages.com/,https://www.paxtonbondedstorages.com/,252-243-4454,,warehouse,ACSA affiliate; 400K sq ft; rail-hub; general storage,Contact for quote,ACSA,https://acsa-cotton.org/affiliates/
Plaza Cotton Storage,Centre,AL,,,,256-927-7828,,warehouse,Wholesale fabric; cotton storage; cotton-producing region,Contact for quote,web,
Broad Street Bonded Warehouse,Gastonia,NC,https://www.bondedstorage.com/,https://www.bondedstorage.com/,https://bondedstorage.com/contactus.html,704-867-7253,info@bondedstorage.com,warehouse,Cotton storage and handling; Gastonia textile region,Contact for quote,web,https://www.bondedstorage.com/
American Cotton Shippers Association (ACSA),Memphis,TN,https://acsa-cotton.org/,https://acsa-cotton.org/,https://acsa-cotton.org/our-members/,901-525-2272,,association,80%+ US cotton; merchant/broker federation; contact for member directory,Contact members for quotes,ACSA,https://acsa-cotton.org/
Supima,Phoenix,AZ,https://supima.com/,https://supima.com/,https://supima.com/,602-792-6002,info@supima.com,association,American Pima cotton; licensing; 500+ licensed manufacturers,Contact for quote,Supima,https://supima.com/
The Seam,Memphis,TN,https://www.theseam.com/,https://www.theseam.com/,https://ww2.theseam.com/contact-us/,877-280-3413,info@theseam.com,platform,"Direct grower-to-buyer marketplace; cash marketing, forward contracts, pool participation; ACSA associate",Contact for quote,The Seam,https://www.theseam.com/
Trust Protocol,,,https://trustuscotton.org/,https://trustuscotton.org/,https://trustuscotton.org/,,info@trustuscotton.org,association,"1,512 growers enrolled; sustainability verification; member portal; no public list",Contact for quote,Trust Protocol,https://trustuscotton.org/
COTTON USA Supplier Directory,,,https://www.cottonusa.org/suppliers,https://www.cottonusa.org/suppliers,https://www.cottonusa.org/suppliers,,,association,Searchable directory by location and licensee type; filter by US for domestic suppliers,Contact for quote,COTTON USA,https://www.cottonusa.org/suppliers
Cotton Warehouse Association of America (CWAA),,,https://www.cottonwarehouse.org/,https://www.cottonwarehouse.org/,https://www.cottonwarehouse.org/,806-577-7193,,association,Warehouse members; no public list; contact for member directory,Contact for quote,CWAA,https://www.cottonwarehouse.org/
The Cotton Board,Memphis,TN,https://www.cottonboard.org/,https://www.cottonboard.org/,https://www.cottonboard.org/contact-us,901-683-2500,,association,"Cotton Research & Promotion; importer stakeholders; brands, retailers, mills; importers contact cottonboard.org/importers",Contact for quote,Cotton Board,https://www.cottonboard.org/importers
Bridgeforth Farms,Tanner,AL,https://www.bridgeforthcotton.net/,https://www.bridgeforthcotton.net/,https://www.bridgeforthcotton.net/,,,grower_direct,"Sells to Target, Victoria's Secret; ~50K-65K bales/yr to VS; bridgeforthcotton.net",See website for apparel; contact for B2B cotton,web,https://www.bridgeforthcotton.net/
0800 Sunshade,Hastings,,https://textileconnect.com/directory/0800-sunshade/,https://textileconnect.com/directory/0800-sunshade/,https://textileconnect.com/directory/0800-sunshade/,,,manufacturer,Textile Connect: apparel-and-product-manufacturing,Contact for quote,Textile Connect,https://textileconnect.com/directory/
1947 LLC,Portsmouth,RI,https://textileconnect.com/directory/1947-llc/,https://textileconnect.com/directory/1947-llc/,https://textileconnect.com/directory/1947-llc/,,,manufacturer,Textile Connect: apparel-and-product-manufacturing,Contact for quote,Textile Connect,https://textileconnect.com/directory/
3-D Upholstery Inc,Archdale,NC,https://textileconnect.com/directory/3-d-upholstery-inc/,https://textileconnect.com/directory/3-d-upholstery-inc/,https://textileconnect.com/directory/3-d-upholstery-inc/,,,manufacturer,Textile Connect: apparel-and-product-manufacturing,Contact for quote,Textile Connect,https://textileconnect.com/directory/
310 Tactical Textiles,Huntington Park,CA,https://textileconnect.com/directory/310-tactical-textiles/,https://textileconnect.com/directory/310-tactical-textiles/,https://textileconnect.com/directory/310-tactical-textiles/,,,manufacturer,Textile Connect: apparel-and-product-manufacturing,Contact for quote,Textile Connect,https://textileconnect.com/directory/
3C Canvas – A Division of Marine Services Group,Anacortes,WA,https://textileconnect.com/directory/3c-canvas-a-division-of-marine-services-group/,https://textileconnect.com/directory/3c-canvas-a-division-of-marine-services-group/,https://textileconnect.com/directory/3c-canvas-a-division-of-marine-services-group/,,,manufacturer,Textile Connect: apparel-and-product-manufacturing,Contact for quote,Textile Connect,https://textileconnect.com/directory/
3 F North America Inc,Charlotte,NC,https://textileconnect.com/directory/3-f-north-america-inc/,https://textileconnect.com/directory/3-f-north-america-inc/,https://textileconnect.com/directory/3-f-north-america-inc/,,,manufacturer,Textile Connect: apparel-and-product-manufacturing,Contact for quote,Textile Connect,https://textileconnect.com/directory/
3M Protective Materials,St Paul,MN,https://textileconnect.com/directory/3m-protective-materials/,https://textileconnect.com/directory/3m-protective-materials/,https://textileconnect.com/directory/3m-protective-materials/,,,manufacturer,Textile Connect: apparel-and-product-manufacturing,Contact for quote,Textile Connect,https://textileconnect.com/directory/
3tex Inc,Rutherfordton,NC,https://textileconnect.com/directory/3tex-inc/,https://textileconnect.com/directory/3tex-inc/,https://textileconnect.com/directory/3tex-inc/,,,manufacturer,Textile Connect: apparel-and-product-manufacturing,Contact for quote,Textile Connect,https://textileconnect.com/directory/
80’s Baby International,Rockingham,NC,https://textileconnect.com/directory/80s-baby-international/,https://textileconnect.com/directory/80s-baby-international/,https://textileconnect.com/directory/80s-baby-international/,,,manufacturer,Textile Connect: apparel-and-product-manufacturing,Contact for quote,Textile Connect,https://textileconnect.com/directory/
828 International Trading Co,Greenville,SC,https://textileconnect.com/directory/828-international-trading-co/,https://textileconnect.com/directory/828-international-trading-co/,https://textileconnect.com/directory/828-international-trading-co/,,,manufacturer,Textile Connect: apparel-and-product-manufacturing,Contact for quote,Textile Connect,https://textileconnect.com/directory/
99 Degrees Custom,Lawrence,MA,https://textileconnect.com/directory/99-degrees-custom/,https://textileconnect.com/directory/99-degrees-custom/,https://textileconnect.com/directory/99-degrees-custom/,,,manufacturer,Textile Connect: apparel-and-product-manufacturing,Contact for quote,Textile Connect,https://textileconnect.com/directory/
A-B Emblem,Weaverville,NC,https://textileconnect.com/directory/a-b-emblem/,https://textileconnect.com/directory/a-b-emblem/,https://textileconnect.com/directory/a-b-emblem/,,,manufacturer,Textile Connect: apparel-and-product-manufacturing,Contact for quote,Textile Connect,https://textileconnect.com/directory/
"A. B. Carter, Inc.",Gastonia,NC,https://textileconnect.com/directory/a-b-carter-inc/,https://textileconnect.com/directory/a-b-carter-inc/,https://textileconnect.com/directory/a-b-carter-inc/,,,manufacturer,Textile Connect: apparel-and-product-manufacturing,Contact for quote,Textile Connect,https://textileconnect.com/directory/
"A.E. Nathan Co., Inc.",New York,NY,https://textileconnect.com/directory/a-e-nathan-co-inc/,https://textileconnect.com/directory/a-e-nathan-co-inc/,https://textileconnect.com/directory/a-e-nathan-co-inc/,,,manufacturer,Textile Connect: apparel-and-product-manufacturing,Contact for quote,Textile Connect,https://textileconnect.com/directory/
A. Hoffman Awning Co.,Baltimore,MD,https://textileconnect.com/directory/a-hoffman-awning-co/,https://textileconnect.com/directory/a-hoffman-awning-co/,https://textileconnect.com/directory/a-hoffman-awning-co/,,,manufacturer,Textile Connect: apparel-and-product-manufacturing,Contact for quote,Textile Connect,https://textileconnect.com/directory/
A. Kuehnert & Company,Monroe,NY,https://textileconnect.com/directory/a-kuehnert-company/,https://textileconnect.com/directory/a-kuehnert-company/,https://textileconnect.com/directory/a-kuehnert-company/,,,manufacturer,Textile Connect: apparel-and-product-manufacturing,Contact for quote,Textile Connect,https://textileconnect.com/directory/
A. Smith & Son Inc.,Burlington,NJ,https://textileconnect.com/directory/a-smith-son-inc/,https://textileconnect.com/directory/a-smith-son-inc/,https://textileconnect.com/directory/a-smith-son-inc/,,,manufacturer,Textile Connect: apparel-and-product-manufacturing,Contact for quote,Textile Connect,https://textileconnect.com/directory/
A/V Drapery & Designers,Chapin,SC,https://textileconnect.com/directory/a-v-drapery-designers/,https://textileconnect.com/directory/a-v-drapery-designers/,https://textileconnect.com/directory/a-v-drapery-designers/,,,manufacturer,Textile Connect: apparel-and-product-manufacturing,Contact for quote,Textile Connect,https://textileconnect.com/directory/
A & A Awnings and Storm Shutters,Virginia Beach,VA,https://textileconnect.com/directory/a-a-awnings-and-storm-shutters/,https://textileconnect.com/directory/a-a-awnings-and-storm-shutters/,https://textileconnect.com/directory/a-a-awnings-and-storm-shutters/,,,manufacturer,Textile Connect: apparel-and-product-manufacturing,Contact for quote,Textile Connect,https://textileconnect.com/directory/
A&A Enterprises,Greensboro,NC,https://textileconnect.com/directory/aa-enterprises/,https://textileconnect.com/directory/aa-enterprises/,https://textileconnect.com/directory/aa-enterprises/,,,manufacturer,Textile Connect: apparel-and-product-manufacturing,Contact for quote,Textile Connect,https://textileconnect.com/directory/
A & J Canvas Inc.,Vanceboro,NC,https://textileconnect.com/directory/a-j-canvas-inc/,https://textileconnect.com/directory/a-j-canvas-inc/,https://textileconnect.com/directory/a-j-canvas-inc/,,,manufacturer,Textile Connect: apparel-and-product-manufacturing,Contact for quote,Textile Connect,https://textileconnect.com/directory/
"A & P Technology, Inc.",Cincinnati,OH,https://textileconnect.com/directory/a-p-technology-inc/,https://textileconnect.com/directory/a-p-technology-inc/,https://textileconnect.com/directory/a-p-technology-inc/,,,manufacturer,Textile Connect: apparel-and-product-manufacturing,Contact for quote,Textile Connect,https://textileconnect.com/directory/
A & S Tool & Die Inc,Kernersville,NC,https://textileconnect.com/directory/a-s-tool-die-inc/,https://textileconnect.com/directory/a-s-tool-die-inc/,https://textileconnect.com/directory/a-s-tool-die-inc/,,,manufacturer,Textile Connect: apparel-and-product-manufacturing,Contact for quote,Textile Connect,https://textileconnect.com/directory/
A+ Products Inc.,Marlboro,NJ,https://textileconnect.com/directory/a-products-inc/,https://textileconnect.com/directory/a-products-inc/,https://textileconnect.com/directory/a-products-inc/,,,manufacturer,Textile Connect: apparel-and-product-manufacturing,Contact for quote,Textile Connect,https://textileconnect.com/directory/
AAAA Northstar Flag,Greensboro,NC,https://textileconnect.com/directory/aaaa-northstar-flag/,https://textileconnect.com/directory/aaaa-northstar-flag/,https://textileconnect.com/directory/aaaa-northstar-flag/,,,manufacturer,Textile Connect: apparel-and-product-manufacturing,Contact for quote,Textile Connect,https://textileconnect.com/directory/
AAAA Northstar Flag – Chapel Hill,Chapel Hill,NC,https://textileconnect.com/directory/aaaa-northstar-flag-chapel-hill/,https://textileconnect.com/directory/aaaa-northstar-flag-chapel-hill/,https://textileconnect.com/directory/aaaa-northstar-flag-chapel-hill/,,,manufacturer,Textile Connect: apparel-and-product-manufacturing,Contact for quote,Textile Connect,https://textileconnect.com/directory/
AAAA Northstar Flag – Greensboro,Greensboro,NC,https://textileconnect.com/directory/aaaa-northstar-flag-greensboro/,https://textileconnect.com/directory/aaaa-northstar-flag-greensboro/,https://textileconnect.com/directory/aaaa-northstar-flag-greensboro/,,,manufacturer,Textile Connect: apparel-and-product-manufacturing,Contact for quote,Textile Connect,https://textileconnect.com/directory/
AAAA Northstar Flag – Raleigh,Raleigh,NC,https://textileconnect.com/directory/aaaa-northstar-flag-raleigh/,https://textileconnect.com/directory/aaaa-northstar-flag-raleigh/,https://textileconnect.com/directory/aaaa-northstar-flag-raleigh/,,,manufacturer,Textile Connect: apparel-and-product-manufacturing,Contact for quote,Textile Connect,https://textileconnect.com/directory/
AAAA Northstar Flag – Rocky Mount,Rocky Mount,NC,https://textileconnect.com/directory/aaaa-northstar-flag-rocky-mount/,https://textileconnect.com/directory/aaaa-northstar-flag-rocky-mount/,https://textileconnect.com/directory/aaaa-northstar-flag-rocky-mount/,,,manufacturer,Textile Connect: apparel-and-product-manufacturing,Contact for quote,Textile Connect,https://textileconnect.com/directory/
AAA Awning Co. Inc.,Houston,TX,https://textileconnect.com/directory/aaa-awning-co-inc/,https://textileconnect.com/directory/aaa-awning-co-inc/,https://textileconnect.com/directory/aaa-awning-co-inc/,,,manufacturer,Textile Connect: apparel-and-product-manufacturing,Contact for quote,Textile Connect,https://textileconnect.com/directory/
Aamstrand Ropes & Twines Inc.,Manteno,IL,https://textileconnect.com/directory/aamstrand-ropes-twines-inc/,https://textileconnect.com/directory/aamstrand-ropes-twines-inc/,https://textileconnect.com/directory/aamstrand-ropes-twines-inc/,,,manufacturer,Textile Connect: apparel-and-product-manufacturing,Contact for quote,Textile Connect,https://textileconnect.com/directory/
ABC Canvas Inc,Farmington,NM,https://textileconnect.com/directory/abc-canvas-inc/,https://textileconnect.com/directory/abc-canvas-inc/,https://textileconnect.com/directory/abc-canvas-inc/,,,manufacturer,Textile Connect: apparel-and-product-manufacturing,Contact for quote,Textile Connect,https://textileconnect.com/directory/
ABC Hosiery,Youngsville,NC,https://textileconnect.com/directory/abc-hosiery/,https://textileconnect.com/directory/abc-hosiery/,https://textileconnect.com/directory/abc-hosiery/,,,manufacturer,Textile Connect: apparel-and-product-manufacturing,Contact for quote,Textile Connect,https://textileconnect.com/directory/
"ABC Industries, Inc.",Winona Lake,IN,https://textileconnect.com/directory/abc-industries-inc/,https://textileconnect.com/directory/abc-industries-inc/,https://textileconnect.com/directory/abc-industries-inc/,,,manufacturer,Textile Connect: apparel-and-product-manufacturing,Contact for quote,Textile Connect,https://textileconnect.com/directory/
Abea Leather Inc.,New York,NY,https://textileconnect.com/directory/abea-leather-inc/,https://textileconnect.com/directory/abea-leather-inc/,https://textileconnect.com/directory/abea-leather-inc/,,,manufacturer,Textile Connect: apparel-and-product-manufacturing,Contact for quote,Textile Connect,https://textileconnect.com/directory/
Abel Resources,Greensboro,NC,https://textileconnect.com/directory/abel-resources/,https://textileconnect.com/directory/abel-resources/,https://textileconnect.com/directory/abel-resources/,,,manufacturer,Textile Connect: apparel-and-product-manufacturing,Contact for quote,Textile Connect,https://textileconnect.com/directory/
ABJ Enterprises Inc,Dunn,NC,https://textileconnect.com/directory/abj-enterprises-inc/,https://textileconnect.com/directory/abj-enterprises-inc/,https://textileconnect.com/directory/abj-enterprises-inc/,,,manufacturer,Textile Connect: apparel-and-product-manufacturing,Contact for quote,Textile Connect,https://textileconnect.com/directory/
Above Fashion & Design – Fuquay Varina,Fuquay Varina,NC,https://textileconnect.com/directory/above-fashion-design-fuquay-varina/,https://textileconnect.com/directory/above-fashion-design-fuquay-varina/,https://textileconnect.com/directory/above-fashion-design-fuquay-varina/,,,manufacturer,Textile Connect: apparel-and-product-manufacturing,Contact for quote,Textile Connect,https://textileconnect.com/directory/
Abracadabra Signage & Graphics,Greenville,NC,https://textileconnect.com/directory/abracadabra-signage-graphics/,https://textileconnect.com/directory/abracadabra-signage-graphics/,https://textileconnect.com/directory/abracadabra-signage-graphics/,,,manufacturer,Textile Connect: apparel-and-product-manufacturing,Contact for quote,Textile Connect,https://textileconnect.com/directory/
"Absorbent Hygiene Insights, LLC",Charlotte,NC,https://textileconnect.com/directory/absorbent-hygiene-insights-llc/,https://textileconnect.com/directory/absorbent-hygiene-insights-llc/,https://textileconnect.com/directory/absorbent-hygiene-insights-llc/,,,manufacturer,Textile Connect: apparel-and-product-manufacturing,Contact for quote,Textile Connect,https://textileconnect.com/directory/
Abstract Printing Inc,Spartanburg,SC,https://textileconnect.com/directory/abstract-printing-inc/,https://textileconnect.com/directory/abstract-printing-inc/,https://textileconnect.com/directory/abstract-printing-inc/,,,manufacturer,Textile Connect: apparel-and-product-manufacturing,Contact for quote,Textile Connect,https://textileconnect.com/directory/
Abzorbit Inc,Newton,NC,https://textileconnect.com/directory/abzorbit-inc/,https://textileconnect.com/directory/abzorbit-inc/,https://textileconnect.com/directory/abzorbit-inc/,,,manufacturer,Textile Connect: apparel-and-product-manufacturing,Contact for quote,Textile Connect,https://textileconnect.com/directory/
Academy Awards,Florence,SC,https://textileconnect.com/directory/academy-awards/,https://textileconnect.com/directory/academy-awards/,https://textileconnect.com/directory/academy-awards/,,,manufacturer,Textile Connect: apparel-and-product-manufacturing,Contact for quote,Textile Connect,https://textileconnect.com/directory/
Accent Awnings Inc,Andrews,NC,https://textileconnect.com/directory/accent-awnings-inc/,https://textileconnect.com/directory/accent-awnings-inc/,https://textileconnect.com/directory/accent-awnings-inc/,,,manufacturer,Textile Connect: apparel-and-product-manufacturing,Contact for quote,Textile Connect,https://textileconnect.com/directory/
"Accentex, Inc.",Keansburg,NJ,https://textileconnect.com/directory/accentex-inc/,https://textileconnect.com/directory/accentex-inc/,https://textileconnect.com/directory/accentex-inc/,,,manufacturer,Textile Connect: apparel-and-product-manufacturing,Contact for quote,Textile Connect,https://textileconnect.com/directory/
Accent Fabrics,Lumberton,NC,https://textileconnect.com/directory/accent-fabrics/,https://textileconnect.com/directory/accent-fabrics/,https://textileconnect.com/directory/accent-fabrics/,,,manufacturer,Textile Connect: apparel-and-product-manufacturing,Contact for quote,Textile Connect,https://textileconnect.com/directory/
AccuPointe,Monroe,NC,https://textileconnect.com/directory/accupointe/,https://textileconnect.com/directory/accupointe/,https://textileconnect.com/directory/accupointe/,,,manufacturer,Textile Connect: apparel-and-product-manufacturing,Contact for quote,Textile Connect,https://textileconnect.com/directory/
Accurate Embroidery,Columbia,SC,https://textileconnect.com/directory/accurate-embroidery/,https://textileconnect.com/directory/accurate-embroidery/,https://textileconnect.com/directory/accurate-embroidery/,,,manufacturer,Textile Connect: apparel-and-product-manufacturing,Contact for quote,Textile Connect,https://textileconnect.com/directory/
Ace Plastics Inc,Charlotte,NC,https://textileconnect.com/directory/ace-plastics-inc/,https://textileconnect.com/directory/ace-plastics-inc/,https://textileconnect.com/directory/ace-plastics-inc/,,,manufacturer,Textile Connect: apparel-and-product-manufacturing,Contact for quote,Textile Connect,https://textileconnect.com/directory/
Ace Screen Printing Inc,Chester,SC,https://textileconnect.com/directory/ace-screen-printing-inc/,https://textileconnect.com/directory/ace-screen-printing-inc/,https://textileconnect.com/directory/ace-screen-printing-inc/,,,manufacturer,Textile Connect: apparel-and-product-manufacturing,Contact for quote,Textile Connect,https://textileconnect.com/directory/
ACG Cotton Marketing LLC,Lubbock,TX,https://textileconnect.com/directory/acg-cotton-marketing-llc/,https://textileconnect.com/directory/acg-cotton-marketing-llc/,https://textileconnect.com/directory/acg-cotton-marketing-llc/,,,manufacturer,Textile Connect: apparel-and-product-manufacturing,Contact for quote,Textile Connect,https://textileconnect.com/directory/
Achieve 02,Mooresville,NC,https://textileconnect.com/directory/achieve-02/,https://textileconnect.com/directory/achieve-02/,https://textileconnect.com/directory/achieve-02/,,,manufacturer,Textile Connect: apparel-and-product-manufacturing,Contact for quote,Textile Connect,https://textileconnect.com/directory/
Acirris,Wilson,NC,https://textileconnect.com/directory/acirris/,https://textileconnect.com/directory/acirris/,https://textileconnect.com/directory/acirris/,,,manufacturer,Textile Connect: apparel-and-product-manufacturing,Contact for quote,Textile Connect,https://textileconnect.com/directory/
Acme Distributor Sales,Charlotte,NC,https://textileconnect.com/directory/acme-distributor-sales/,https://textileconnect.com/directory/acme-distributor-sales/,https://textileconnect.com/directory/acme-distributor-sales/,,,manufacturer,Textile Connect: apparel-and-product-manufacturing,Contact for quote,Textile Connect,https://textileconnect.com/directory/
Acme McCrary – Asheboro,Asheboro,NC,https://textileconnect.com/directory/acme-mccrary-asheboro/,https://textileconnect.com/directory/acme-mccrary-asheboro/,https://textileconnect.com/directory/acme-mccrary-asheboro/,,,manufacturer,Textile Connect: apparel-and-product-manufacturing,Contact for quote,Textile Connect,https://textileconnect.com/directory/
Acme McCrary – Liberty,Liberty,NC,https://textileconnect.com/directory/acme-mccrary-liberty/,https://textileconnect.com/directory/acme-mccrary-liberty/,https://textileconnect.com/directory/acme-mccrary-liberty/,,,manufacturer,Textile Connect: apparel-and-product-manufacturing,Contact for quote,Textile Connect,https://textileconnect.com/directory/
Acme Sunshades Enterprise Inc.,Hayward,CA,https://textileconnect.com/directory/acme-sunshades-enterprise-inc/,https://textileconnect.com/directory/acme-sunshades-enterprise-inc/,https://textileconnect.com/directory/acme-sunshades-enterprise-inc/,,,manufacturer,Textile Connect: apparel-and-product-manufacturing,Contact for quote,Textile Connect,https://textileconnect.com/directory/
ACO Polmer Products,Charlotte,NC,https://textileconnect.com/directory/aco-polmer-products/,https://textileconnect.com/directory/aco-polmer-products/,https://textileconnect.com/directory/aco-polmer-products/,,,manufacturer,Textile Connect: apparel-and-product-manufacturing,Contact for quote,Textile Connect,https://textileconnect.com/directory/
A Creative Canvas Co. Inc.,Denver,CO,https://textileconnect.com/directory/a-creative-canvas-co-inc/,https://textileconnect.com/directory/a-creative-canvas-co-inc/,https://textileconnect.com/directory/a-creative-canvas-co-inc/,,,manufacturer,Textile Connect: apparel-and-product-manufacturing,Contact for quote,Textile Connect,https://textileconnect.com/directory/
B.W.T. Industries Inc.,Long Beach,CA,https://textileconnect.com/directory/b-w-t-industries-inc/,https://textileconnect.com/directory/b-w-t-industries-inc/,https://textileconnect.com/directory/b-w-t-industries-inc/,,,manufacturer,Textile Connect: apparel-and-product-manufacturing,Contact for quote,Textile Connect,https://textileconnect.com/directory/
B’s Kustom Kreations,Jefferson,MO,https://textileconnect.com/directory/bs-kustom-kreations/,https://textileconnect.com/directory/bs-kustom-kreations/,https://textileconnect.com/directory/bs-kustom-kreations/,,,manufacturer,Textile Connect: apparel-and-product-manufacturing,Contact for quote,Textile Connect,https://textileconnect.com/directory/
B & A Remnant Co,Greensboro,NC,https://textileconnect.com/directory/b-a-remnant-co/,https://textileconnect.com/directory/b-a-remnant-co/,https://textileconnect.com/directory/b-a-remnant-co/,,,manufacturer,Textile Connect: apparel-and-product-manufacturing,Contact for quote,Textile Connect,https://textileconnect.com/directory/
"B & B Accessories, Inc.",Syosset,NY,https://textileconnect.com/directory/b-b-accessories-inc/,https://textileconnect.com/directory/b-b-accessories-inc/,https://textileconnect.com/directory/b-b-accessories-inc/,,,manufacturer,Textile Connect: apparel-and-product-manufacturing,Contact for quote,Textile Connect,https://textileconnect.com/directory/
B&B Accessories Inc,Syosset,NY,https://textileconnect.com/directory/bb-accessories-inc/,https://textileconnect.com/directory/bb-accessories-inc/,https://textileconnect.com/directory/bb-accessories-inc/,,,manufacturer,Textile Connect: apparel-and-product-manufacturing,Contact for quote,Textile Connect,https://textileconnect.com/directory/
B&B Sweater Mills,Brooklyn,NY,https://textileconnect.com/directory/bb-sweater-mills/,https://textileconnect.com/directory/bb-sweater-mills/,https://textileconnect.com/directory/bb-sweater-mills/,,,manufacturer,Textile Connect: apparel-and-product-manufacturing,Contact for quote,Textile Connect,https://textileconnect.com/directory/
B & B Swimwear Inc,Jefferson,NC,https://textileconnect.com/directory/b-b-swimwear-inc/,https://textileconnect.com/directory/b-b-swimwear-inc/,https://textileconnect.com/directory/b-b-swimwear-inc/,,,manufacturer,Textile Connect: apparel-and-product-manufacturing,Contact for quote,Textile Connect,https://textileconnect.com/directory/
B & B T-Shirts,Greensboro,NC,https://textileconnect.com/directory/b-b-t-shirts/,https://textileconnect.com/directory/b-b-t-shirts/,https://textileconnect.com/directory/b-b-t-shirts/,,,manufacturer,Textile Connect: apparel-and-product-manufacturing,Contact for quote,Textile Connect,https://textileconnect.com/directory/
B & B Trim,Jefferson,SC,https://textileconnect.com/directory/b-b-trim/,https://textileconnect.com/directory/b-b-trim/,https://textileconnect.com/directory/b-b-trim/,,,manufacturer,Textile Connect: apparel-and-product-manufacturing,Contact for quote,Textile Connect,https://textileconnect.com/directory/
B & D Hosiery,Oakboro,NC,https://textileconnect.com/directory/b-d-hosiery/,https://textileconnect.com/directory/b-d-hosiery/,https://textileconnect.com/directory/b-d-hosiery/,,,manufacturer,Textile Connect: apparel-and-product-manufacturing,Contact for quote,Textile Connect,https://textileconnect.com/directory/
B & H Fabrics,Greensboro,NC,https://textileconnect.com/directory/b-h-fabrics/,https://textileconnect.com/directory/b-h-fabrics/,https://textileconnect.com/directory/b-h-fabrics/,,,manufacturer,Textile Connect: apparel-and-product-manufacturing,Contact for quote,Textile Connect,https://textileconnect.com/directory/
B & J Knits Inc,Statesville,NC,https://textileconnect.com/directory/b-j-knits-inc/,https://textileconnect.com/directory/b-j-knits-inc/,https://textileconnect.com/directory/b-j-knits-inc/,,,manufacturer,Textile Connect: apparel-and-product-manufacturing,Contact for quote,Textile Connect,https://textileconnect.com/directory/
B & M Wholesale,Mt Airy,NC,https://textileconnect.com/directory/b-m-wholesale/,https://textileconnect.com/directory/b-m-wholesale/,https://textileconnect.com/directory/b-m-wholesale/,,,manufacturer,Textile Connect: apparel-and-product-manufacturing,Contact for quote,Textile Connect,https://textileconnect.com/directory/
B&R Innovations LLC,Bethpage,NY,https://textileconnect.com/directory/br-innovations-llc/,https://textileconnect.com/directory/br-innovations-llc/,https://textileconnect.com/directory/br-innovations-llc/,,,manufacturer,Textile Connect: apparel-and-product-manufacturing,Contact for quote,Textile Connect,https://textileconnect.com/directory/
B&R Textile – Temporarily Closed,New York,NY,https://textileconnect.com/directory/br-textile-temporarily-closed/,https://textileconnect.com/directory/br-textile-temporarily-closed/,https://textileconnect.com/directory/br-textile-temporarily-closed/,,,manufacturer,Textile Connect: apparel-and-product-manufacturing,Contact for quote,Textile Connect,https://textileconnect.com/directory/
B & S Socks,Asheboro,NC,https://textileconnect.com/directory/b-s-socks/,https://textileconnect.com/directory/b-s-socks/,https://textileconnect.com/directory/b-s-socks/,,,manufacturer,Textile Connect: apparel-and-product-manufacturing,Contact for quote,Textile Connect,https://textileconnect.com/directory/
B & W Fiberglass – Forest City,Forest,NC,https://textileconnect.com/directory/b-w-fiberglass-forest-city/,https://textileconnect.com/directory/b-w-fiberglass-forest-city/,https://textileconnect.com/directory/b-w-fiberglass-forest-city/,,,manufacturer,Textile Connect: apparel-and-product-manufacturing,Contact for quote,Textile Connect,https://textileconnect.com/directory/
B & W Fiberglass – Shelby,Shelby,NC,https://textileconnect.com/directory/b-w-fiberglass-shelby/,https://textileconnect.com/directory/b-w-fiberglass-shelby/,https://textileconnect.com/directory/b-w-fiberglass-shelby/,,,manufacturer,Textile Connect: apparel-and-product-manufacturing,Contact for quote,Textile Connect,https://textileconnect.com/directory/
Babee Greens,Asheville,NC,https://textileconnect.com/directory/babee-greens/,https://textileconnect.com/directory/babee-greens/,https://textileconnect.com/directory/babee-greens/,,,manufacturer,Textile Connect: apparel-and-product-manufacturing,Contact for quote,Textile Connect,https://textileconnect.com/directory/
Baby Needs Inc,Burlington,NC,https://textileconnect.com/directory/baby-needs-inc/,https://textileconnect.com/directory/baby-needs-inc/,https://textileconnect.com/directory/baby-needs-inc/,,,manufacturer,Textile Connect: apparel-and-product-manufacturing,Contact for quote,Textile Connect,https://textileconnect.com/directory/
Back Creek Canvas,Annapolis,MD,https://textileconnect.com/directory/back-creek-canvas/,https://textileconnect.com/directory/back-creek-canvas/,https://textileconnect.com/directory/back-creek-canvas/,,,manufacturer,Textile Connect: apparel-and-product-manufacturing,Contact for quote,Textile Connect,https://textileconnect.com/directory/
Back International LLC – Charlotte,Charlotte,NC,https://textileconnect.com/directory/back-international-llc-charlotte/,https://textileconnect.com/directory/back-international-llc-charlotte/,https://textileconnect.com/directory/back-international-llc-charlotte/,,,manufacturer,Textile Connect: apparel-and-product-manufacturing,Contact for quote,Textile Connect,https://textileconnect.com/directory/
Back International LLC- Pinehurst,Pinehurst,NC,https://textileconnect.com/directory/back-international-llc-pinehurst/,https://textileconnect.com/directory/back-international-llc-pinehurst/,https://textileconnect.com/directory/back-international-llc-pinehurst/,,,manufacturer,Textile Connect: apparel-and-product-manufacturing,Contact for quote,Textile Connect,https://textileconnect.com/directory/
Backyard Outfitters Inc,Lexington,SC,https://textileconnect.com/directory/backyard-outfitters-inc/,https://textileconnect.com/directory/backyard-outfitters-inc/,https://textileconnect.com/directory/backyard-outfitters-inc/,,,manufacturer,Textile Connect: apparel-and-product-manufacturing,Contact for quote,Textile Connect,https://textileconnect.com/directory/
Badger Sportswear Inc – Fairmont,Fairmont,NC,https://textileconnect.com/directory/badger-sportswear-inc-fairmont/,https://textileconnect.com/directory/badger-sportswear-inc-fairmont/,https://textileconnect.com/directory/badger-sportswear-inc-fairmont/,,,manufacturer,Textile Connect: apparel-and-product-manufacturing,Contact for quote,Textile Connect,https://textileconnect.com/directory/
Badger Sportswear Inc -Statesville,Statesville,NC,https://textileconnect.com/directory/badger-sportswear-inc-statesville/,https://textileconnect.com/directory/badger-sportswear-inc-statesville/,https://textileconnect.com/directory/badger-sportswear-inc-statesville/,,,manufacturer,Textile Connect: apparel-and-product-manufacturing,Contact for quote,Textile Connect,https://textileconnect.com/directory/
Bae Systems Land & Armament LP,Monroe,NC,https://textileconnect.com/directory/bae-systems-land-armament-lp/,https://textileconnect.com/directory/bae-systems-land-armament-lp/,https://textileconnect.com/directory/bae-systems-land-armament-lp/,,,manufacturer,Textile Connect: apparel-and-product-manufacturing,Contact for quote,Textile Connect,https://textileconnect.com/directory/
Bag Lady,Lugoff,SC,https://textileconnect.com/directory/bag-lady/,https://textileconnect.com/directory/bag-lady/,https://textileconnect.com/directory/bag-lady/,,,manufacturer,Textile Connect: apparel-and-product-manufacturing,Contact for quote,Textile Connect,https://textileconnect.com/directory/
Bahamia Rental,Nassau,,https://textileconnect.com/directory/bahamia-rental/,https://textileconnect.com/directory/bahamia-rental/,https://textileconnect.com/directory/bahamia-rental/,,,manufacturer,Textile Connect: apparel-and-product-manufacturing,Contact for quote,Textile Connect,https://textileconnect.com/directory/
Bailey Knit Corp.,Fort Payne,AL,https://textileconnect.com/directory/bailey-knit-corp/,https://textileconnect.com/directory/bailey-knit-corp/,https://textileconnect.com/directory/bailey-knit-corp/,,,manufacturer,Textile Connect: apparel-and-product-manufacturing,Contact for quote,Textile Connect,https://textileconnect.com/directory/
Bailly Industrial,"Niteroi RJ, Brazil",,https://textileconnect.com/directory/bailly-industrial/,https://textileconnect.com/directory/bailly-industrial/,https://textileconnect.com/directory/bailly-industrial/,,,manufacturer,Textile Connect: apparel-and-product-manufacturing,Contact for quote,Textile Connect,https://textileconnect.com/directory/
"Bainbridge International, Inc.",Canton,MA,https://textileconnect.com/directory/bainbridge-international-inc/,https://textileconnect.com/directory/bainbridge-international-inc/,https://textileconnect.com/directory/bainbridge-international-inc/,,,manufacturer,Textile Connect: apparel-and-product-manufacturing,Contact for quote,Textile Connect,https://textileconnect.com/directory/
BakerCorp,Augusta,GA,https://textileconnect.com/directory/bakercorp/,https://textileconnect.com/directory/bakercorp/,https://textileconnect.com/directory/bakercorp/,,,manufacturer,Textile Connect: apparel-and-product-manufacturing,Contact for quote,Textile Connect,https://textileconnect.com/directory/
Baker Furniture Co,High Point,NC,https://textileconnect.com/directory/baker-furniture-co/,https://textileconnect.com/directory/baker-furniture-co/,https://textileconnect.com/directory/baker-furniture-co/,,,manufacturer,Textile Connect: apparel-and-product-manufacturing,Contact for quote,Textile Connect,https://textileconnect.com/directory/
"Bali, L.L.C.",Winston Salem,NC,https://textileconnect.com/directory/bali-l-l-c/,https://textileconnect.com/directory/bali-l-l-c/,https://textileconnect.com/directory/bali-l-l-c/,,,manufacturer,Textile Connect: apparel-and-product-manufacturing,Contact for quote,Textile Connect,https://textileconnect.com/directory/
Bali Co,Winston Salem,NC,https://textileconnect.com/directory/bali-co/,https://textileconnect.com/directory/bali-co/,https://textileconnect.com/directory/bali-co/,,,manufacturer,Textile Connect: apparel-and-product-manufacturing,Contact for quote,Textile Connect,https://textileconnect.com/directory/
Bally Ribbon Mills,Bally,PA,https://textileconnect.com/directory/bally-ribbon-mills/,https://textileconnect.com/directory/bally-ribbon-mills/,https://textileconnect.com/directory/bally-ribbon-mills/,,,manufacturer,Textile Connect: apparel-and-product-manufacturing,Contact for quote,Textile Connect,https://textileconnect.com/directory/
Bamberger Polymers,Huntersville,NC,https://textileconnect.com/directory/bamberger-polymers/,https://textileconnect.com/directory/bamberger-polymers/,https://textileconnect.com/directory/bamberger-polymers/,,,manufacturer,Textile Connect: apparel-and-product-manufacturing,Contact for quote,Textile Connect,https://textileconnect.com/directory/
Bamco Belting Products,Greenville,SC,https://textileconnect.com/directory/bamco-belting-products/,https://textileconnect.com/directory/bamco-belting-products/,https://textileconnect.com/directory/bamco-belting-products/,,,manufacturer,Textile Connect: apparel-and-product-manufacturing,Contact for quote,Textile Connect,https://textileconnect.com/directory/
Banar Marine Canvas LLC,Kennett Square,PA,https://textileconnect.com/directory/banar-marine-canvas-llc/,https://textileconnect.com/directory/banar-marine-canvas-llc/,https://textileconnect.com/directory/banar-marine-canvas-llc/,,,manufacturer,Textile Connect: apparel-and-product-manufacturing,Contact for quote,Textile Connect,https://textileconnect.com/directory/
Bank of America Financial Center,Charlotte,NC,https://textileconnect.com/directory/bank-of-america-financial-center/,https://textileconnect.com/directory/bank-of-america-financial-center/,https://textileconnect.com/directory/bank-of-america-financial-center/,,,manufacturer,Textile Connect: apparel-and-product-manufacturing,Contact for quote,Textile Connect,https://textileconnect.com/directory/
Banner Canvas,Ham Lake,MN,https://textileconnect.com/directory/banner-canvas/,https://textileconnect.com/directory/banner-canvas/,https://textileconnect.com/directory/banner-canvas/,,,manufacturer,Textile Connect: apparel-and-product-manufacturing,Contact for quote,Textile Connect,https://textileconnect.com/directory/
Baraboo Tent & Awning Inc.,Baraboo,WI,https://textileconnect.com/directory/baraboo-tent-awning-inc/,https://textileconnect.com/directory/baraboo-tent-awning-inc/,https://textileconnect.com/directory/baraboo-tent-awning-inc/,,,manufacturer,Textile Connect: apparel-and-product-manufacturing,Contact for quote,Textile Connect,https://textileconnect.com/directory/
Barbett Industries Inc.,Reading,PA,https://textileconnect.com/directory/barbett-industries-inc/,https://textileconnect.com/directory/barbett-industries-inc/,https://textileconnect.com/directory/barbett-industries-inc/,,,manufacturer,Textile Connect: apparel-and-product-manufacturing,Contact for quote,Textile Connect,https://textileconnect.com/directory/
Barbour Fur Co,Smithfield,NC,https://textileconnect.com/directory/barbour-fur-co/,https://textileconnect.com/directory/barbour-fur-co/,https://textileconnect.com/directory/barbour-fur-co/,,,manufacturer,Textile Connect: apparel-and-product-manufacturing,Contact for quote,Textile Connect,https://textileconnect.com/directory/
Bargain City Clothing,Spartanburg,SC,https://textileconnect.com/directory/bargain-city-clothing/,https://textileconnect.com/directory/bargain-city-clothing/,https://textileconnect.com/directory/bargain-city-clothing/,,,manufacturer,Textile Connect: apparel-and-product-manufacturing,Contact for quote,Textile Connect,https://textileconnect.com/directory/
Barnes and Company,Martinsville,VA,https://textileconnect.com/directory/barnes-and-company/,https://textileconnect.com/directory/barnes-and-company/,https://textileconnect.com/directory/barnes-and-company/,,,manufacturer,Textile Connect: apparel-and-product-manufacturing,Contact for quote,Textile Connect,https://textileconnect.com/directory/
Barney’s Hosiery,Hickory,NC,https://textileconnect.com/directory/barneys-hosiery/,https://textileconnect.com/directory/barneys-hosiery/,https://textileconnect.com/directory/barneys-hosiery/,,,manufacturer,Textile Connect: apparel-and-product-manufacturing,Contact for quote,Textile Connect,https://textileconnect.com/directory/
Barnhardt Manufacturing Co. (Charlotte),Charlotte,NC,https://textileconnect.com/directory/barnhardt-manufacturing-co-charlotte/,https://textileconnect.com/directory/barnhardt-manufacturing-co-charlotte/,https://textileconnect.com/directory/barnhardt-manufacturing-co-charlotte/,,,manufacturer,Textile Connect: apparel-and-product-manufacturing,Contact for quote,Textile Connect,https://textileconnect.com/directory/
Barnhardt Manufacturing Co. (Hickory),Hickory,NC,https://textileconnect.com/directory/barnhardt-manufacturing-co-hickory/,https://textileconnect.com/directory/barnhardt-manufacturing-co-hickory/,https://textileconnect.com/directory/barnhardt-manufacturing-co-hickory/,,,manufacturer,Textile Connect: apparel-and-product-manufacturing,Contact for quote,Textile Connect,https://textileconnect.com/directory/
Barnhardt Purified Cotton,Charlotte,NC,https://textileconnect.com/directory/barnhardt-purified-cotton/,https://textileconnect.com/directory/barnhardt-purified-cotton/,https://textileconnect.com/directory/barnhardt-purified-cotton/,,,manufacturer,Textile Connect: apparel-and-product-manufacturing,Contact for quote,Textile Connect,https://textileconnect.com/directory/
Barnhill Decorating Ctr,Aiken,SC,https://textileconnect.com/directory/barnhill-decorating-ctr/,https://textileconnect.com/directory/barnhill-decorating-ctr/,https://textileconnect.com/directory/barnhill-decorating-ctr/,,,manufacturer,Textile Connect: apparel-and-product-manufacturing,Contact for quote,Textile Connect,https://textileconnect.com/directory/
"Barrday, Inc.","Cambridge, ON",,https://textileconnect.com/directory/barrday-inc/,https://textileconnect.com/directory/barrday-inc/,https://textileconnect.com/directory/barrday-inc/,,,manufacturer,Textile Connect: apparel-and-product-manufacturing,Contact for quote,Textile Connect,https://textileconnect.com/directory/
Barrday Corp,Charlotte,NC,https://textileconnect.com/directory/barrday-corp/,https://textileconnect.com/directory/barrday-corp/,https://textileconnect.com/directory/barrday-corp/,,,manufacturer,Textile Connect: apparel-and-product-manufacturing,Contact for quote,Textile Connect,https://textileconnect.com/directory/
Barrentine Co,Bakersfield,CA,https://textileconnect.com/directory/barrentine-co/,https://textileconnect.com/directory/barrentine-co/,https://textileconnect.com/directory/barrentine-co/,,,manufacturer,Textile Connect: apparel-and-product-manufacturing,Contact for quote,Textile Connect,https://textileconnect.com/directory/
Barrie Tent & Awning Co. Ltd.,Ontario,,https://textileconnect.com/directory/barrie-tent-awning-co-ltd/,https://textileconnect.com/directory/barrie-tent-awning-co-ltd/,https://textileconnect.com/directory/barrie-tent-awning-co-ltd/,,,manufacturer,Textile Connect: apparel-and-product-manufacturing,Contact for quote,Textile Connect,https://textileconnect.com/directory/
Barry’s Better Menswear,Gainesville,GA,https://textileconnect.com/directory/barrys-better-menswear/,https://textileconnect.com/directory/barrys-better-menswear/,https://textileconnect.com/directory/barrys-better-menswear/,,,manufacturer,Textile Connect: apparel-and-product-manufacturing,Contact for quote,Textile Connect,https://textileconnect.com/directory/
Barsoumian Enterprises Inc.,Valley Cottage,NY,https://textileconnect.com/directory/barsoumian-enterprises-inc/,https://textileconnect.com/directory/barsoumian-enterprises-inc/,https://textileconnect.com/directory/barsoumian-enterprises-inc/,,,manufacturer,Textile Connect: apparel-and-product-manufacturing,Contact for quote,Textile Connect,https://textileconnect.com/directory/
Barton Bait Distributors,Aiken,SC,https://textileconnect.com/directory/barton-bait-distributors/,https://textileconnect.com/directory/barton-bait-distributors/,https://textileconnect.com/directory/barton-bait-distributors/,,,manufacturer,Textile Connect: apparel-and-product-manufacturing,Contact for quote,Textile Connect,https://textileconnect.com/directory/
Bartson Fabrics Inc,High Point,NC,https://textileconnect.com/directory/bartson-fabrics-inc/,https://textileconnect.com/directory/bartson-fabrics-inc/,https://textileconnect.com/directory/bartson-fabrics-inc/,,,manufacturer,Textile Connect: apparel-and-product-manufacturing,Contact for quote,Textile Connect,https://textileconnect.com/directory/
Bartson Fabrics Inc – NJ,Midland Park,NJ,https://textileconnect.com/directory/bartson-fabrics-inc-nj/,https://textileconnect.com/directory/bartson-fabrics-inc-nj/,https://textileconnect.com/directory/bartson-fabrics-inc-nj/,,,manufacturer,Textile Connect: apparel-and-product-manufacturing,Contact for quote,Textile Connect,https://textileconnect.com/directory/
Barudan America,Archdale,NC,https://textileconnect.com/directory/barudan-america/,https://textileconnect.com/directory/barudan-america/,https://textileconnect.com/directory/barudan-america/,,,manufacturer,Textile Connect: apparel-and-product-manufacturing,Contact for quote,Textile Connect,https://textileconnect.com/directory/
Basalt Specialty Products Inc,Elkin,NC,https://textileconnect.com/directory/basalt-specialty-products-inc/,https://textileconnect.com/directory/basalt-specialty-products-inc/,https://textileconnect.com/directory/basalt-specialty-products-inc/,,,manufacturer,Textile Connect: apparel-and-product-manufacturing,Contact for quote,Textile Connect,https://textileconnect.com/directory/
BASF Corporation – Charlotte,Charlotte,NC,https://textileconnect.com/directory/basf-corporation-charlotte/,https://textileconnect.com/directory/basf-corporation-charlotte/,https://textileconnect.com/directory/basf-corporation-charlotte/,,,manufacturer,Textile Connect: apparel-and-product-manufacturing,Contact for quote,Textile Connect,https://textileconnect.com/directory/
BASF Corporation- Research Triangle,Research Triangle,NC,https://textileconnect.com/directory/basf-corporation-research-triangle/,https://textileconnect.com/directory/basf-corporation-research-triangle/,https://textileconnect.com/directory/basf-corporation-research-triangle/,,,manufacturer,Textile Connect: apparel-and-product-manufacturing,Contact for quote,Textile Connect,https://textileconnect.com/directory/
Basic Concepts Inc.,Anderson,SC,https://textileconnect.com/directory/basic-concepts-inc/,https://textileconnect.com/directory/basic-concepts-inc/,https://textileconnect.com/directory/basic-concepts-inc/,,,manufacturer,Textile Connect: apparel-and-product-manufacturing,Contact for quote,Textile Connect,https://textileconnect.com/directory/
"Basofil FIbers, LLC",Northwest Hickory,NC,https://textileconnect.com/directory/basofil-fibers-llc/,https://textileconnect.com/directory/basofil-fibers-llc/,https://textileconnect.com/directory/basofil-fibers-llc/,,,manufacturer,Textile Connect: apparel-and-product-manufacturing,Contact for quote,Textile Connect,https://textileconnect.com/directory/
"BAST Fibre Technologies, Inc.","Victoria, BC V8Z 7X8",,https://textileconnect.com/directory/bast-fibre-technologies-inc/,https://textileconnect.com/directory/bast-fibre-technologies-inc/,https://textileconnect.com/directory/bast-fibre-technologies-inc/,,,manufacturer,Textile Connect: apparel-and-product-manufacturing,Contact for quote,Textile Connect,https://textileconnect.com/directory/
Batson Group,Greenville,SC,https://textileconnect.com/directory/batson-group/,https://textileconnect.com/directory/batson-group/,https://textileconnect.com/directory/batson-group/,,,manufacturer,Textile Connect: apparel-and-product-manufacturing,Contact for quote,Textile Connect,https://textileconnect.com/directory/
BAT USA Inc.,Chester,NY,https://textileconnect.com/directory/bat-usa-inc/,https://textileconnect.com/directory/bat-usa-inc/,https://textileconnect.com/directory/bat-usa-inc/,,,manufacturer,Textile Connect: apparel-and-product-manufacturing,Contact for quote,Textile Connect,https://textileconnect.com/directory/
Batz Corp.,Prattsville,AR,https://textileconnect.com/directory/batz-corp/,https://textileconnect.com/directory/batz-corp/,https://textileconnect.com/directory/batz-corp/,,,manufacturer,Textile Connect: apparel-and-product-manufacturing,Contact for quote,Textile Connect,https://textileconnect.com/directory/
Bauer Industries Inc,Hildebran,NC,https://textileconnect.com/directory/bauer-industries-inc/,https://textileconnect.com/directory/bauer-industries-inc/,https://textileconnect.com/directory/bauer-industries-inc/,,,manufacturer,Textile Connect: apparel-and-product-manufacturing,Contact for quote,Textile Connect,https://textileconnect.com/directory/
Baum Environmental Group Inc.,Baton Rouge,LA,https://textileconnect.com/directory/baum-environmental-group-inc/,https://textileconnect.com/directory/baum-environmental-group-inc/,https://textileconnect.com/directory/baum-environmental-group-inc/,,,manufacturer,Textile Connect: apparel-and-product-manufacturing,Contact for quote,Textile Connect,https://textileconnect.com/directory/
Baxter Corp,Shelby,NC,https://textileconnect.com/directory/baxter-corp/,https://textileconnect.com/directory/baxter-corp/,https://textileconnect.com/directory/baxter-corp/,,,manufacturer,Textile Connect: apparel-and-product-manufacturing,Contact for quote,Textile Connect,https://textileconnect.com/directory/
Bayer Corp,Simpsonville,SC,https://textileconnect.com/directory/bayer-corp/,https://textileconnect.com/directory/bayer-corp/,https://textileconnect.com/directory/bayer-corp/,,,manufacturer,Textile Connect: apparel-and-product-manufacturing,Contact for quote,Textile Connect,https://textileconnect.com/directory/
Bay Island Sports Wear,Greenwood,SC,https://textileconnect.com/directory/bay-island-sports-wear/,https://textileconnect.com/directory/bay-island-sports-wear/,https://textileconnect.com/directory/bay-island-sports-wear/,,,manufacturer,Textile Connect: apparel-and-product-manufacturing,Contact for quote,Textile Connect,https://textileconnect.com/directory/
Baylor University,Waco,TX,https://textileconnect.com/directory/baylor-university/,https://textileconnect.com/directory/baylor-university/,https://textileconnect.com/directory/baylor-university/,,,manufacturer,Textile Connect: apparel-and-product-manufacturing,Contact for quote,Textile Connect,https://textileconnect.com/directory/
Baytex Manufacturing Co. Ltd.,"Mt. Maunganui, New Zealand",,https://textileconnect.com/directory/baytex-manufacturing-co-ltd/,https://textileconnect.com/directory/baytex-manufacturing-co-ltd/,https://textileconnect.com/directory/baytex-manufacturing-co-ltd/,,,manufacturer,Textile Connect: apparel-and-product-manufacturing,Contact for quote,Textile Connect,https://textileconnect.com/directory/
Bayview Blind Co,Greenville,SC,https://textileconnect.com/directory/bayview-blind-co/,https://textileconnect.com/directory/bayview-blind-co/,https://textileconnect.com/directory/bayview-blind-co/,,,manufacturer,Textile Connect: apparel-and-product-manufacturing,Contact for quote,Textile Connect,https://textileconnect.com/directory/
Bayview Canvas,Little Egg Harbor,NJ,https://textileconnect.com/directory/bayview-canvas/,https://textileconnect.com/directory/bayview-canvas/,https://textileconnect.com/directory/bayview-canvas/,,,manufacturer,Textile Connect: apparel-and-product-manufacturing,Contact for quote,Textile Connect,https://textileconnect.com/directory/
B Black & Sons,Los Angeles,CA,https://textileconnect.com/directory/b-black-sons/,https://textileconnect.com/directory/b-black-sons/,https://textileconnect.com/directory/b-black-sons/,,,manufacturer,Textile Connect: apparel-and-product-manufacturing,Contact for quote,Textile Connect,https://textileconnect.com/directory/
"BCBG Max Azria Group, Inc.",Wilson,NC,https://textileconnect.com/directory/bcbg-max-azria-group-inc/,https://textileconnect.com/directory/bcbg-max-azria-group-inc/,https://textileconnect.com/directory/bcbg-max-azria-group-inc/,,,manufacturer,Textile Connect: apparel-and-product-manufacturing,Contact for quote,Textile Connect,https://textileconnect.com/directory/
C-Spray Painting Fiberglass,Wilmington,NC,https://textileconnect.com/directory/c-spray-painting-fiberglass/,https://textileconnect.com/directory/c-spray-painting-fiberglass/,https://textileconnect.com/directory/c-spray-painting-fiberglass/,,,manufacturer,Textile Connect: apparel-and-product-manufacturing,Contact for quote,Textile Connect,https://textileconnect.com/directory/
C-Worthy Corp.,Pompano Beach,FL,https://textileconnect.com/directory/c-worthy-corp/,https://textileconnect.com/directory/c-worthy-corp/,https://textileconnect.com/directory/c-worthy-corp/,,,manufacturer,Textile Connect: apparel-and-product-manufacturing,Contact for quote,Textile Connect,https://textileconnect.com/directory/
C.E. King & Sons Inc.,East Hampton,NY,https://textileconnect.com/directory/c-e-king-sons-inc/,https://textileconnect.com/directory/c-e-king-sons-inc/,https://textileconnect.com/directory/c-e-king-sons-inc/,,,manufacturer,Textile Connect: apparel-and-product-manufacturing,Contact for quote,Textile Connect,https://textileconnect.com/directory/
C.S. Osborne & Co.,Harrison,NJ,https://textileconnect.com/directory/c-s-osborne-co/,https://textileconnect.com/directory/c-s-osborne-co/,https://textileconnect.com/directory/c-s-osborne-co/,,,manufacturer,Textile Connect: apparel-and-product-manufacturing,Contact for quote,Textile Connect,https://textileconnect.com/directory/
C & H Intl Corp,Statesville,NC,https://textileconnect.com/directory/c-h-intl-corp/,https://textileconnect.com/directory/c-h-intl-corp/,https://textileconnect.com/directory/c-h-intl-corp/,,,manufacturer,Textile Connect: apparel-and-product-manufacturing,Contact for quote,Textile Connect,https://textileconnect.com/directory/
C & L Mfg Co,Hays,NC,https://textileconnect.com/directory/c-l-mfg-co/,https://textileconnect.com/directory/c-l-mfg-co/,https://textileconnect.com/directory/c-l-mfg-co/,,,manufacturer,Textile Connect: apparel-and-product-manufacturing,Contact for quote,Textile Connect,https://textileconnect.com/directory/
C & R Warping,York,SC,https://textileconnect.com/directory/c-r-warping/,https://textileconnect.com/directory/c-r-warping/,https://textileconnect.com/directory/c-r-warping/,,,manufacturer,Textile Connect: apparel-and-product-manufacturing,Contact for quote,Textile Connect,https://textileconnect.com/directory/
C & S Weave Express,Fayetteville,NC,https://textileconnect.com/directory/c-s-weave-express/,https://textileconnect.com/directory/c-s-weave-express/,https://textileconnect.com/directory/c-s-weave-express/,,,manufacturer,Textile Connect: apparel-and-product-manufacturing,Contact for quote,Textile Connect,https://textileconnect.com/directory/
C & T Mfg Co,Simpsonville,SC,https://textileconnect.com/directory/c-t-mfg-co/,https://textileconnect.com/directory/c-t-mfg-co/,https://textileconnect.com/directory/c-t-mfg-co/,,,manufacturer,Textile Connect: apparel-and-product-manufacturing,Contact for quote,Textile Connect,https://textileconnect.com/directory/
C & W Cotton Warehouse,Greer,SC,https://textileconnect.com/directory/c-w-cotton-warehouse/,https://textileconnect.com/directory/c-w-cotton-warehouse/,https://textileconnect.com/directory/c-w-cotton-warehouse/,,,manufacturer,Textile Connect: apparel-and-product-manufacturing,Contact for quote,Textile Connect,https://textileconnect.com/directory/
C & Y Co,Spring Lake,NC,https://textileconnect.com/directory/c-y-co/,https://textileconnect.com/directory/c-y-co/,https://textileconnect.com/directory/c-y-co/,,,manufacturer,Textile Connect: apparel-and-product-manufacturing,Contact for quote,Textile Connect,https://textileconnect.com/directory/
Cabarrus Hosiery Inc,Mt Pleasant,NC,https://textileconnect.com/directory/cabarrus-hosiery-inc/,https://textileconnect.com/directory/cabarrus-hosiery-inc/,https://textileconnect.com/directory/cabarrus-hosiery-inc/,,,manufacturer,Textile Connect: apparel-and-product-manufacturing,Contact for quote,Textile Connect,https://textileconnect.com/directory/
Cabarrus Textile LLC,Concord,NC,https://textileconnect.com/directory/cabarrus-textile-llc/,https://textileconnect.com/directory/cabarrus-textile-llc/,https://textileconnect.com/directory/cabarrus-textile-llc/,,,manufacturer,Textile Connect: apparel-and-product-manufacturing,Contact for quote,Textile Connect,https://textileconnect.com/directory/
Cable Materials Inc,Atlanta,GA,https://textileconnect.com/directory/cable-materials-inc/,https://textileconnect.com/directory/cable-materials-inc/,https://textileconnect.com/directory/cable-materials-inc/,,,manufacturer,Textile Connect: apparel-and-product-manufacturing,Contact for quote,Textile Connect,https://textileconnect.com/directory/
Cactus Barn,Louisburg,NC,https://textileconnect.com/directory/cactus-barn/,https://textileconnect.com/directory/cactus-barn/,https://textileconnect.com/directory/cactus-barn/,,,manufacturer,Textile Connect: apparel-and-product-manufacturing,Contact for quote,Textile Connect,https://textileconnect.com/directory/
Caesar’s Upholstery,Jacksonville,NC,https://textileconnect.com/directory/caesars-upholstery/,https://textileconnect.com/directory/caesars-upholstery/,https://textileconnect.com/directory/caesars-upholstery/,,,manufacturer,Textile Connect: apparel-and-product-manufacturing,Contact for quote,Textile Connect,https://textileconnect.com/directory/
Cafco Inc,Greer,SC,https://textileconnect.com/directory/cafco-inc/,https://textileconnect.com/directory/cafco-inc/,https://textileconnect.com/directory/cafco-inc/,,,manufacturer,Textile Connect: apparel-and-product-manufacturing,Contact for quote,Textile Connect,https://textileconnect.com/directory/
Cahill & Swain Inc,Winston Salem,NC,https://textileconnect.com/directory/cahill-swain-inc/,https://textileconnect.com/directory/cahill-swain-inc/,https://textileconnect.com/directory/cahill-swain-inc/,,,manufacturer,Textile Connect: apparel-and-product-manufacturing,Contact for quote,Textile Connect,https://textileconnect.com/directory/
Cain Awning Co. Inc.,Birmingham,AL,https://textileconnect.com/directory/cain-awning-co-inc/,https://textileconnect.com/directory/cain-awning-co-inc/,https://textileconnect.com/directory/cain-awning-co-inc/,,,manufacturer,Textile Connect: apparel-and-product-manufacturing,Contact for quote,Textile Connect,https://textileconnect.com/directory/
Calamo Silk,New York,NY,https://textileconnect.com/directory/calamo-silk/,https://textileconnect.com/directory/calamo-silk/,https://textileconnect.com/directory/calamo-silk/,,,manufacturer,Textile Connect: apparel-and-product-manufacturing,Contact for quote,Textile Connect,https://textileconnect.com/directory/
Calcot Ltd.,Bakersfield,CA,https://textileconnect.com/directory/calcot-ltd/,https://textileconnect.com/directory/calcot-ltd/,https://textileconnect.com/directory/calcot-ltd/,,,manufacturer,Textile Connect: apparel-and-product-manufacturing,Contact for quote,Textile Connect,https://textileconnect.com/directory/
"Caledonian Dye Works, Inc.",Philadelphia,PA,https://textileconnect.com/directory/caledonian-dye-works-inc/,https://textileconnect.com/directory/caledonian-dye-works-inc/,https://textileconnect.com/directory/caledonian-dye-works-inc/,,,manufacturer,Textile Connect: apparel-and-product-manufacturing,Contact for quote,Textile Connect,https://textileconnect.com/directory/
Calgary Tent & Awning Ltd.,Calgary AB T2A 6A2 CANADA,,https://textileconnect.com/directory/calgary-tent-awning-ltd/,https://textileconnect.com/directory/calgary-tent-awning-ltd/,https://textileconnect.com/directory/calgary-tent-awning-ltd/,,,manufacturer,Textile Connect: apparel-and-product-manufacturing,Contact for quote,Textile Connect,https://textileconnect.com/directory/
Calhoun Super Structures Ltd.,Tara ON N0H 2N0 CANADA,,https://textileconnect.com/directory/calhoun-super-structures-ltd/,https://textileconnect.com/directory/calhoun-super-structures-ltd/,https://textileconnect.com/directory/calhoun-super-structures-ltd/,,,manufacturer,Textile Connect: apparel-and-product-manufacturing,Contact for quote,Textile Connect,https://textileconnect.com/directory/
Calico Printers Inc,Marion,NC,https://textileconnect.com/directory/calico-printers-inc/,https://textileconnect.com/directory/calico-printers-inc/,https://textileconnect.com/directory/calico-printers-inc/,,,manufacturer,Textile Connect: apparel-and-product-manufacturing,Contact for quote,Textile Connect,https://textileconnect.com/directory/
California Industrial Fabrics DBA CI Fabrics,San Diego,CA,https://textileconnect.com/directory/california-industrial-fabrics-dba-ci-fabrics/,https://textileconnect.com/directory/california-industrial-fabrics-dba-ci-fabrics/,https://textileconnect.com/directory/california-industrial-fabrics-dba-ci-fabrics/,,,manufacturer,Textile Connect: apparel-and-product-manufacturing,Contact for quote,Textile Connect,https://textileconnect.com/directory/
"California Webbing Mills, Inc.",Los Angeles,CA,https://textileconnect.com/directory/california-webbing-mills-inc/,https://textileconnect.com/directory/california-webbing-mills-inc/,https://textileconnect.com/directory/california-webbing-mills-inc/,,,manufacturer,Textile Connect: apparel-and-product-manufacturing,Contact for quote,Textile Connect,https://textileconnect.com/directory/
Callaway Sales & Mfg,Mt Airy,NC,https://textileconnect.com/directory/callaway-sales-mfg/,https://textileconnect.com/directory/callaway-sales-mfg/,https://textileconnect.com/directory/callaway-sales-mfg/,,,manufacturer,Textile Connect: apparel-and-product-manufacturing,Contact for quote,Textile Connect,https://textileconnect.com/directory/
Cal Trims,Los Angeles,CA,https://textileconnect.com/directory/cal-trims/,https://textileconnect.com/directory/cal-trims/,https://textileconnect.com/directory/cal-trims/,,,manufacturer,Textile Connect: apparel-and-product-manufacturing,Contact for quote,Textile Connect,https://textileconnect.com/directory/
Camden Manufacturing Co,Camden,SC,https://textileconnect.com/directory/camden-manufacturing-co/,https://textileconnect.com/directory/camden-manufacturing-co/,https://textileconnect.com/directory/camden-manufacturing-co/,,,manufacturer,Textile Connect: apparel-and-product-manufacturing,Contact for quote,Textile Connect,https://textileconnect.com/directory/
Camel Sign & Awning,Knoxville,TN,https://textileconnect.com/directory/camel-sign-awning/,https://textileconnect.com/directory/camel-sign-awning/,https://textileconnect.com/directory/camel-sign-awning/,,,manufacturer,Textile Connect: apparel-and-product-manufacturing,Contact for quote,Textile Connect,https://textileconnect.com/directory/
Camoteck Co,Clinton,NC,https://textileconnect.com/directory/camoteck-co/,https://textileconnect.com/directory/camoteck-co/,https://textileconnect.com/directory/camoteck-co/,,,manufacturer,Textile Connect: apparel-and-product-manufacturing,Contact for quote,Textile Connect,https://textileconnect.com/directory/
Camso USA Inc.,Charlotte,NC,https://textileconnect.com/directory/camso-usa-inc/,https://textileconnect.com/directory/camso-usa-inc/,https://textileconnect.com/directory/camso-usa-inc/,,,manufacturer,Textile Connect: apparel-and-product-manufacturing,Contact for quote,Textile Connect,https://textileconnect.com/directory/
Candace Creations,Rock Hill,SC,https://textileconnect.com/directory/candace-creations/,https://textileconnect.com/directory/candace-creations/,https://textileconnect.com/directory/candace-creations/,,,manufacturer,Textile Connect: apparel-and-product-manufacturing,Contact for quote,Textile Connect,https://textileconnect.com/directory/
Candor Textiles,Indore MP INDIA,,https://textileconnect.com/directory/candor-textiles/,https://textileconnect.com/directory/candor-textiles/,https://textileconnect.com/directory/candor-textiles/,,,manufacturer,Textile Connect: apparel-and-product-manufacturing,Contact for quote,Textile Connect,https://textileconnect.com/directory/
Caney Valley Cotton Co.,Wharton,TX,https://textileconnect.com/directory/caney-valley-cotton-co/,https://textileconnect.com/directory/caney-valley-cotton-co/,https://textileconnect.com/directory/caney-valley-cotton-co/,,,manufacturer,Textile Connect: apparel-and-product-manufacturing,Contact for quote,Textile Connect,https://textileconnect.com/directory/
Canfab Products Ltd.,Edmonton AB T5L 4R6 CANADA,,https://textileconnect.com/directory/canfab-products-ltd/,https://textileconnect.com/directory/canfab-products-ltd/,https://textileconnect.com/directory/canfab-products-ltd/,,,manufacturer,Textile Connect: apparel-and-product-manufacturing,Contact for quote,Textile Connect,https://textileconnect.com/directory/
Canswe,Canoe BC V0E 1K0 CANADA,,https://textileconnect.com/directory/canswe/,https://textileconnect.com/directory/canswe/,https://textileconnect.com/directory/canswe/,,,manufacturer,Textile Connect: apparel-and-product-manufacturing,Contact for quote,Textile Connect,https://textileconnect.com/directory/
Canvas and Covers Whangarei Ltd.,Whangarei NTL NEW ZEALAND,,https://textileconnect.com/directory/canvas-and-covers-whangarei-ltd/,https://textileconnect.com/directory/canvas-and-covers-whangarei-ltd/,https://textileconnect.com/directory/canvas-and-covers-whangarei-ltd/,,,manufacturer,Textile Connect: apparel-and-product-manufacturing,Contact for quote,Textile Connect,https://textileconnect.com/directory/
Canvas Barn Marine Trimming,Swan Reach VIC AUSTRALIA,,https://textileconnect.com/directory/canvas-barn-marine-trimming/,https://textileconnect.com/directory/canvas-barn-marine-trimming/,https://textileconnect.com/directory/canvas-barn-marine-trimming/,,,manufacturer,Textile Connect: apparel-and-product-manufacturing,Contact for quote,Textile Connect,https://textileconnect.com/directory/
Canvas Craft Inc.,Otsego,MN,https://textileconnect.com/directory/canvas-craft-inc/,https://textileconnect.com/directory/canvas-craft-inc/,https://textileconnect.com/directory/canvas-craft-inc/,,,manufacturer,Textile Connect: apparel-and-product-manufacturing,Contact for quote,Textile Connect,https://textileconnect.com/directory/
Canvas Creation Galleries,Florence,SC,https://textileconnect.com/directory/canvas-creation-galleries/,https://textileconnect.com/directory/canvas-creation-galleries/,https://textileconnect.com/directory/canvas-creation-galleries/,,,manufacturer,Textile Connect: apparel-and-product-manufacturing,Contact for quote,Textile Connect,https://textileconnect.com/directory/
Canvas Designers Inc.,Riviera Beach,FL,https://textileconnect.com/directory/canvas-designers-inc/,https://textileconnect.com/directory/canvas-designers-inc/,https://textileconnect.com/directory/canvas-designers-inc/,,,manufacturer,Textile Connect: apparel-and-product-manufacturing,Contact for quote,Textile Connect,https://textileconnect.com/directory/
Canvas Innovations,Holland,MI,https://textileconnect.com/directory/canvas-innovations/,https://textileconnect.com/directory/canvas-innovations/,https://textileconnect.com/directory/canvas-innovations/,,,manufacturer,Textile Connect: apparel-and-product-manufacturing,Contact for quote,Textile Connect,https://textileconnect.com/directory/
CanvasJohn,St. Petersburg,FL,https://textileconnect.com/directory/canvasjohn/,https://textileconnect.com/directory/canvasjohn/,https://textileconnect.com/directory/canvasjohn/,,,manufacturer,Textile Connect: apparel-and-product-manufacturing,Contact for quote,Textile Connect,https://textileconnect.com/directory/
Canvasland Holdings Ltd.,Levin MWT 5510 NEW ZEALAND,,https://textileconnect.com/directory/canvasland-holdings-ltd/,https://textileconnect.com/directory/canvasland-holdings-ltd/,https://textileconnect.com/directory/canvasland-holdings-ltd/,,,manufacturer,Textile Connect: apparel-and-product-manufacturing,Contact for quote,Textile Connect,https://textileconnect.com/directory/
Canvas Products Association Zone 7 Inc.,West Palm Beach,FL,https://textileconnect.com/directory/canvas-products-association-zone-7-inc/,https://textileconnect.com/directory/canvas-products-association-zone-7-inc/,https://textileconnect.com/directory/canvas-products-association-zone-7-inc/,,,manufacturer,Textile Connect: apparel-and-product-manufacturing,Contact for quote,Textile Connect,https://textileconnect.com/directory/
Canvas Products Co. Inc.,Dubuque,IA,https://textileconnect.com/directory/canvas-products-co-inc/,https://textileconnect.com/directory/canvas-products-co-inc/,https://textileconnect.com/directory/canvas-products-co-inc/,,,manufacturer,Textile Connect: apparel-and-product-manufacturing,Contact for quote,Textile Connect,https://textileconnect.com/directory/
Canvas Products of Eagle River,Eagle River,WI,https://textileconnect.com/directory/canvas-products-of-eagle-river/,https://textileconnect.com/directory/canvas-products-of-eagle-river/,https://textileconnect.com/directory/canvas-products-of-eagle-river/,,,manufacturer,Textile Connect: apparel-and-product-manufacturing,Contact for quote,Textile Connect,https://textileconnect.com/directory/
Canvas Replacements Div./Camper & Recreation Inc.,Loyal,WI,https://textileconnect.com/directory/canvas-replacements-div-camper-recreation-inc/,https://textileconnect.com/directory/canvas-replacements-div-camper-recreation-inc/,https://textileconnect.com/directory/canvas-replacements-div-camper-recreation-inc/,,,manufacturer,Textile Connect: apparel-and-product-manufacturing,Contact for quote,Textile Connect,https://textileconnect.com/directory/
Canvas Shop,Wilson,NC,https://textileconnect.com/directory/canvas-shop/,https://textileconnect.com/directory/canvas-shop/,https://textileconnect.com/directory/canvas-shop/,,,manufacturer,Textile Connect: apparel-and-product-manufacturing,Contact for quote,Textile Connect,https://textileconnect.com/directory/
Canvas Solutions,Spring Lake,MI,https://textileconnect.com/directory/canvas-solutions/,https://textileconnect.com/directory/canvas-solutions/,https://textileconnect.com/directory/canvas-solutions/,,,manufacturer,Textile Connect: apparel-and-product-manufacturing,Contact for quote,Textile Connect,https://textileconnect.com/directory/
Canvastic Inc,Beaufort,NC,https://textileconnect.com/directory/canvastic-inc/,https://textileconnect.com/directory/canvastic-inc/,https://textileconnect.com/directory/canvastic-inc/,,,manufacturer,Textile Connect: apparel-and-product-manufacturing,Contact for quote,Textile Connect,https://textileconnect.com/directory/
Canvas Unlimited Event Rentals,Jackson,WY,https://textileconnect.com/directory/canvas-unlimited-event-rentals/,https://textileconnect.com/directory/canvas-unlimited-event-rentals/,https://textileconnect.com/directory/canvas-unlimited-event-rentals/,,,manufacturer,Textile Connect: apparel-and-product-manufacturing,Contact for quote,Textile Connect,https://textileconnect.com/directory/
Canvas Works Inc.,Cokato,MN,https://textileconnect.com/directory/canvas-works-inc/,https://textileconnect.com/directory/canvas-works-inc/,https://textileconnect.com/directory/canvas-works-inc/,,,manufacturer,Textile Connect: apparel-and-product-manufacturing,Contact for quote,Textile Connect,https://textileconnect.com/directory/
Canvasworks Inc.,Kennebunk,ME,https://textileconnect.com/directory/canvasworks-inc/,https://textileconnect.com/directory/canvasworks-inc/,https://textileconnect.com/directory/canvasworks-inc/,,,manufacturer,Textile Connect: apparel-and-product-manufacturing,Contact for quote,Textile Connect,https://textileconnect.com/directory/
Canwil Textiles Inc.,Auburn,GA,https://textileconnect.com/directory/canwil-textiles-inc/,https://textileconnect.com/directory/canwil-textiles-inc/,https://textileconnect.com/directory/canwil-textiles-inc/,,,manufacturer,Textile Connect: apparel-and-product-manufacturing,Contact for quote,Textile Connect,https://textileconnect.com/directory/
Caoel Inc Dyeing and Braiding,Troy,NC,https://textileconnect.com/directory/caoel-inc-dyeing-and-braiding/,https://textileconnect.com/directory/caoel-inc-dyeing-and-braiding/,https://textileconnect.com/directory/caoel-inc-dyeing-and-braiding/,,,manufacturer,Textile Connect: apparel-and-product-manufacturing,Contact for quote,Textile Connect,https://textileconnect.com/directory/
Capa Imports Inc,High Point,NC,https://textileconnect.com/directory/capa-imports-inc/,https://textileconnect.com/directory/capa-imports-inc/,https://textileconnect.com/directory/capa-imports-inc/,,,manufacturer,Textile Connect: apparel-and-product-manufacturing,Contact for quote,Textile Connect,https://textileconnect.com/directory/
Cape & Isle Awnings Signs,North Charleston,SC,https://textileconnect.com/directory/cape-isle-awnings-signs/,https://textileconnect.com/directory/cape-isle-awnings-signs/,https://textileconnect.com/directory/cape-isle-awnings-signs/,,,manufacturer,Textile Connect: apparel-and-product-manufacturing,Contact for quote,Textile Connect,https://textileconnect.com/directory/
Capefear Sportswear,Wilmington,NC,https://textileconnect.com/directory/capefear-sportswear/,https://textileconnect.com/directory/capefear-sportswear/,https://textileconnect.com/directory/capefear-sportswear/,,,manufacturer,Textile Connect: apparel-and-product-manufacturing,Contact for quote,Textile Connect,https://textileconnect.com/directory/
Capel Inc Dyeing & Braiding,Troy,NC,https://textileconnect.com/directory/capel-inc-dyeing-braiding/,https://textileconnect.com/directory/capel-inc-dyeing-braiding/,https://textileconnect.com/directory/capel-inc-dyeing-braiding/,,,manufacturer,Textile Connect: apparel-and-product-manufacturing,Contact for quote,Textile Connect,https://textileconnect.com/directory/
Capel Rugs Mill Outlet – Troy,Troy,NC,https://textileconnect.com/directory/capel-rugs-mill-outlet-troy/,https://textileconnect.com/directory/capel-rugs-mill-outlet-troy/,https://textileconnect.com/directory/capel-rugs-mill-outlet-troy/,,,manufacturer,Textile Connect: apparel-and-product-manufacturing,Contact for quote,Textile Connect,https://textileconnect.com/directory/
Capel Rugs Outlet – Greenville,Greenville,SC,https://textileconnect.com/directory/capel-rugs-outlet-greenville/,https://textileconnect.com/directory/capel-rugs-outlet-greenville/,https://textileconnect.com/directory/capel-rugs-outlet-greenville/,,,manufacturer,Textile Connect: apparel-and-product-manufacturing,Contact for quote,Textile Connect,https://textileconnect.com/directory/
Capelsie Mills Inc – N Main St,Troy,NC,https://textileconnect.com/directory/capelsie-mills-inc-n-main-st/,https://textileconnect.com/directory/capelsie-mills-inc-n-main-st/,https://textileconnect.com/directory/capelsie-mills-inc-n-main-st/,,,manufacturer,Textile Connect: apparel-and-product-manufacturing,Contact for quote,Textile Connect,https://textileconnect.com/directory/
Capelsie Mills Inc – Smitherman St,Troy,NC,https://textileconnect.com/directory/capelsie-mills-inc-smitherman-st/,https://textileconnect.com/directory/capelsie-mills-inc-smitherman-st/,https://textileconnect.com/directory/capelsie-mills-inc-smitherman-st/,,,manufacturer,Textile Connect: apparel-and-product-manufacturing,Contact for quote,Textile Connect,https://textileconnect.com/directory/
Capeteria,Asheville,NC,https://textileconnect.com/directory/capeteria/,https://textileconnect.com/directory/capeteria/,https://textileconnect.com/directory/capeteria/,,,manufacturer,Textile Connect: apparel-and-product-manufacturing,Contact for quote,Textile Connect,https://textileconnect.com/directory/
Capital Canopies Inc.,Upper Marlboro,MD,https://textileconnect.com/directory/capital-canopies-inc/,https://textileconnect.com/directory/capital-canopies-inc/,https://textileconnect.com/directory/capital-canopies-inc/,,,manufacturer,Textile Connect: apparel-and-product-manufacturing,Contact for quote,Textile Connect,https://textileconnect.com/directory/
Capital City Awning Co.,Columbus,OH,https://textileconnect.com/directory/capital-city-awning-co/,https://textileconnect.com/directory/capital-city-awning-co/,https://textileconnect.com/directory/capital-city-awning-co/,,,manufacturer,Textile Connect: apparel-and-product-manufacturing,Contact for quote,Textile Connect,https://textileconnect.com/directory/
Capital Safety,Red Wing,MN,https://textileconnect.com/directory/capital-safety/,https://textileconnect.com/directory/capital-safety/,https://textileconnect.com/directory/capital-safety/,,,manufacturer,Textile Connect: apparel-and-product-manufacturing,Contact for quote,Textile Connect,https://textileconnect.com/directory/
Capital Thread Corp.,Raleigh,NC,https://textileconnect.com/directory/capital-thread-corp/,https://textileconnect.com/directory/capital-thread-corp/,https://textileconnect.com/directory/capital-thread-corp/,,,manufacturer,Textile Connect: apparel-and-product-manufacturing,Contact for quote,Textile Connect,https://textileconnect.com/directory/
Capitol Awning ShadeCaster,Richmond,VA,https://textileconnect.com/directory/capitol-awning-shadecaster/,https://textileconnect.com/directory/capitol-awning-shadecaster/,https://textileconnect.com/directory/capitol-awning-shadecaster/,,,manufacturer,Textile Connect: apparel-and-product-manufacturing,Contact for quote,Textile Connect,https://textileconnect.com/directory/
Capitol Flag & Flagpole Co,Raleigh,NC,https://textileconnect.com/directory/capitol-flag-flagpole-co/,https://textileconnect.com/directory/capitol-flag-flagpole-co/,https://textileconnect.com/directory/capitol-flag-flagpole-co/,,,manufacturer,Textile Connect: apparel-and-product-manufacturing,Contact for quote,Textile Connect,https://textileconnect.com/directory/
Capitol Tarpaulin Co.,Sacramento,CA,https://textileconnect.com/directory/capitol-tarpaulin-co/,https://textileconnect.com/directory/capitol-tarpaulin-co/,https://textileconnect.com/directory/capitol-tarpaulin-co/,,,manufacturer,Textile Connect: apparel-and-product-manufacturing,Contact for quote,Textile Connect,https://textileconnect.com/directory/
Capri Discount Flooring,Calhoun,GA,https://textileconnect.com/directory/capri-discount-flooring/,https://textileconnect.com/directory/capri-discount-flooring/,https://textileconnect.com/directory/capri-discount-flooring/,,,manufacturer,Textile Connect: apparel-and-product-manufacturing,Contact for quote,Textile Connect,https://textileconnect.com/directory/
"Capri International, Inc.",Dallas,TX,https://textileconnect.com/directory/capri-international-inc/,https://textileconnect.com/directory/capri-international-inc/,https://textileconnect.com/directory/capri-international-inc/,,,manufacturer,Textile Connect: apparel-and-product-manufacturing,Contact for quote,Textile Connect,https://textileconnect.com/directory/
Capsco Inc,Greenville,SC,https://textileconnect.com/directory/capsco-inc/,https://textileconnect.com/directory/capsco-inc/,https://textileconnect.com/directory/capsco-inc/,,,manufacturer,Textile Connect: apparel-and-product-manufacturing,Contact for quote,Textile Connect,https://textileconnect.com/directory/
Captain’s Shop,Morehead,NC,https://textileconnect.com/directory/captains-shop/,https://textileconnect.com/directory/captains-shop/,https://textileconnect.com/directory/captains-shop/,,,manufacturer,Textile Connect: apparel-and-product-manufacturing,Contact for quote,Textile Connect,https://textileconnect.com/directory/
Cap Yarns,Clover,SC,https://textileconnect.com/directory/cap-yarns/,https://textileconnect.com/directory/cap-yarns/,https://textileconnect.com/directory/cap-yarns/,,,manufacturer,Textile Connect: apparel-and-product-manufacturing,Contact for quote,Textile Connect,https://textileconnect.com/directory/
"Caracol Knits, S.A. de C.V.",,,https://textileconnect.com/directory/caracol-knits-s-a-de-c-v/,https://textileconnect.com/directory/caracol-knits-s-a-de-c-v/,https://textileconnect.com/directory/caracol-knits-s-a-de-c-v/,,,manufacturer,Textile Connect: apparel-and-product-manufacturing,Contact for quote,Textile Connect,https://textileconnect.com/directory/
Caraustar – Asheville,Asheville,NC,https://textileconnect.com/directory/caraustar-asheville/,https://textileconnect.com/directory/caraustar-asheville/,https://textileconnect.com/directory/caraustar-asheville/,,,manufacturer,Textile Connect: apparel-and-product-manufacturing,Contact for quote,Textile Connect,https://textileconnect.com/directory/
Caraustar – Hardeeville,Hardeeville,SC,https://textileconnect.com/directory/caraustar-hardeeville/,https://textileconnect.com/directory/caraustar-hardeeville/,https://textileconnect.com/directory/caraustar-hardeeville/,,,manufacturer,Textile Connect: apparel-and-product-manufacturing,Contact for quote,Textile Connect,https://textileconnect.com/directory/
Caraustar – Kernersville,Kernersville,NC,https://textileconnect.com/directory/caraustar-kernersville/,https://textileconnect.com/directory/caraustar-kernersville/,https://textileconnect.com/directory/caraustar-kernersville/,,,manufacturer,Textile Connect: apparel-and-product-manufacturing,Contact for quote,Textile Connect,https://textileconnect.com/directory/
Carderie Vervietoise USA Inc,Reidsville,NC,https://textileconnect.com/directory/carderie-vervietoise-usa-inc/,https://textileconnect.com/directory/carderie-vervietoise-usa-inc/,https://textileconnect.com/directory/carderie-vervietoise-usa-inc/,,,manufacturer,Textile Connect: apparel-and-product-manufacturing,Contact for quote,Textile Connect,https://textileconnect.com/directory/
Cardiac Sports,Charlotte,NC,https://textileconnect.com/directory/cardiac-sports/,https://textileconnect.com/directory/cardiac-sports/,https://textileconnect.com/directory/cardiac-sports/,,,manufacturer,Textile Connect: apparel-and-product-manufacturing,Contact for quote,Textile Connect,https://textileconnect.com/directory/
Cardinal Canvas Products Inc.,Sioux Falls,SD,https://textileconnect.com/directory/cardinal-canvas-products-inc/,https://textileconnect.com/directory/cardinal-canvas-products-inc/,https://textileconnect.com/directory/cardinal-canvas-products-inc/,,,manufacturer,Textile Connect: apparel-and-product-manufacturing,Contact for quote,Textile Connect,https://textileconnect.com/directory/
Cardinal Cleaners,Reidsville,NC,https://textileconnect.com/directory/cardinal-cleaners/,https://textileconnect.com/directory/cardinal-cleaners/,https://textileconnect.com/directory/cardinal-cleaners/,,,manufacturer,Textile Connect: apparel-and-product-manufacturing,Contact for quote,Textile Connect,https://textileconnect.com/directory/
Cardinal Health,Asheville,NC,https://textileconnect.com/directory/cardinal-health/,https://textileconnect.com/directory/cardinal-health/,https://textileconnect.com/directory/cardinal-health/,,,manufacturer,Textile Connect: apparel-and-product-manufacturing,Contact for quote,Textile Connect,https://textileconnect.com/directory/
CARE program,Dalton,GA,https://textileconnect.com/directory/care-program/,https://textileconnect.com/directory/care-program/,https://textileconnect.com/directory/care-program/,,,manufacturer,Textile Connect: apparel-and-product-manufacturing,Contact for quote,Textile Connect,https://textileconnect.com/directory/
"Cargill Cotton – Cordova, TN",Cordova,TN,https://textileconnect.com/directory/cargill-cotton-cordova-tn/,https://textileconnect.com/directory/cargill-cotton-cordova-tn/,https://textileconnect.com/directory/cargill-cotton-cordova-tn/,,,manufacturer,Textile Connect: apparel-and-product-manufacturing,Contact for quote,Textile Connect,https://textileconnect.com/directory/
"Cargill Cotton – Gainesville, GA",Gainesville,GA,https://textileconnect.com/directory/cargill-cotton-gainesville-ga/,https://textileconnect.com/directory/cargill-cotton-gainesville-ga/,https://textileconnect.com/directory/cargill-cotton-gainesville-ga/,,,manufacturer,Textile Connect: apparel-and-product-manufacturing,Contact for quote,Textile Connect,https://textileconnect.com/directory/
"Cargill Cotton – Gastonia, NC",Gastonia,NC,https://textileconnect.com/directory/cargill-cotton-gastonia-nc/,https://textileconnect.com/directory/cargill-cotton-gastonia-nc/,https://textileconnect.com/directory/cargill-cotton-gastonia-nc/,,,manufacturer,Textile Connect: apparel-and-product-manufacturing,Contact for quote,Textile Connect,https://textileconnect.com/directory/
"Cargill Cotton – Lubbock, TX",Lubbock,TX,https://textileconnect.com/directory/cargill-cotton-lubbock-tx/,https://textileconnect.com/directory/cargill-cotton-lubbock-tx/,https://textileconnect.com/directory/cargill-cotton-lubbock-tx/,,,manufacturer,Textile Connect: apparel-and-product-manufacturing,Contact for quote,Textile Connect,https://textileconnect.com/directory/
"Cargill Cotton – Memphis, TN",Memphis,TN,https://textileconnect.com/directory/cargill-cotton-memphis-tn/,https://textileconnect.com/directory/cargill-cotton-memphis-tn/,https://textileconnect.com/directory/cargill-cotton-memphis-tn/,,,manufacturer,Textile Connect: apparel-and-product-manufacturing,Contact for quote,Textile Connect,https://textileconnect.com/directory/
"Cargill Cotton Warehouse – Hasslet, TX",Hasslet,TX,https://textileconnect.com/directory/cargill-cotton-warehouse-hasslet-tx/,https://textileconnect.com/directory/cargill-cotton-warehouse-hasslet-tx/,https://textileconnect.com/directory/cargill-cotton-warehouse-hasslet-tx/,,,manufacturer,Textile Connect: apparel-and-product-manufacturing,Contact for quote,Textile Connect,https://textileconnect.com/directory/
Cargo Logistics Network,Charlotte,NC,https://textileconnect.com/directory/cargo-logistics-network/,https://textileconnect.com/directory/cargo-logistics-network/,https://textileconnect.com/directory/cargo-logistics-network/,,,manufacturer,Textile Connect: apparel-and-product-manufacturing,Contact for quote,Textile Connect,https://textileconnect.com/directory/
Cari Fabrics,Greensboro,NC,https://textileconnect.com/directory/cari-fabrics/,https://textileconnect.com/directory/cari-fabrics/,https://textileconnect.com/directory/cari-fabrics/,,,manufacturer,Textile Connect: apparel-and-product-manufacturing,Contact for quote,Textile Connect,https://textileconnect.com/directory/
"Caristrap International, Inc.","Laval, QC H7S 1N8",,https://textileconnect.com/directory/caristrap-international-inc/,https://textileconnect.com/directory/caristrap-international-inc/,https://textileconnect.com/directory/caristrap-international-inc/,,,manufacturer,Textile Connect: apparel-and-product-manufacturing,Contact for quote,Textile Connect,https://textileconnect.com/directory/
Carlisle Finishing,Carlisle,SC,https://textileconnect.com/directory/carlisle-finishing/,https://textileconnect.com/directory/carlisle-finishing/,https://textileconnect.com/directory/carlisle-finishing/,,,manufacturer,Textile Connect: apparel-and-product-manufacturing,Contact for quote,Textile Connect,https://textileconnect.com/directory/
Carlton Textiles,Spartanburg,SC,https://textileconnect.com/directory/carlton-textiles/,https://textileconnect.com/directory/carlton-textiles/,https://textileconnect.com/directory/carlton-textiles/,,,manufacturer,Textile Connect: apparel-and-product-manufacturing,Contact for quote,Textile Connect,https://textileconnect.com/directory/
"Carnegie Textile Co., The",Solon,OH,https://textileconnect.com/directory/carnegie-textile-co-the/,https://textileconnect.com/directory/carnegie-textile-co-the/,https://textileconnect.com/directory/carnegie-textile-co-the/,,,manufacturer,Textile Connect: apparel-and-product-manufacturing,Contact for quote,Textile Connect,https://textileconnect.com/directory/
Carolace Embroidery,Hope Mills,NC,https://textileconnect.com/directory/carolace-embroidery/,https://textileconnect.com/directory/carolace-embroidery/,https://textileconnect.com/directory/carolace-embroidery/,,,manufacturer,Textile Connect: apparel-and-product-manufacturing,Contact for quote,Textile Connect,https://textileconnect.com/directory/
Carolina Absorbent Cotton Div,Charlotte,NC,https://textileconnect.com/directory/carolina-absorbent-cotton-div/,https://textileconnect.com/directory/carolina-absorbent-cotton-div/,https://textileconnect.com/directory/carolina-absorbent-cotton-div/,,,manufacturer,Textile Connect: apparel-and-product-manufacturing,Contact for quote,Textile Connect,https://textileconnect.com/directory/
Carolina American Knits,Lumberton,NC,https://textileconnect.com/directory/carolina-american-knits/,https://textileconnect.com/directory/carolina-american-knits/,https://textileconnect.com/directory/carolina-american-knits/,,,manufacturer,Textile Connect: apparel-and-product-manufacturing,Contact for quote,Textile Connect,https://textileconnect.com/directory/
"Carolina American Knits, Inc.",Lumberton,NC,https://textileconnect.com/directory/carolina-american-knits-inc/,https://textileconnect.com/directory/carolina-american-knits-inc/,https://textileconnect.com/directory/carolina-american-knits-inc/,,,manufacturer,Textile Connect: apparel-and-product-manufacturing,Contact for quote,Textile Connect,https://textileconnect.com/directory/
Carolina Apparel Group Inc,Wadesboro,NC,https://textileconnect.com/directory/carolina-apparel-group-inc/,https://textileconnect.com/directory/carolina-apparel-group-inc/,https://textileconnect.com/directory/carolina-apparel-group-inc/,,,manufacturer,Textile Connect: apparel-and-product-manufacturing,Contact for quote,Textile Connect,https://textileconnect.com/directory/
Carolina Awning Inc,Fountain Inn,SC,https://textileconnect.com/directory/carolina-awning-inc/,https://textileconnect.com/directory/carolina-awning-inc/,https://textileconnect.com/directory/carolina-awning-inc/,,,manufacturer,Textile Connect: apparel-and-product-manufacturing,Contact for quote,Textile Connect,https://textileconnect.com/directory/
Carolina Belting Co,Taylors,SC,https://textileconnect.com/directory/carolina-belting-co/,https://textileconnect.com/directory/carolina-belting-co/,https://textileconnect.com/directory/carolina-belting-co/,,,manufacturer,Textile Connect: apparel-and-product-manufacturing,Contact for quote,Textile Connect,https://textileconnect.com/directory/
Carolina Brace Manufacturers,Charlotte,NC,https://textileconnect.com/directory/carolina-brace-manufacturers/,https://textileconnect.com/directory/carolina-brace-manufacturers/,https://textileconnect.com/directory/carolina-brace-manufacturers/,,,manufacturer,Textile Connect: apparel-and-product-manufacturing,Contact for quote,Textile Connect,https://textileconnect.com/directory/
Carolina Brush Co,Gastonia,NC,https://textileconnect.com/directory/carolina-brush-co/,https://textileconnect.com/directory/carolina-brush-co/,https://textileconnect.com/directory/carolina-brush-co/,,,manufacturer,Textile Connect: apparel-and-product-manufacturing,Contact for quote,Textile Connect,https://textileconnect.com/directory/
Carolina Coated Glove Co,Catawba,NC,https://textileconnect.com/directory/carolina-coated-glove-co/,https://textileconnect.com/directory/carolina-coated-glove-co/,https://textileconnect.com/directory/carolina-coated-glove-co/,,,manufacturer,Textile Connect: apparel-and-product-manufacturing,Contact for quote,Textile Connect,https://textileconnect.com/directory/
Carolina Color & Chemical Co,Charlotte,NC,https://textileconnect.com/directory/carolina-color-chemical-co/,https://textileconnect.com/directory/carolina-color-chemical-co/,https://textileconnect.com/directory/carolina-color-chemical-co/,,,manufacturer,Textile Connect: apparel-and-product-manufacturing,Contact for quote,Textile Connect,https://textileconnect.com/directory/
Carolina Color Corp,Salisbury,NC,https://textileconnect.com/directory/carolina-color-corp/,https://textileconnect.com/directory/carolina-color-corp/,https://textileconnect.com/directory/carolina-color-corp/,,,manufacturer,Textile Connect: apparel-and-product-manufacturing,Contact for quote,Textile Connect,https://textileconnect.com/directory/
Carolina Composites (dba: Pioneer Boats),Walterboro,SC,https://textileconnect.com/directory/carolina-composites-dba-pioneer-boats/,https://textileconnect.com/directory/carolina-composites-dba-pioneer-boats/,https://textileconnect.com/directory/carolina-composites-dba-pioneer-boats/,,,manufacturer,Textile Connect: apparel-and-product-manufacturing,Contact for quote,Textile Connect,https://textileconnect.com/directory/
Carolina Cook Industries Inc,Graham,NC,https://textileconnect.com/directory/carolina-cook-industries-inc/,https://textileconnect.com/directory/carolina-cook-industries-inc/,https://textileconnect.com/directory/carolina-cook-industries-inc/,,,manufacturer,Textile Connect: apparel-and-product-manufacturing,Contact for quote,Textile Connect,https://textileconnect.com/directory/
Carolina Cotton Classing Agcy,Gastonia,NC,https://textileconnect.com/directory/carolina-cotton-classing-agcy/,https://textileconnect.com/directory/carolina-cotton-classing-agcy/,https://textileconnect.com/directory/carolina-cotton-classing-agcy/,,,manufacturer,Textile Connect: apparel-and-product-manufacturing,Contact for quote,Textile Connect,https://textileconnect.com/directory/
Carolina Cottonseed Co,Kinston,NC,https://textileconnect.com/directory/carolina-cottonseed-co/,https://textileconnect.com/directory/carolina-cottonseed-co/,https://textileconnect.com/directory/carolina-cottonseed-co/,,,manufacturer,Textile Connect: apparel-and-product-manufacturing,Contact for quote,Textile Connect,https://textileconnect.com/directory/
Carolina Cotton Works Inc,Gaffney,SC,https://textileconnect.com/directory/carolina-cotton-works-inc/,https://textileconnect.com/directory/carolina-cotton-works-inc/,https://textileconnect.com/directory/carolina-cotton-works-inc/,,,manufacturer,Textile Connect: apparel-and-product-manufacturing,Contact for quote,Textile Connect,https://textileconnect.com/directory/
Carolina Covertech,North Augusta,SC,https://textileconnect.com/directory/carolina-covertech/,https://textileconnect.com/directory/carolina-covertech/,https://textileconnect.com/directory/carolina-covertech/,,,manufacturer,Textile Connect: apparel-and-product-manufacturing,Contact for quote,Textile Connect,https://textileconnect.com/directory/
Carolina Cushion’s,Summerville,SC,https://textileconnect.com/directory/carolina-cushions/,https://textileconnect.com/directory/carolina-cushions/,https://textileconnect.com/directory/carolina-cushions/,,,manufacturer,Textile Connect: apparel-and-product-manufacturing,Contact for quote,Textile Connect,https://textileconnect.com/directory/
Carolina Custom,Spartanburg,SC,https://textileconnect.com/directory/carolina-custom/,https://textileconnect.com/directory/carolina-custom/,https://textileconnect.com/directory/carolina-custom/,,,manufacturer,Textile Connect: apparel-and-product-manufacturing,Contact for quote,Textile Connect,https://textileconnect.com/directory/
"Carolina Cut ‘n Sew, LLC",Mt Gilead,NC,https://textileconnect.com/directory/carolina-cut-n-sew-llc/,https://textileconnect.com/directory/carolina-cut-n-sew-llc/,https://textileconnect.com/directory/carolina-cut-n-sew-llc/,,,manufacturer,Textile Connect: apparel-and-product-manufacturing,Contact for quote,Textile Connect,https://textileconnect.com/directory/
Carolina Designer Show Room,Charlotte,NC,https://textileconnect.com/directory/carolina-designer-show-room/,https://textileconnect.com/directory/carolina-designer-show-room/,https://textileconnect.com/directory/carolina-designer-show-room/,,,manufacturer,Textile Connect: apparel-and-product-manufacturing,Contact for quote,Textile Connect,https://textileconnect.com/directory/
Carolina Dielectrics Inc,Lexington,SC,https://textileconnect.com/directory/carolina-dielectrics-inc/,https://textileconnect.com/directory/carolina-dielectrics-inc/,https://textileconnect.com/directory/carolina-dielectrics-inc/,,,manufacturer,Textile Connect: apparel-and-product-manufacturing,Contact for quote,Textile Connect,https://textileconnect.com/directory/
Carolina Dyeing & Finishing,Burlington,NC,https://textileconnect.com/directory/carolina-dyeing-finishing/,https://textileconnect.com/directory/carolina-dyeing-finishing/,https://textileconnect.com/directory/carolina-dyeing-finishing/,,,manufacturer,Textile Connect: apparel-and-product-manufacturing,Contact for quote,Textile Connect,https://textileconnect.com/directory/
Carolina Dye Works,Ware Shoals,SC,https://textileconnect.com/directory/carolina-dye-works/,https://textileconnect.com/directory/carolina-dye-works/,https://textileconnect.com/directory/carolina-dye-works/,,,manufacturer,Textile Connect: apparel-and-product-manufacturing,Contact for quote,Textile Connect,https://textileconnect.com/directory/
Carolina Emblem & Embroidery Co,Campobello,SC,https://textileconnect.com/directory/carolina-emblem-embroidery-co/,https://textileconnect.com/directory/carolina-emblem-embroidery-co/,https://textileconnect.com/directory/carolina-emblem-embroidery-co/,,,manufacturer,Textile Connect: apparel-and-product-manufacturing,Contact for quote,Textile Connect,https://textileconnect.com/directory/
Carolina Embroidery Works,Charlotte,NC,https://textileconnect.com/directory/carolina-embroidery-works/,https://textileconnect.com/directory/carolina-embroidery-works/,https://textileconnect.com/directory/carolina-embroidery-works/,,,manufacturer,Textile Connect: apparel-and-product-manufacturing,Contact for quote,Textile Connect,https://textileconnect.com/directory/
Carolina Finishing Inc,Matthews,NC,https://textileconnect.com/directory/carolina-finishing-inc/,https://textileconnect.com/directory/carolina-finishing-inc/,https://textileconnect.com/directory/carolina-finishing-inc/,,,manufacturer,Textile Connect: apparel-and-product-manufacturing,Contact for quote,Textile Connect,https://textileconnect.com/directory/
Carolina Flag & Banner,Charleston,SC,https://textileconnect.com/directory/carolina-flag-banner/,https://textileconnect.com/directory/carolina-flag-banner/,https://textileconnect.com/directory/carolina-flag-banner/,,,manufacturer,Textile Connect: apparel-and-product-manufacturing,Contact for quote,Textile Connect,https://textileconnect.com/directory/
Carolina Flag & Flagpole Co,Hendersonville,NC,https://textileconnect.com/directory/carolina-flag-flagpole-co/,https://textileconnect.com/directory/carolina-flag-flagpole-co/,https://textileconnect.com/directory/carolina-flag-flagpole-co/,,,manufacturer,Textile Connect: apparel-and-product-manufacturing,Contact for quote,Textile Connect,https://textileconnect.com/directory/
Carolina Flooring Distributors,Columbia,SC,https://textileconnect.com/directory/carolina-flooring-distributors/,https://textileconnect.com/directory/carolina-flooring-distributors/,https://textileconnect.com/directory/carolina-flooring-distributors/,,,manufacturer,Textile Connect: apparel-and-product-manufacturing,Contact for quote,Textile Connect,https://textileconnect.com/directory/
Carolina Glove Co – Catawba,Catawba,NC,https://textileconnect.com/directory/carolina-glove-co-catawba/,https://textileconnect.com/directory/carolina-glove-co-catawba/,https://textileconnect.com/directory/carolina-glove-co-catawba/,,,manufacturer,Textile Connect: apparel-and-product-manufacturing,Contact for quote,Textile Connect,https://textileconnect.com/directory/
Carolina Glove Co – Conover,Conover,NC,https://textileconnect.com/directory/carolina-glove-co-conover/,https://textileconnect.com/directory/carolina-glove-co-conover/,https://textileconnect.com/directory/carolina-glove-co-conover/,,,manufacturer,Textile Connect: apparel-and-product-manufacturing,Contact for quote,Textile Connect,https://textileconnect.com/directory/
Carolina Glove Co – Taylorsville,Taylorsville,NC,https://textileconnect.com/directory/carolina-glove-co-taylorsville/,https://textileconnect.com/directory/carolina-glove-co-taylorsville/,https://textileconnect.com/directory/carolina-glove-co-taylorsville/,,,manufacturer,Textile Connect: apparel-and-product-manufacturing,Contact for quote,Textile Connect,https://textileconnect.com/directory/
Carolina Glove Co – Wilkesboro,Wilkesboro,NC,https://textileconnect.com/directory/carolina-glove-co-wilkesboro/,https://textileconnect.com/directory/carolina-glove-co-wilkesboro/,https://textileconnect.com/directory/carolina-glove-co-wilkesboro/,,,manufacturer,Textile Connect: apparel-and-product-manufacturing,Contact for quote,Textile Connect,https://textileconnect.com/directory/
Carolina Hosiery Mill Inc,Burlington,NC,https://textileconnect.com/directory/carolina-hosiery-mill-inc/,https://textileconnect.com/directory/carolina-hosiery-mill-inc/,https://textileconnect.com/directory/carolina-hosiery-mill-inc/,,,manufacturer,Textile Connect: apparel-and-product-manufacturing,Contact for quote,Textile Connect,https://textileconnect.com/directory/
Carolina Imagery,Shallotte,NC,https://textileconnect.com/directory/carolina-imagery/,https://textileconnect.com/directory/carolina-imagery/,https://textileconnect.com/directory/carolina-imagery/,,,manufacturer,Textile Connect: apparel-and-product-manufacturing,Contact for quote,Textile Connect,https://textileconnect.com/directory/
Carolina Loom Reed Co,Greensboro,NC,https://textileconnect.com/directory/carolina-loom-reed-co/,https://textileconnect.com/directory/carolina-loom-reed-co/,https://textileconnect.com/directory/carolina-loom-reed-co/,,,manufacturer,Textile Connect: apparel-and-product-manufacturing,Contact for quote,Textile Connect,https://textileconnect.com/directory/
Carolina Made Inc,Indian Trail,NC,https://textileconnect.com/directory/carolina-made-inc/,https://textileconnect.com/directory/carolina-made-inc/,https://textileconnect.com/directory/carolina-made-inc/,,,manufacturer,Textile Connect: apparel-and-product-manufacturing,Contact for quote,Textile Connect,https://textileconnect.com/directory/
Carolina Manufacturing Co,Greenville,SC,https://textileconnect.com/directory/carolina-manufacturing-co/,https://textileconnect.com/directory/carolina-manufacturing-co/,https://textileconnect.com/directory/carolina-manufacturing-co/,,,manufacturer,Textile Connect: apparel-and-product-manufacturing,Contact for quote,Textile Connect,https://textileconnect.com/directory/
"Carolina Mills, Inc",Maiden,NC,https://textileconnect.com/directory/carolina-mills-inc-2/,https://textileconnect.com/directory/carolina-mills-inc-2/,https://textileconnect.com/directory/carolina-mills-inc-2/,,,manufacturer,Textile Connect: apparel-and-product-manufacturing,Contact for quote,Textile Connect,https://textileconnect.com/directory/
Carolina Mills Inc,Maiden,NC,https://textileconnect.com/directory/carolina-mills-inc/,https://textileconnect.com/directory/carolina-mills-inc/,https://textileconnect.com/directory/carolina-mills-inc/,,,manufacturer,Textile Connect: apparel-and-product-manufacturing,Contact for quote,Textile Connect,https://textileconnect.com/directory/
Carolina Mop Mfg Co,Anderson,SC,https://textileconnect.com/directory/carolina-mop-mfg-co/,https://textileconnect.com/directory/carolina-mop-mfg-co/,https://textileconnect.com/directory/carolina-mop-mfg-co/,,,manufacturer,Textile Connect: apparel-and-product-manufacturing,Contact for quote,Textile Connect,https://textileconnect.com/directory/
Carolina Morning Designs,Burnsville,NC,https://textileconnect.com/directory/carolina-morning-designs/,https://textileconnect.com/directory/carolina-morning-designs/,https://textileconnect.com/directory/carolina-morning-designs/,,,manufacturer,Textile Connect: apparel-and-product-manufacturing,Contact for quote,Textile Connect,https://textileconnect.com/directory/
Carolina Narrow Fabric,Winston-Salem,NC,https://textileconnect.com/directory/carolina-narrow-fabric/,https://textileconnect.com/directory/carolina-narrow-fabric/,https://textileconnect.com/directory/carolina-narrow-fabric/,,,manufacturer,Textile Connect: apparel-and-product-manufacturing,Contact for quote,Textile Connect,https://textileconnect.com/directory/
"Carolina Nonwovens, LLC",Maiden,NC,https://textileconnect.com/directory/carolina-nonwovens-llc/,https://textileconnect.com/directory/carolina-nonwovens-llc/,https://textileconnect.com/directory/carolina-nonwovens-llc/,,,manufacturer,Textile Connect: apparel-and-product-manufacturing,Contact for quote,Textile Connect,https://textileconnect.com/directory/
Carolina Ortho-Prosthetics,Greenville,NC,https://textileconnect.com/directory/carolina-ortho-prosthetics/,https://textileconnect.com/directory/carolina-ortho-prosthetics/,https://textileconnect.com/directory/carolina-ortho-prosthetics/,,,manufacturer,Textile Connect: apparel-and-product-manufacturing,Contact for quote,Textile Connect,https://textileconnect.com/directory/
Carolina Paper Tubes Inc,Zirconia,NC,https://textileconnect.com/directory/carolina-paper-tubes-inc/,https://textileconnect.com/directory/carolina-paper-tubes-inc/,https://textileconnect.com/directory/carolina-paper-tubes-inc/,,,manufacturer,Textile Connect: apparel-and-product-manufacturing,Contact for quote,Textile Connect,https://textileconnect.com/directory/
D-M-E Co,Shelby,NC,https://textileconnect.com/directory/d-m-e-co/,https://textileconnect.com/directory/d-m-e-co/,https://textileconnect.com/directory/d-m-e-co/,,,manufacturer,Textile Connect: apparel-and-product-manufacturing,Contact for quote,Textile Connect,https://textileconnect.com/directory/
D-Tach Golf Flags,Casar,NC,https://textileconnect.com/directory/d-tach-golf-flags/,https://textileconnect.com/directory/d-tach-golf-flags/,https://textileconnect.com/directory/d-tach-golf-flags/,,,manufacturer,Textile Connect: apparel-and-product-manufacturing,Contact for quote,Textile Connect,https://textileconnect.com/directory/
"D. M. Gunn Consulting Services, LLC",Trinity,NC,https://textileconnect.com/directory/d-m-gunn-consulting-services-llc/,https://textileconnect.com/directory/d-m-gunn-consulting-services-llc/,https://textileconnect.com/directory/d-m-gunn-consulting-services-llc/,,,manufacturer,Textile Connect: apparel-and-product-manufacturing,Contact for quote,Textile Connect,https://textileconnect.com/directory/
D’s Stitchery,Jacksonville,NC,https://textileconnect.com/directory/ds-stitchery/,https://textileconnect.com/directory/ds-stitchery/,https://textileconnect.com/directory/ds-stitchery/,,,manufacturer,Textile Connect: apparel-and-product-manufacturing,Contact for quote,Textile Connect,https://textileconnect.com/directory/
D & C Textile Corp.,New York,NY,https://textileconnect.com/directory/d-c-textile-corp/,https://textileconnect.com/directory/d-c-textile-corp/,https://textileconnect.com/directory/d-c-textile-corp/,,,manufacturer,Textile Connect: apparel-and-product-manufacturing,Contact for quote,Textile Connect,https://textileconnect.com/directory/
D & D Enterprises (Greensboro),Randleman,NC,https://textileconnect.com/directory/d-d-enterprises-greensboro/,https://textileconnect.com/directory/d-d-enterprises-greensboro/,https://textileconnect.com/directory/d-d-enterprises-greensboro/,,,manufacturer,Textile Connect: apparel-and-product-manufacturing,Contact for quote,Textile Connect,https://textileconnect.com/directory/
D & K Enterprises Inc,Archdale,NC,https://textileconnect.com/directory/d-k-enterprises-inc/,https://textileconnect.com/directory/d-k-enterprises-inc/,https://textileconnect.com/directory/d-k-enterprises-inc/,,,manufacturer,Textile Connect: apparel-and-product-manufacturing,Contact for quote,Textile Connect,https://textileconnect.com/directory/
"D & L Textile Co., Inc.",Far Rockaway,NY,https://textileconnect.com/directory/d-l-textile-co-inc/,https://textileconnect.com/directory/d-l-textile-co-inc/,https://textileconnect.com/directory/d-l-textile-co-inc/,,,manufacturer,Textile Connect: apparel-and-product-manufacturing,Contact for quote,Textile Connect,https://textileconnect.com/directory/
D & M Textiles LTD,Trinity,NC,https://textileconnect.com/directory/d-m-textiles-ltd/,https://textileconnect.com/directory/d-m-textiles-ltd/,https://textileconnect.com/directory/d-m-textiles-ltd/,,,manufacturer,Textile Connect: apparel-and-product-manufacturing,Contact for quote,Textile Connect,https://textileconnect.com/directory/
D & R Hosiery,Connellys Spgs,NC,https://textileconnect.com/directory/d-r-hosiery/,https://textileconnect.com/directory/d-r-hosiery/,https://textileconnect.com/directory/d-r-hosiery/,,,manufacturer,Textile Connect: apparel-and-product-manufacturing,Contact for quote,Textile Connect,https://textileconnect.com/directory/
D & W Sportswear Inc,West Columbia,SC,https://textileconnect.com/directory/d-w-sportswear-inc/,https://textileconnect.com/directory/d-w-sportswear-inc/,https://textileconnect.com/directory/d-w-sportswear-inc/,,,manufacturer,Textile Connect: apparel-and-product-manufacturing,Contact for quote,Textile Connect,https://textileconnect.com/directory/
DAB Assoc Inc,Charlotte,NC,https://textileconnect.com/directory/dab-assoc-inc/,https://textileconnect.com/directory/dab-assoc-inc/,https://textileconnect.com/directory/dab-assoc-inc/,,,manufacturer,Textile Connect: apparel-and-product-manufacturing,Contact for quote,Textile Connect,https://textileconnect.com/directory/
Dabney Enterprises LLC,Fair Play,SC,https://textileconnect.com/directory/dabney-enterprises-llc/,https://textileconnect.com/directory/dabney-enterprises-llc/,https://textileconnect.com/directory/dabney-enterprises-llc/,,,manufacturer,Textile Connect: apparel-and-product-manufacturing,Contact for quote,Textile Connect,https://textileconnect.com/directory/
"DAF Products, Inc.",Wyckoff,NJ,https://textileconnect.com/directory/daf-products-inc/,https://textileconnect.com/directory/daf-products-inc/,https://textileconnect.com/directory/daf-products-inc/,,,manufacturer,Textile Connect: apparel-and-product-manufacturing,Contact for quote,Textile Connect,https://textileconnect.com/directory/
Daikin America Inc.,Orangeburg,NY,https://textileconnect.com/directory/daikin-america-inc/,https://textileconnect.com/directory/daikin-america-inc/,https://textileconnect.com/directory/daikin-america-inc/,,,manufacturer,Textile Connect: apparel-and-product-manufacturing,Contact for quote,Textile Connect,https://textileconnect.com/directory/
"Dak Americas LLC – Charlotte, NC",Charlotte,NC,https://textileconnect.com/directory/dak-americas-llc-charlotte-nc/,https://textileconnect.com/directory/dak-americas-llc-charlotte-nc/,https://textileconnect.com/directory/dak-americas-llc-charlotte-nc/,,,manufacturer,Textile Connect: apparel-and-product-manufacturing,Contact for quote,Textile Connect,https://textileconnect.com/directory/
"DAK Americas LLC – Charlotte, NC (Carnegie Blvd)",Charlotte,NC,https://textileconnect.com/directory/dak-americas-llc-charlotte-nc-carnegie-blvd/,https://textileconnect.com/directory/dak-americas-llc-charlotte-nc-carnegie-blvd/,https://textileconnect.com/directory/dak-americas-llc-charlotte-nc-carnegie-blvd/,,,manufacturer,Textile Connect: apparel-and-product-manufacturing,Contact for quote,Textile Connect,https://textileconnect.com/directory/
"Dak Americas LLC – Moncks Corner, SC",Moncks Corner,SC,https://textileconnect.com/directory/dak-americas-llc-moncks-corner-sc/,https://textileconnect.com/directory/dak-americas-llc-moncks-corner-sc/,https://textileconnect.com/directory/dak-americas-llc-moncks-corner-sc/,,,manufacturer,Textile Connect: apparel-and-product-manufacturing,Contact for quote,Textile Connect,https://textileconnect.com/directory/
Dalco Nonwovens,Conover,NC,https://textileconnect.com/directory/dalco-nonwovens/,https://textileconnect.com/directory/dalco-nonwovens/,https://textileconnect.com/directory/dalco-nonwovens/,,,manufacturer,Textile Connect: apparel-and-product-manufacturing,Contact for quote,Textile Connect,https://textileconnect.com/directory/
Dallas Machine Co Inc,Gastonia,NC,https://textileconnect.com/directory/dallas-machine-co-inc/,https://textileconnect.com/directory/dallas-machine-co-inc/,https://textileconnect.com/directory/dallas-machine-co-inc/,,,manufacturer,Textile Connect: apparel-and-product-manufacturing,Contact for quote,Textile Connect,https://textileconnect.com/directory/
Dalure Fashions,Gatesville,NC,https://textileconnect.com/directory/dalure-fashions/,https://textileconnect.com/directory/dalure-fashions/,https://textileconnect.com/directory/dalure-fashions/,,,manufacturer,Textile Connect: apparel-and-product-manufacturing,Contact for quote,Textile Connect,https://textileconnect.com/directory/
Daniel James Rev,Creedmoor,NC,https://textileconnect.com/directory/daniel-james-rev/,https://textileconnect.com/directory/daniel-james-rev/,https://textileconnect.com/directory/daniel-james-rev/,,,manufacturer,Textile Connect: apparel-and-product-manufacturing,Contact for quote,Textile Connect,https://textileconnect.com/directory/
"Danny Smith Sales, Inc.",Hixson,TN,https://textileconnect.com/directory/danny-smith-sales-inc/,https://textileconnect.com/directory/danny-smith-sales-inc/,https://textileconnect.com/directory/danny-smith-sales-inc/,,,manufacturer,Textile Connect: apparel-and-product-manufacturing,Contact for quote,Textile Connect,https://textileconnect.com/directory/
Dan River Inc,Danville,VA,https://textileconnect.com/directory/dan-river-inc/,https://textileconnect.com/directory/dan-river-inc/,https://textileconnect.com/directory/dan-river-inc/,,,manufacturer,Textile Connect: apparel-and-product-manufacturing,Contact for quote,Textile Connect,https://textileconnect.com/directory/
DAP America,Norcross,GA,https://textileconnect.com/directory/dap-america/,https://textileconnect.com/directory/dap-america/,https://textileconnect.com/directory/dap-america/,,,manufacturer,Textile Connect: apparel-and-product-manufacturing,Contact for quote,Textile Connect,https://textileconnect.com/directory/
Darlington Fabrics Corp,Westerly,RI,https://textileconnect.com/directory/darlington-fabrics-corp/,https://textileconnect.com/directory/darlington-fabrics-corp/,https://textileconnect.com/directory/darlington-fabrics-corp/,,,manufacturer,Textile Connect: apparel-and-product-manufacturing,Contact for quote,Textile Connect,https://textileconnect.com/directory/
Dave’s Machine Co,Lexington,NC,https://textileconnect.com/directory/daves-machine-co/,https://textileconnect.com/directory/daves-machine-co/,https://textileconnect.com/directory/daves-machine-co/,,,manufacturer,Textile Connect: apparel-and-product-manufacturing,Contact for quote,Textile Connect,https://textileconnect.com/directory/
Davetex Fabrics,Lexington,SC,https://textileconnect.com/directory/davetex-fabrics/,https://textileconnect.com/directory/davetex-fabrics/,https://textileconnect.com/directory/davetex-fabrics/,,,manufacturer,Textile Connect: apparel-and-product-manufacturing,Contact for quote,Textile Connect,https://textileconnect.com/directory/
David’s,Faith,NC,https://textileconnect.com/directory/davids/,https://textileconnect.com/directory/davids/,https://textileconnect.com/directory/davids/,,,manufacturer,Textile Connect: apparel-and-product-manufacturing,Contact for quote,Textile Connect,https://textileconnect.com/directory/
David’s Cutting Inc,Vernon,CA,https://textileconnect.com/directory/davids-cutting-inc/,https://textileconnect.com/directory/davids-cutting-inc/,https://textileconnect.com/directory/davids-cutting-inc/,,,manufacturer,Textile Connect: apparel-and-product-manufacturing,Contact for quote,Textile Connect,https://textileconnect.com/directory/
David Bowers,Sylva,NC,https://textileconnect.com/directory/david-bowers/,https://textileconnect.com/directory/david-bowers/,https://textileconnect.com/directory/david-bowers/,,,manufacturer,Textile Connect: apparel-and-product-manufacturing,Contact for quote,Textile Connect,https://textileconnect.com/directory/
David C Poole Co Inc,Greenville,SC,https://textileconnect.com/directory/david-c-poole-co-inc/,https://textileconnect.com/directory/david-c-poole-co-inc/,https://textileconnect.com/directory/david-c-poole-co-inc/,,,manufacturer,Textile Connect: apparel-and-product-manufacturing,Contact for quote,Textile Connect,https://textileconnect.com/directory/
David Rothschild Co,High Point,NC,https://textileconnect.com/directory/david-rothschild-co/,https://textileconnect.com/directory/david-rothschild-co/,https://textileconnect.com/directory/david-rothschild-co/,,,manufacturer,Textile Connect: apparel-and-product-manufacturing,Contact for quote,Textile Connect,https://textileconnect.com/directory/
David S. Gibson Custom Weavers,Los Angeles,CA,https://textileconnect.com/directory/david-s-gibson-custom-weavers/,https://textileconnect.com/directory/david-s-gibson-custom-weavers/,https://textileconnect.com/directory/david-s-gibson-custom-weavers/,,,manufacturer,Textile Connect: apparel-and-product-manufacturing,Contact for quote,Textile Connect,https://textileconnect.com/directory/
Davidson-Bishop Corp,Winston Salem,NC,https://textileconnect.com/directory/davidson-bishop-corp/,https://textileconnect.com/directory/davidson-bishop-corp/,https://textileconnect.com/directory/davidson-bishop-corp/,,,manufacturer,Textile Connect: apparel-and-product-manufacturing,Contact for quote,Textile Connect,https://textileconnect.com/directory/
Davis Inc,Mauldin,SC,https://textileconnect.com/directory/davis-inc/,https://textileconnect.com/directory/davis-inc/,https://textileconnect.com/directory/davis-inc/,,,manufacturer,Textile Connect: apparel-and-product-manufacturing,Contact for quote,Textile Connect,https://textileconnect.com/directory/
Davis Products Co,Pfafftown,NC,https://textileconnect.com/directory/davis-products-co/,https://textileconnect.com/directory/davis-products-co/,https://textileconnect.com/directory/davis-products-co/,,,manufacturer,Textile Connect: apparel-and-product-manufacturing,Contact for quote,Textile Connect,https://textileconnect.com/directory/
"Davlyn Manufacturing Co., Inc.",Spring,PA,https://textileconnect.com/directory/davlyn-manufacturing-co-inc/,https://textileconnect.com/directory/davlyn-manufacturing-co-inc/,https://textileconnect.com/directory/davlyn-manufacturing-co-inc/,,,manufacturer,Textile Connect: apparel-and-product-manufacturing,Contact for quote,Textile Connect,https://textileconnect.com/directory/
Dawn Processing Co Inc,Bessemer,NC,https://textileconnect.com/directory/dawn-processing-co-inc/,https://textileconnect.com/directory/dawn-processing-co-inc/,https://textileconnect.com/directory/dawn-processing-co-inc/,,,manufacturer,Textile Connect: apparel-and-product-manufacturing,Contact for quote,Textile Connect,https://textileconnect.com/directory/
Dawson Textile Machinery,Greensboro,NC,https://textileconnect.com/directory/dawson-textile-machinery/,https://textileconnect.com/directory/dawson-textile-machinery/,https://textileconnect.com/directory/dawson-textile-machinery/,,,manufacturer,Textile Connect: apparel-and-product-manufacturing,Contact for quote,Textile Connect,https://textileconnect.com/directory/
Dayco Products Inc,Williston,SC,https://textileconnect.com/directory/dayco-products-inc/,https://textileconnect.com/directory/dayco-products-inc/,https://textileconnect.com/directory/dayco-products-inc/,,,manufacturer,Textile Connect: apparel-and-product-manufacturing,Contact for quote,Textile Connect,https://textileconnect.com/directory/
Day International,Mauldin,SC,https://textileconnect.com/directory/day-international/,https://textileconnect.com/directory/day-international/,https://textileconnect.com/directory/day-international/,,,manufacturer,Textile Connect: apparel-and-product-manufacturing,Contact for quote,Textile Connect,https://textileconnect.com/directory/
D C May Ma Crepe Corp,Durham,NC,https://textileconnect.com/directory/d-c-may-ma-crepe-corp/,https://textileconnect.com/directory/d-c-may-ma-crepe-corp/,https://textileconnect.com/directory/d-c-may-ma-crepe-corp/,,,manufacturer,Textile Connect: apparel-and-product-manufacturing,Contact for quote,Textile Connect,https://textileconnect.com/directory/
D C O’Hair Co,Charlotte,NC,https://textileconnect.com/directory/d-c-ohair-co/,https://textileconnect.com/directory/d-c-ohair-co/,https://textileconnect.com/directory/d-c-ohair-co/,,,manufacturer,Textile Connect: apparel-and-product-manufacturing,Contact for quote,Textile Connect,https://textileconnect.com/directory/
DDB Enterprises,Siler,NC,https://textileconnect.com/directory/ddb-enterprises/,https://textileconnect.com/directory/ddb-enterprises/,https://textileconnect.com/directory/ddb-enterprises/,,,manufacturer,Textile Connect: apparel-and-product-manufacturing,Contact for quote,Textile Connect,https://textileconnect.com/directory/
D D Hosiery Mill Inc,Graham,NC,https://textileconnect.com/directory/d-d-hosiery-mill-inc/,https://textileconnect.com/directory/d-d-hosiery-mill-inc/,https://textileconnect.com/directory/d-d-hosiery-mill-inc/,,,manufacturer,Textile Connect: apparel-and-product-manufacturing,Contact for quote,Textile Connect,https://textileconnect.com/directory/
DDM INC,Wilmington,NC,https://textileconnect.com/directory/ddm-inc/,https://textileconnect.com/directory/ddm-inc/,https://textileconnect.com/directory/ddm-inc/,,,manufacturer,Textile Connect: apparel-and-product-manufacturing,Contact for quote,Textile Connect,https://textileconnect.com/directory/
DECA Global LLC,Memphis,TN,https://textileconnect.com/directory/deca-global-llc/,https://textileconnect.com/directory/deca-global-llc/,https://textileconnect.com/directory/deca-global-llc/,,,manufacturer,Textile Connect: apparel-and-product-manufacturing,Contact for quote,Textile Connect,https://textileconnect.com/directory/
Decorator Industries Inc,Salisbury,NC,https://textileconnect.com/directory/decorator-industries-inc/,https://textileconnect.com/directory/decorator-industries-inc/,https://textileconnect.com/directory/decorator-industries-inc/,,,manufacturer,Textile Connect: apparel-and-product-manufacturing,Contact for quote,Textile Connect,https://textileconnect.com/directory/
Decor De I’Ile,Charleston,SC,https://textileconnect.com/directory/decor-de-iile/,https://textileconnect.com/directory/decor-de-iile/,https://textileconnect.com/directory/decor-de-iile/,,,manufacturer,Textile Connect: apparel-and-product-manufacturing,Contact for quote,Textile Connect,https://textileconnect.com/directory/
Deep Creek Lodge,Bryson,NC,https://textileconnect.com/directory/deep-creek-lodge/,https://textileconnect.com/directory/deep-creek-lodge/,https://textileconnect.com/directory/deep-creek-lodge/,,,manufacturer,Textile Connect: apparel-and-product-manufacturing,Contact for quote,Textile Connect,https://textileconnect.com/directory/
Deep River Dyeing Co,Randleman,NC,https://textileconnect.com/directory/deep-river-dyeing-co/,https://textileconnect.com/directory/deep-river-dyeing-co/,https://textileconnect.com/directory/deep-river-dyeing-co/,,,manufacturer,Textile Connect: apparel-and-product-manufacturing,Contact for quote,Textile Connect,https://textileconnect.com/directory/
Deep River Fabricators,Franklinville,NC,https://textileconnect.com/directory/deep-river-fabricators/,https://textileconnect.com/directory/deep-river-fabricators/,https://textileconnect.com/directory/deep-river-fabricators/,,,manufacturer,Textile Connect: apparel-and-product-manufacturing,Contact for quote,Textile Connect,https://textileconnect.com/directory/
Deep River Mills Coated Fbrcs,Highfalls,NC,https://textileconnect.com/directory/deep-river-mills-coated-fbrcs/,https://textileconnect.com/directory/deep-river-mills-coated-fbrcs/,https://textileconnect.com/directory/deep-river-mills-coated-fbrcs/,,,manufacturer,Textile Connect: apparel-and-product-manufacturing,Contact for quote,Textile Connect,https://textileconnect.com/directory/
DeFeet Sock Co,Hildebran,NC,https://textileconnect.com/directory/defeet-sock-co/,https://textileconnect.com/directory/defeet-sock-co/,https://textileconnect.com/directory/defeet-sock-co/,,,manufacturer,Textile Connect: apparel-and-product-manufacturing,Contact for quote,Textile Connect,https://textileconnect.com/directory/
De Fore Milliken & Co,Seneca,SC,https://textileconnect.com/directory/de-fore-milliken-co/,https://textileconnect.com/directory/de-fore-milliken-co/,https://textileconnect.com/directory/de-fore-milliken-co/,,,manufacturer,Textile Connect: apparel-and-product-manufacturing,Contact for quote,Textile Connect,https://textileconnect.com/directory/
Del’s Sew & Sew,Gastonia,NC,https://textileconnect.com/directory/dels-sew-sew/,https://textileconnect.com/directory/dels-sew-sew/,https://textileconnect.com/directory/dels-sew-sew/,,,manufacturer,Textile Connect: apparel-and-product-manufacturing,Contact for quote,Textile Connect,https://textileconnect.com/directory/
"DelStar Technologies, Inc",Austin,TX,https://textileconnect.com/directory/delstar-technologies-inc/,https://textileconnect.com/directory/delstar-technologies-inc/,https://textileconnect.com/directory/delstar-technologies-inc/,,,manufacturer,Textile Connect: apparel-and-product-manufacturing,Contact for quote,Textile Connect,https://textileconnect.com/directory/
Delta Apparel,Miramar,FL,https://textileconnect.com/directory/delta-apparel/,https://textileconnect.com/directory/delta-apparel/,https://textileconnect.com/directory/delta-apparel/,,,manufacturer,Textile Connect: apparel-and-product-manufacturing,Contact for quote,Textile Connect,https://textileconnect.com/directory/
Denali Co,York,SC,https://textileconnect.com/directory/denali-co/,https://textileconnect.com/directory/denali-co/,https://textileconnect.com/directory/denali-co/,,,manufacturer,Textile Connect: apparel-and-product-manufacturing,Contact for quote,Textile Connect,https://textileconnect.com/directory/
Denton Hosiery Mill,Denton,NC,https://textileconnect.com/directory/denton-hosiery-mill/,https://textileconnect.com/directory/denton-hosiery-mill/,https://textileconnect.com/directory/denton-hosiery-mill/,,,manufacturer,Textile Connect: apparel-and-product-manufacturing,Contact for quote,Textile Connect,https://textileconnect.com/directory/
Denver Tent Co,Denver,CO,https://textileconnect.com/directory/denver-tent-co/,https://textileconnect.com/directory/denver-tent-co/,https://textileconnect.com/directory/denver-tent-co/,,,manufacturer,Textile Connect: apparel-and-product-manufacturing,Contact for quote,Textile Connect,https://textileconnect.com/directory/
Deroyal Textiles Inc,Camden,SC,https://textileconnect.com/directory/deroyal-textiles-inc/,https://textileconnect.com/directory/deroyal-textiles-inc/,https://textileconnect.com/directory/deroyal-textiles-inc/,,,manufacturer,Textile Connect: apparel-and-product-manufacturing,Contact for quote,Textile Connect,https://textileconnect.com/directory/
De Rue & Assoc Inc,Hickory,NC,https://textileconnect.com/directory/de-rue-assoc-inc/,https://textileconnect.com/directory/de-rue-assoc-inc/,https://textileconnect.com/directory/de-rue-assoc-inc/,,,manufacturer,Textile Connect: apparel-and-product-manufacturing,Contact for quote,Textile Connect,https://textileconnect.com/directory/
Derue & Assoc Inc,Winston Salem,NC,https://textileconnect.com/directory/derue-assoc-inc/,https://textileconnect.com/directory/derue-assoc-inc/,https://textileconnect.com/directory/derue-assoc-inc/,,,manufacturer,Textile Connect: apparel-and-product-manufacturing,Contact for quote,Textile Connect,https://textileconnect.com/directory/
DeSales Trading Co,Burlington,NC,https://textileconnect.com/directory/desales-trading-co/,https://textileconnect.com/directory/desales-trading-co/,https://textileconnect.com/directory/desales-trading-co/,,,manufacturer,Textile Connect: apparel-and-product-manufacturing,Contact for quote,Textile Connect,https://textileconnect.com/directory/
Design Distributing,North Charleston,SC,https://textileconnect.com/directory/design-distributing/,https://textileconnect.com/directory/design-distributing/,https://textileconnect.com/directory/design-distributing/,,,manufacturer,Textile Connect: apparel-and-product-manufacturing,Contact for quote,Textile Connect,https://textileconnect.com/directory/
Designer’s Vision,Charlotte,NC,https://textileconnect.com/directory/designers-vision/,https://textileconnect.com/directory/designers-vision/,https://textileconnect.com/directory/designers-vision/,,,manufacturer,Textile Connect: apparel-and-product-manufacturing,Contact for quote,Textile Connect,https://textileconnect.com/directory/
Designer’s Window Inc,Charlotte,NC,https://textileconnect.com/directory/designers-window-inc/,https://textileconnect.com/directory/designers-window-inc/,https://textileconnect.com/directory/designers-window-inc/,,,manufacturer,Textile Connect: apparel-and-product-manufacturing,Contact for quote,Textile Connect,https://textileconnect.com/directory/
Designer’s Workroom Inc,Apex,NC,https://textileconnect.com/directory/designers-workroom-inc/,https://textileconnect.com/directory/designers-workroom-inc/,https://textileconnect.com/directory/designers-workroom-inc/,,,manufacturer,Textile Connect: apparel-and-product-manufacturing,Contact for quote,Textile Connect,https://textileconnect.com/directory/
Designer Embroidery,Monroe,NC,https://textileconnect.com/directory/designer-embroidery/,https://textileconnect.com/directory/designer-embroidery/,https://textileconnect.com/directory/designer-embroidery/,,,manufacturer,Textile Connect: apparel-and-product-manufacturing,Contact for quote,Textile Connect,https://textileconnect.com/directory/
Designer Sewing Room,Laurinburg,NC,https://textileconnect.com/directory/designer-sewing-room/,https://textileconnect.com/directory/designer-sewing-room/,https://textileconnect.com/directory/designer-sewing-room/,,,manufacturer,Textile Connect: apparel-and-product-manufacturing,Contact for quote,Textile Connect,https://textileconnect.com/directory/
Design Foundry – Hickory,Hickory,NC,https://textileconnect.com/directory/design-foundry-hickory/,https://textileconnect.com/directory/design-foundry-hickory/,https://textileconnect.com/directory/design-foundry-hickory/,,,manufacturer,Textile Connect: apparel-and-product-manufacturing,Contact for quote,Textile Connect,https://textileconnect.com/directory/
Design Lab Inc,Greenville,SC,https://textileconnect.com/directory/design-lab-inc/,https://textileconnect.com/directory/design-lab-inc/,https://textileconnect.com/directory/design-lab-inc/,,,manufacturer,Textile Connect: apparel-and-product-manufacturing,Contact for quote,Textile Connect,https://textileconnect.com/directory/
Design Manifestations,Columbia,SC,https://textileconnect.com/directory/design-manifestations/,https://textileconnect.com/directory/design-manifestations/,https://textileconnect.com/directory/design-manifestations/,,,manufacturer,Textile Connect: apparel-and-product-manufacturing,Contact for quote,Textile Connect,https://textileconnect.com/directory/
Design Source LTD,High Point,NC,https://textileconnect.com/directory/design-source-ltd/,https://textileconnect.com/directory/design-source-ltd/,https://textileconnect.com/directory/design-source-ltd/,,,manufacturer,Textile Connect: apparel-and-product-manufacturing,Contact for quote,Textile Connect,https://textileconnect.com/directory/
Design Studio & Workshop,Wilmington,NC,https://textileconnect.com/directory/design-studio-workshop/,https://textileconnect.com/directory/design-studio-workshop/,https://textileconnect.com/directory/design-studio-workshop/,,,manufacturer,Textile Connect: apparel-and-product-manufacturing,Contact for quote,Textile Connect,https://textileconnect.com/directory/
Designs Unlimited,Asheboro,NC,https://textileconnect.com/directory/designs-unlimited/,https://textileconnect.com/directory/designs-unlimited/,https://textileconnect.com/directory/designs-unlimited/,,,manufacturer,Textile Connect: apparel-and-product-manufacturing,Contact for quote,Textile Connect,https://textileconnect.com/directory/
Design Systems Group Inc,Rocky Mount,NC,https://textileconnect.com/directory/design-systems-group-inc/,https://textileconnect.com/directory/design-systems-group-inc/,https://textileconnect.com/directory/design-systems-group-inc/,,,manufacturer,Textile Connect: apparel-and-product-manufacturing,Contact for quote,Textile Connect,https://textileconnect.com/directory/
Design Tex Fabrics Inc,Charlotte,NC,https://textileconnect.com/directory/design-tex-fabrics-inc/,https://textileconnect.com/directory/design-tex-fabrics-inc/,https://textileconnect.com/directory/design-tex-fabrics-inc/,,,manufacturer,Textile Connect: apparel-and-product-manufacturing,Contact for quote,Textile Connect,https://textileconnect.com/directory/
Design Textile Products,Shelby,NC,https://textileconnect.com/directory/design-textile-products/,https://textileconnect.com/directory/design-textile-products/,https://textileconnect.com/directory/design-textile-products/,,,manufacturer,Textile Connect: apparel-and-product-manufacturing,Contact for quote,Textile Connect,https://textileconnect.com/directory/
Design Up Inc,Siler,NC,https://textileconnect.com/directory/design-up-inc/,https://textileconnect.com/directory/design-up-inc/,https://textileconnect.com/directory/design-up-inc/,,,manufacturer,Textile Connect: apparel-and-product-manufacturing,Contact for quote,Textile Connect,https://textileconnect.com/directory/
Design World,Cary,NC,https://textileconnect.com/directory/design-world/,https://textileconnect.com/directory/design-world/,https://textileconnect.com/directory/design-world/,,,manufacturer,Textile Connect: apparel-and-product-manufacturing,Contact for quote,Textile Connect,https://textileconnect.com/directory/
Detroit Denim Co.,Detroit,MI,https://textileconnect.com/directory/detroit-denim-co/,https://textileconnect.com/directory/detroit-denim-co/,https://textileconnect.com/directory/detroit-denim-co/,,,manufacturer,Textile Connect: apparel-and-product-manufacturing,Contact for quote,Textile Connect,https://textileconnect.com/directory/
Detroit Sewn,Pontiac,MI,https://textileconnect.com/directory/detroit-sewn/,https://textileconnect.com/directory/detroit-sewn/,https://textileconnect.com/directory/detroit-sewn/,,,manufacturer,Textile Connect: apparel-and-product-manufacturing,Contact for quote,Textile Connect,https://textileconnect.com/directory/
"Devan North America, LLC",Greenville,SC,https://textileconnect.com/directory/devan-north-america-llc/,https://textileconnect.com/directory/devan-north-america-llc/,https://textileconnect.com/directory/devan-north-america-llc/,,,manufacturer,Textile Connect: apparel-and-product-manufacturing,Contact for quote,Textile Connect,https://textileconnect.com/directory/
Devil Dog Mfg Co,Spring Hope,NC,https://textileconnect.com/directory/devil-dog-mfg-co/,https://textileconnect.com/directory/devil-dog-mfg-co/,https://textileconnect.com/directory/devil-dog-mfg-co/,,,manufacturer,Textile Connect: apparel-and-product-manufacturing,Contact for quote,Textile Connect,https://textileconnect.com/directory/
Devil Dog Mfg Co Inc,Zebulon,NC,https://textileconnect.com/directory/devil-dog-mfg-co-inc/,https://textileconnect.com/directory/devil-dog-mfg-co-inc/,https://textileconnect.com/directory/devil-dog-mfg-co-inc/,,,manufacturer,Textile Connect: apparel-and-product-manufacturing,Contact for quote,Textile Connect,https://textileconnect.com/directory/
Diamond Apparel,Advance,NC,https://textileconnect.com/directory/diamond-apparel/,https://textileconnect.com/directory/diamond-apparel/,https://textileconnect.com/directory/diamond-apparel/,,,manufacturer,Textile Connect: apparel-and-product-manufacturing,Contact for quote,Textile Connect,https://textileconnect.com/directory/
Diamond Brand Gear (Arden),Arden,NC,https://textileconnect.com/directory/diamond-brand-gear-arden/,https://textileconnect.com/directory/diamond-brand-gear-arden/,https://textileconnect.com/directory/diamond-brand-gear-arden/,,,manufacturer,Textile Connect: apparel-and-product-manufacturing,Contact for quote,Textile Connect,https://textileconnect.com/directory/
Diamond Brand Gear Company (Fletcher),Fletcher,NC,https://textileconnect.com/directory/diamond-brand-gear-company-fletcher/,https://textileconnect.com/directory/diamond-brand-gear-company-fletcher/,https://textileconnect.com/directory/diamond-brand-gear-company-fletcher/,,,manufacturer,Textile Connect: apparel-and-product-manufacturing,Contact for quote,Textile Connect,https://textileconnect.com/directory/
Diamond Dye and Finishing Inc.,"Allentown,",PA,https://textileconnect.com/directory/diamond-dye-and-finishing-inc/,https://textileconnect.com/directory/diamond-dye-and-finishing-inc/,https://textileconnect.com/directory/diamond-dye-and-finishing-inc/,,,manufacturer,Textile Connect: apparel-and-product-manufacturing,Contact for quote,Textile Connect,https://textileconnect.com/directory/
Diamond Plastics Inc,Rock Hill,SC,https://textileconnect.com/directory/diamond-plastics-inc/,https://textileconnect.com/directory/diamond-plastics-inc/,https://textileconnect.com/directory/diamond-plastics-inc/,,,manufacturer,Textile Connect: apparel-and-product-manufacturing,Contact for quote,Textile Connect,https://textileconnect.com/directory/
Diamond Wipes International,Chino,CA,https://textileconnect.com/directory/diamond-wipes-international/,https://textileconnect.com/directory/diamond-wipes-international/,https://textileconnect.com/directory/diamond-wipes-international/,,,manufacturer,Textile Connect: apparel-and-product-manufacturing,Contact for quote,Textile Connect,https://textileconnect.com/directory/
Dicey Fabrics Inc,Shelby,NC,https://textileconnect.com/directory/dicey-fabrics-inc/,https://textileconnect.com/directory/dicey-fabrics-inc/,https://textileconnect.com/directory/dicey-fabrics-inc/,,,manufacturer,Textile Connect: apparel-and-product-manufacturing,Contact for quote,Textile Connect,https://textileconnect.com/directory/
Dick Medical Supply,Columbus,OH,https://textileconnect.com/directory/dick-medical-supply/,https://textileconnect.com/directory/dick-medical-supply/,https://textileconnect.com/directory/dick-medical-supply/,,,manufacturer,Textile Connect: apparel-and-product-manufacturing,Contact for quote,Textile Connect,https://textileconnect.com/directory/
Dickson Industries Inc,Des Moines,IA,https://textileconnect.com/directory/dickson-industries-inc/,https://textileconnect.com/directory/dickson-industries-inc/,https://textileconnect.com/directory/dickson-industries-inc/,,,manufacturer,Textile Connect: apparel-and-product-manufacturing,Contact for quote,Textile Connect,https://textileconnect.com/directory/
Dillard Manufacturing Inc,Charlotte,NC,https://textileconnect.com/directory/dillard-manufacturing-inc/,https://textileconnect.com/directory/dillard-manufacturing-inc/,https://textileconnect.com/directory/dillard-manufacturing-inc/,,,manufacturer,Textile Connect: apparel-and-product-manufacturing,Contact for quote,Textile Connect,https://textileconnect.com/directory/
Dillon Enterprises,Lexington,NC,https://textileconnect.com/directory/dillon-enterprises/,https://textileconnect.com/directory/dillon-enterprises/,https://textileconnect.com/directory/dillon-enterprises/,,,manufacturer,Textile Connect: apparel-and-product-manufacturing,Contact for quote,Textile Connect,https://textileconnect.com/directory/
Dillon Yarn Corp Plant,Dillon,SC,https://textileconnect.com/directory/dillon-yarn-corp-plant/,https://textileconnect.com/directory/dillon-yarn-corp-plant/,https://textileconnect.com/directory/dillon-yarn-corp-plant/,,,manufacturer,Textile Connect: apparel-and-product-manufacturing,Contact for quote,Textile Connect,https://textileconnect.com/directory/
Dillon Yarns Corporation,Dillon,SC,https://textileconnect.com/directory/dillon-yarns-corporation/,https://textileconnect.com/directory/dillon-yarns-corporation/,https://textileconnect.com/directory/dillon-yarns-corporation/,,,manufacturer,Textile Connect: apparel-and-product-manufacturing,Contact for quote,Textile Connect,https://textileconnect.com/directory/
Dilo Inc,Charlotte,NC,https://textileconnect.com/directory/dilo-inc/,https://textileconnect.com/directory/dilo-inc/,https://textileconnect.com/directory/dilo-inc/,,,manufacturer,Textile Connect: apparel-and-product-manufacturing,Contact for quote,Textile Connect,https://textileconnect.com/directory/
"Dipole Materials, Inc.",Baltimore,MD,https://textileconnect.com/directory/dipole-materials-inc/,https://textileconnect.com/directory/dipole-materials-inc/,https://textileconnect.com/directory/dipole-materials-inc/,,,manufacturer,Textile Connect: apparel-and-product-manufacturing,Contact for quote,Textile Connect,https://textileconnect.com/directory/
DirecTex/Wirewright,Commerce,CA,https://textileconnect.com/directory/directex-wirewright/,https://textileconnect.com/directory/directex-wirewright/,https://textileconnect.com/directory/directex-wirewright/,,,manufacturer,Textile Connect: apparel-and-product-manufacturing,Contact for quote,Textile Connect,https://textileconnect.com/directory/
Dirtball,Hickory,NC,https://textileconnect.com/directory/dirtball/,https://textileconnect.com/directory/dirtball/,https://textileconnect.com/directory/dirtball/,,,manufacturer,Textile Connect: apparel-and-product-manufacturing,Contact for quote,Textile Connect,https://textileconnect.com/directory/
Diversified Composites Inc,Erlanger,KY,https://textileconnect.com/directory/diversified-composites-inc/,https://textileconnect.com/directory/diversified-composites-inc/,https://textileconnect.com/directory/diversified-composites-inc/,,,manufacturer,Textile Connect: apparel-and-product-manufacturing,Contact for quote,Textile Connect,https://textileconnect.com/directory/
Diversified Disposable Mktg,Wilmington,NC,https://textileconnect.com/directory/diversified-disposable-mktg/,https://textileconnect.com/directory/diversified-disposable-mktg/,https://textileconnect.com/directory/diversified-disposable-mktg/,,,manufacturer,Textile Connect: apparel-and-product-manufacturing,Contact for quote,Textile Connect,https://textileconnect.com/directory/
Diversified Fabrics Inc,Kings Mountain,NC,https://textileconnect.com/directory/diversified-fabrics-inc/,https://textileconnect.com/directory/diversified-fabrics-inc/,https://textileconnect.com/directory/diversified-fabrics-inc/,,,manufacturer,Textile Connect: apparel-and-product-manufacturing,Contact for quote,Textile Connect,https://textileconnect.com/directory/
Diversified Plastics Inc,Latta,SC,https://textileconnect.com/directory/diversified-plastics-inc/,https://textileconnect.com/directory/diversified-plastics-inc/,https://textileconnect.com/directory/diversified-plastics-inc/,,,manufacturer,Textile Connect: apparel-and-product-manufacturing,Contact for quote,Textile Connect,https://textileconnect.com/directory/
Diversified Systems,Greenville,SC,https://textileconnect.com/directory/diversified-systems/,https://textileconnect.com/directory/diversified-systems/,https://textileconnect.com/directory/diversified-systems/,,,manufacturer,Textile Connect: apparel-and-product-manufacturing,Contact for quote,Textile Connect,https://textileconnect.com/directory/
Diversified Technology Inc,Greenville,SC,https://textileconnect.com/directory/diversified-technology-inc/,https://textileconnect.com/directory/diversified-technology-inc/,https://textileconnect.com/directory/diversified-technology-inc/,,,manufacturer,Textile Connect: apparel-and-product-manufacturing,Contact for quote,Textile Connect,https://textileconnect.com/directory/
Dixie-Regency Foam Inc,Hickory,NC,https://textileconnect.com/directory/dixie-regency-foam-inc/,https://textileconnect.com/directory/dixie-regency-foam-inc/,https://textileconnect.com/directory/dixie-regency-foam-inc/,,,manufacturer,Textile Connect: apparel-and-product-manufacturing,Contact for quote,Textile Connect,https://textileconnect.com/directory/
Dixie Belle Textiles Inc,Elkin,NC,https://textileconnect.com/directory/dixie-belle-textiles-inc/,https://textileconnect.com/directory/dixie-belle-textiles-inc/,https://textileconnect.com/directory/dixie-belle-textiles-inc/,,,manufacturer,Textile Connect: apparel-and-product-manufacturing,Contact for quote,Textile Connect,https://textileconnect.com/directory/
Dixie Screen Printing,Gaffney,SC,https://textileconnect.com/directory/dixie-screen-printing/,https://textileconnect.com/directory/dixie-screen-printing/,https://textileconnect.com/directory/dixie-screen-printing/,,,manufacturer,Textile Connect: apparel-and-product-manufacturing,Contact for quote,Textile Connect,https://textileconnect.com/directory/
Dixon’s Blind & Awning Svc,Rocky Mount,NC,https://textileconnect.com/directory/dixons-blind-awning-svc/,https://textileconnect.com/directory/dixons-blind-awning-svc/,https://textileconnect.com/directory/dixons-blind-awning-svc/,,,manufacturer,Textile Connect: apparel-and-product-manufacturing,Contact for quote,Textile Connect,https://textileconnect.com/directory/
Dize Company,Winston Salem,NC,https://textileconnect.com/directory/dize-company/,https://textileconnect.com/directory/dize-company/,https://textileconnect.com/directory/dize-company/,,,manufacturer,Textile Connect: apparel-and-product-manufacturing,Contact for quote,Textile Connect,https://textileconnect.com/directory/
DKNY,Mebane,NC,https://textileconnect.com/directory/dkny/,https://textileconnect.com/directory/dkny/,https://textileconnect.com/directory/dkny/,,,manufacturer,Textile Connect: apparel-and-product-manufacturing,Contact for quote,Textile Connect,https://textileconnect.com/directory/
DMP Corp,Rock Hill,SC,https://textileconnect.com/directory/dmp-corp/,https://textileconnect.com/directory/dmp-corp/,https://textileconnect.com/directory/dmp-corp/,,,manufacturer,Textile Connect: apparel-and-product-manufacturing,Contact for quote,Textile Connect,https://textileconnect.com/directory/
DNA Technical Fabrics,Columbus,GA,https://textileconnect.com/directory/dna-technical-fabrics/,https://textileconnect.com/directory/dna-technical-fabrics/,https://textileconnect.com/directory/dna-technical-fabrics/,,,manufacturer,Textile Connect: apparel-and-product-manufacturing,Contact for quote,Textile Connect,https://textileconnect.com/directory/
DNP Ims America Corp,Concord,NC,https://textileconnect.com/directory/dnp-ims-america-corp/,https://textileconnect.com/directory/dnp-ims-america-corp/,https://textileconnect.com/directory/dnp-ims-america-corp/,,,manufacturer,Textile Connect: apparel-and-product-manufacturing,Contact for quote,Textile Connect,https://textileconnect.com/directory/
Dobbins Textile Service,Waxhaw,NC,https://textileconnect.com/directory/dobbins-textile-service/,https://textileconnect.com/directory/dobbins-textile-service/,https://textileconnect.com/directory/dobbins-textile-service/,,,manufacturer,Textile Connect: apparel-and-product-manufacturing,Contact for quote,Textile Connect,https://textileconnect.com/directory/
Dobson Bag Co,Mt Airy,NC,https://textileconnect.com/directory/dobson-bag-co/,https://textileconnect.com/directory/dobson-bag-co/,https://textileconnect.com/directory/dobson-bag-co/,,,manufacturer,Textile Connect: apparel-and-product-manufacturing,Contact for quote,Textile Connect,https://textileconnect.com/directory/
Docril Fabrics LLC/CITEL,Sanford,NC,https://textileconnect.com/directory/docril-fabrics-llc-citel/,https://textileconnect.com/directory/docril-fabrics-llc-citel/,https://textileconnect.com/directory/docril-fabrics-llc-citel/,,,manufacturer,Textile Connect: apparel-and-product-manufacturing,Contact for quote,Textile Connect,https://textileconnect.com/directory/
Dodenhoff Industrial Textiles Inc,Westlank,OH,https://textileconnect.com/directory/dodenhoff-industrial-textiles-inc/,https://textileconnect.com/directory/dodenhoff-industrial-textiles-inc/,https://textileconnect.com/directory/dodenhoff-industrial-textiles-inc/,,,manufacturer,Textile Connect: apparel-and-product-manufacturing,Contact for quote,Textile Connect,https://textileconnect.com/directory/
"Dodger Industries, Inc.",Martinsville,VA,https://textileconnect.com/directory/dodger-industries-inc/,https://textileconnect.com/directory/dodger-industries-inc/,https://textileconnect.com/directory/dodger-industries-inc/,,,manufacturer,Textile Connect: apparel-and-product-manufacturing,Contact for quote,Textile Connect,https://textileconnect.com/directory/
Dollar Eddie Rev,Durham,NC,https://textileconnect.com/directory/dollar-eddie-rev/,https://textileconnect.com/directory/dollar-eddie-rev/,https://textileconnect.com/directory/dollar-eddie-rev/,,,manufacturer,Textile Connect: apparel-and-product-manufacturing,Contact for quote,Textile Connect,https://textileconnect.com/directory/
Dolly Hosiery Mill,Valdese,NC,https://textileconnect.com/directory/dolly-hosiery-mill/,https://textileconnect.com/directory/dolly-hosiery-mill/,https://textileconnect.com/directory/dolly-hosiery-mill/,,,manufacturer,Textile Connect: apparel-and-product-manufacturing,Contact for quote,Textile Connect,https://textileconnect.com/directory/
Domestic Fabrics and Blankets Corp.,Kinston,NC,https://textileconnect.com/directory/domestic-fabrics-and-blankets-corp/,https://textileconnect.com/directory/domestic-fabrics-and-blankets-corp/,https://textileconnect.com/directory/domestic-fabrics-and-blankets-corp/,,,manufacturer,Textile Connect: apparel-and-product-manufacturing,Contact for quote,Textile Connect,https://textileconnect.com/directory/
Domestic Fabrics Corp,Kinston,NC,https://textileconnect.com/directory/domestic-fabrics-corp/,https://textileconnect.com/directory/domestic-fabrics-corp/,https://textileconnect.com/directory/domestic-fabrics-corp/,,,manufacturer,Textile Connect: apparel-and-product-manufacturing,Contact for quote,Textile Connect,https://textileconnect.com/directory/
Domestic Industries,Kinston,NC,https://textileconnect.com/directory/domestic-industries/,https://textileconnect.com/directory/domestic-industries/,https://textileconnect.com/directory/domestic-industries/,,,manufacturer,Textile Connect: apparel-and-product-manufacturing,Contact for quote,Textile Connect,https://textileconnect.com/directory/
Domtar Personal Care,Raleigh,NC,https://textileconnect.com/directory/domtar-personal-care/,https://textileconnect.com/directory/domtar-personal-care/,https://textileconnect.com/directory/domtar-personal-care/,,,manufacturer,Textile Connect: apparel-and-product-manufacturing,Contact for quote,Textile Connect,https://textileconnect.com/directory/
Don Addis,Concord,NC,https://textileconnect.com/directory/don-addis/,https://textileconnect.com/directory/don-addis/,https://textileconnect.com/directory/don-addis/,,,manufacturer,Textile Connect: apparel-and-product-manufacturing,Contact for quote,Textile Connect,https://textileconnect.com/directory/
Donna’s Sewing,Randleman,NC,https://textileconnect.com/directory/donnas-sewing/,https://textileconnect.com/directory/donnas-sewing/,https://textileconnect.com/directory/donnas-sewing/,,,manufacturer,Textile Connect: apparel-and-product-manufacturing,Contact for quote,Textile Connect,https://textileconnect.com/directory/
Door To Door Floors,Columbia,SC,https://textileconnect.com/directory/door-to-door-floors/,https://textileconnect.com/directory/door-to-door-floors/,https://textileconnect.com/directory/door-to-door-floors/,,,manufacturer,Textile Connect: apparel-and-product-manufacturing,Contact for quote,Textile Connect,https://textileconnect.com/directory/
Dorco Manufacturing Co,Gastonia,NC,https://textileconnect.com/directory/dorco-manufacturing-co/,https://textileconnect.com/directory/dorco-manufacturing-co/,https://textileconnect.com/directory/dorco-manufacturing-co/,,,manufacturer,Textile Connect: apparel-and-product-manufacturing,Contact for quote,Textile Connect,https://textileconnect.com/directory/
Dorfman Pacfic,Sunset Beach,NC,https://textileconnect.com/directory/dorfman-pacfic/,https://textileconnect.com/directory/dorfman-pacfic/,https://textileconnect.com/directory/dorfman-pacfic/,,,manufacturer,Textile Connect: apparel-and-product-manufacturing,Contact for quote,Textile Connect,https://textileconnect.com/directory/
Dorlastan Fibers LLC,Goose Creek,SC,https://textileconnect.com/directory/dorlastan-fibers-llc/,https://textileconnect.com/directory/dorlastan-fibers-llc/,https://textileconnect.com/directory/dorlastan-fibers-llc/,,,manufacturer,Textile Connect: apparel-and-product-manufacturing,Contact for quote,Textile Connect,https://textileconnect.com/directory/
Dorlie’s Fine Clothing,Thomasville,NC,https://textileconnect.com/directory/dorlies-fine-clothing/,https://textileconnect.com/directory/dorlies-fine-clothing/,https://textileconnect.com/directory/dorlies-fine-clothing/,,,manufacturer,Textile Connect: apparel-and-product-manufacturing,Contact for quote,Textile Connect,https://textileconnect.com/directory/
Dorothy’s Ruffled Originals,Wilmington,NC,https://textileconnect.com/directory/dorothys-ruffled-originals/,https://textileconnect.com/directory/dorothys-ruffled-originals/,https://textileconnect.com/directory/dorothys-ruffled-originals/,,,manufacturer,Textile Connect: apparel-and-product-manufacturing,Contact for quote,Textile Connect,https://textileconnect.com/directory/
Dorothy’s Sewing Nook,Georgetown,SC,https://textileconnect.com/directory/dorothys-sewing-nook/,https://textileconnect.com/directory/dorothys-sewing-nook/,https://textileconnect.com/directory/dorothys-sewing-nook/,,,manufacturer,Textile Connect: apparel-and-product-manufacturing,Contact for quote,Textile Connect,https://textileconnect.com/directory/
Dorsett Industries,Dalton,GA,https://textileconnect.com/directory/dorsett-industries/,https://textileconnect.com/directory/dorsett-industries/,https://textileconnect.com/directory/dorsett-industries/,,,manufacturer,Textile Connect: apparel-and-product-manufacturing,Contact for quote,Textile Connect,https://textileconnect.com/directory/
DOT Tiedown & Lifting Equip,Easley,SC,https://textileconnect.com/directory/dot-tiedown-lifting-equip/,https://textileconnect.com/directory/dot-tiedown-lifting-equip/,https://textileconnect.com/directory/dot-tiedown-lifting-equip/,,,manufacturer,Textile Connect: apparel-and-product-manufacturing,Contact for quote,Textile Connect,https://textileconnect.com/directory/
Double Dart Mfg,Zebulon,NC,https://textileconnect.com/directory/double-dart-mfg/,https://textileconnect.com/directory/double-dart-mfg/,https://textileconnect.com/directory/double-dart-mfg/,,,manufacturer,Textile Connect: apparel-and-product-manufacturing,Contact for quote,Textile Connect,https://textileconnect.com/directory/
Double L Inc,Charlotte,NC,https://textileconnect.com/directory/double-l-inc/,https://textileconnect.com/directory/double-l-inc/,https://textileconnect.com/directory/double-l-inc/,,,manufacturer,Textile Connect: apparel-and-product-manufacturing,Contact for quote,Textile Connect,https://textileconnect.com/directory/
Douglas Montaldos Furs Inc,Charlotte,NC,https://textileconnect.com/directory/douglas-montaldos-furs-inc/,https://textileconnect.com/directory/douglas-montaldos-furs-inc/,https://textileconnect.com/directory/douglas-montaldos-furs-inc/,,,manufacturer,Textile Connect: apparel-and-product-manufacturing,Contact for quote,Textile Connect,https://textileconnect.com/directory/
Down East Canvas LTD,Oriental,NC,https://textileconnect.com/directory/down-east-canvas-ltd/,https://textileconnect.com/directory/down-east-canvas-ltd/,https://textileconnect.com/directory/down-east-canvas-ltd/,,,manufacturer,Textile Connect: apparel-and-product-manufacturing,Contact for quote,Textile Connect,https://textileconnect.com/directory/
D P Enterprises,Spartanburg,SC,https://textileconnect.com/directory/d-p-enterprises/,https://textileconnect.com/directory/d-p-enterprises/,https://textileconnect.com/directory/d-p-enterprises/,,,manufacturer,Textile Connect: apparel-and-product-manufacturing,Contact for quote,Textile Connect,https://textileconnect.com/directory/
dp woodrow & company,Charlotte,NC,https://textileconnect.com/directory/dp-woodrow-company/,https://textileconnect.com/directory/dp-woodrow-company/,https://textileconnect.com/directory/dp-woodrow-company/,,,manufacturer,Textile Connect: apparel-and-product-manufacturing,Contact for quote,Textile Connect,https://textileconnect.com/directory/
Dragon Lady Inc,Mt Pleasant,SC,https://textileconnect.com/directory/dragon-lady-inc/,https://textileconnect.com/directory/dragon-lady-inc/,https://textileconnect.com/directory/dragon-lady-inc/,,,manufacturer,Textile Connect: apparel-and-product-manufacturing,Contact for quote,Textile Connect,https://textileconnect.com/directory/
E-Z Up International Inc,Norco,CA,https://textileconnect.com/directory/e-z-up-international-inc/,https://textileconnect.com/directory/e-z-up-international-inc/,https://textileconnect.com/directory/e-z-up-international-inc/,,,manufacturer,Textile Connect: apparel-and-product-manufacturing,Contact for quote,Textile Connect,https://textileconnect.com/directory/
"E & W Textile Processors, Inc.",Haldon,NJ,https://textileconnect.com/directory/e-w-textile-processors-inc/,https://textileconnect.com/directory/e-w-textile-processors-inc/,https://textileconnect.com/directory/e-w-textile-processors-inc/,,,manufacturer,Textile Connect: apparel-and-product-manufacturing,Contact for quote,Textile Connect,https://textileconnect.com/directory/
e2 – E Squared,Hillside,NJ,https://textileconnect.com/directory/e2-e-squared/,https://textileconnect.com/directory/e2-e-squared/,https://textileconnect.com/directory/e2-e-squared/,,,manufacturer,Textile Connect: apparel-and-product-manufacturing,Contact for quote,Textile Connect,https://textileconnect.com/directory/
Eagle Embrodiery,Winston Salem,NC,https://textileconnect.com/directory/eagle-embrodiery/,https://textileconnect.com/directory/eagle-embrodiery/,https://textileconnect.com/directory/eagle-embrodiery/,,,manufacturer,Textile Connect: apparel-and-product-manufacturing,Contact for quote,Textile Connect,https://textileconnect.com/directory/
Eagle Embroidery & Screen Ptg,Greenville,SC,https://textileconnect.com/directory/eagle-embroidery-screen-ptg/,https://textileconnect.com/directory/eagle-embroidery-screen-ptg/,https://textileconnect.com/directory/eagle-embroidery-screen-ptg/,,,manufacturer,Textile Connect: apparel-and-product-manufacturing,Contact for quote,Textile Connect,https://textileconnect.com/directory/
Eagle Fabric Sales Inc,Hickory,NC,https://textileconnect.com/directory/eagle-fabric-sales-inc/,https://textileconnect.com/directory/eagle-fabric-sales-inc/,https://textileconnect.com/directory/eagle-fabric-sales-inc/,,,manufacturer,Textile Connect: apparel-and-product-manufacturing,Contact for quote,Textile Connect,https://textileconnect.com/directory/
Eagle Iron Works,Greenville,SC,https://textileconnect.com/directory/eagle-iron-works/,https://textileconnect.com/directory/eagle-iron-works/,https://textileconnect.com/directory/eagle-iron-works/,,,manufacturer,Textile Connect: apparel-and-product-manufacturing,Contact for quote,Textile Connect,https://textileconnect.com/directory/
Eagle Mountain Finishing,Cramerton,NC,https://textileconnect.com/directory/eagle-mountain-finishing/,https://textileconnect.com/directory/eagle-mountain-finishing/,https://textileconnect.com/directory/eagle-mountain-finishing/,,,manufacturer,Textile Connect: apparel-and-product-manufacturing,Contact for quote,Textile Connect,https://textileconnect.com/directory/
Eagle Textiles & Co Inc,Spartanburg,SC,https://textileconnect.com/directory/eagle-textiles-co-inc/,https://textileconnect.com/directory/eagle-textiles-co-inc/,https://textileconnect.com/directory/eagle-textiles-co-inc/,,,manufacturer,Textile Connect: apparel-and-product-manufacturing,Contact for quote,Textile Connect,https://textileconnect.com/directory/
Eagle USA,Wendell,NC,https://textileconnect.com/directory/eagle-usa/,https://textileconnect.com/directory/eagle-usa/,https://textileconnect.com/directory/eagle-usa/,,,manufacturer,Textile Connect: apparel-and-product-manufacturing,Contact for quote,Textile Connect,https://textileconnect.com/directory/
EAM Corporation,Jesup,GA,https://textileconnect.com/directory/eam-corporation/,https://textileconnect.com/directory/eam-corporation/,https://textileconnect.com/directory/eam-corporation/,,,manufacturer,Textile Connect: apparel-and-product-manufacturing,Contact for quote,Textile Connect,https://textileconnect.com/directory/
Early Bird Knitting Mills,Hickory,NC,https://textileconnect.com/directory/early-bird-knitting-mills/,https://textileconnect.com/directory/early-bird-knitting-mills/,https://textileconnect.com/directory/early-bird-knitting-mills/,,,manufacturer,Textile Connect: apparel-and-product-manufacturing,Contact for quote,Textile Connect,https://textileconnect.com/directory/
Earnhardt Textile Machinery,Roebuck,SC,https://textileconnect.com/directory/earnhardt-textile-machinery/,https://textileconnect.com/directory/earnhardt-textile-machinery/,https://textileconnect.com/directory/earnhardt-textile-machinery/,,,manufacturer,Textile Connect: apparel-and-product-manufacturing,Contact for quote,Textile Connect,https://textileconnect.com/directory/
Earthly,San Pedro,CA,https://textileconnect.com/directory/earthly/,https://textileconnect.com/directory/earthly/,https://textileconnect.com/directory/earthly/,,,manufacturer,Textile Connect: apparel-and-product-manufacturing,Contact for quote,Textile Connect,https://textileconnect.com/directory/
"Eastbank Textiles, LLC",Macon,GA,https://textileconnect.com/directory/eastbank-textiles-llc/,https://textileconnect.com/directory/eastbank-textiles-llc/,https://textileconnect.com/directory/eastbank-textiles-llc/,,,manufacturer,Textile Connect: apparel-and-product-manufacturing,Contact for quote,Textile Connect,https://textileconnect.com/directory/
East Carolina Brace & Limb Co,Goldsboro,NC,https://textileconnect.com/directory/east-carolina-brace-limb-co/,https://textileconnect.com/directory/east-carolina-brace-limb-co/,https://textileconnect.com/directory/east-carolina-brace-limb-co/,,,manufacturer,Textile Connect: apparel-and-product-manufacturing,Contact for quote,Textile Connect,https://textileconnect.com/directory/
East Coast Erosion Control,Bernville,PA,https://textileconnect.com/directory/east-coast-erosion-control/,https://textileconnect.com/directory/east-coast-erosion-control/,https://textileconnect.com/directory/east-coast-erosion-control/,,,manufacturer,Textile Connect: apparel-and-product-manufacturing,Contact for quote,Textile Connect,https://textileconnect.com/directory/
East Coast Umbrella Inc,Laurel Hill,NC,https://textileconnect.com/directory/east-coast-umbrella-inc/,https://textileconnect.com/directory/east-coast-umbrella-inc/,https://textileconnect.com/directory/east-coast-umbrella-inc/,,,manufacturer,Textile Connect: apparel-and-product-manufacturing,Contact for quote,Textile Connect,https://textileconnect.com/directory/
East Coast Wear,Fayetville,NC,https://textileconnect.com/directory/east-coast-wear/,https://textileconnect.com/directory/east-coast-wear/,https://textileconnect.com/directory/east-coast-wear/,,,manufacturer,Textile Connect: apparel-and-product-manufacturing,Contact for quote,Textile Connect,https://textileconnect.com/directory/
Eastern Metal Supply,Charlotte,NC,https://textileconnect.com/directory/eastern-metal-supply/,https://textileconnect.com/directory/eastern-metal-supply/,https://textileconnect.com/directory/eastern-metal-supply/,,,manufacturer,Textile Connect: apparel-and-product-manufacturing,Contact for quote,Textile Connect,https://textileconnect.com/directory/
Eastern Plastics Co,Charlotte,NC,https://textileconnect.com/directory/eastern-plastics-co/,https://textileconnect.com/directory/eastern-plastics-co/,https://textileconnect.com/directory/eastern-plastics-co/,,,manufacturer,Textile Connect: apparel-and-product-manufacturing,Contact for quote,Textile Connect,https://textileconnect.com/directory/
Eastern Superior Aircraft,Hillsborough,NC,https://textileconnect.com/directory/eastern-superior-aircraft/,https://textileconnect.com/directory/eastern-superior-aircraft/,https://textileconnect.com/directory/eastern-superior-aircraft/,,,manufacturer,Textile Connect: apparel-and-product-manufacturing,Contact for quote,Textile Connect,https://textileconnect.com/directory/
"Eastex Products, Inc.",Holbrook,MA,https://textileconnect.com/directory/eastex-products-inc/,https://textileconnect.com/directory/eastex-products-inc/,https://textileconnect.com/directory/eastex-products-inc/,,,manufacturer,Textile Connect: apparel-and-product-manufacturing,Contact for quote,Textile Connect,https://textileconnect.com/directory/
Eastman Chemical Company,Kingsport,TN,https://textileconnect.com/directory/eastman-chemical-company/,https://textileconnect.com/directory/eastman-chemical-company/,https://textileconnect.com/directory/eastman-chemical-company/,,,manufacturer,Textile Connect: apparel-and-product-manufacturing,Contact for quote,Textile Connect,https://textileconnect.com/directory/
Eastman Machine Co.,Buffalo,NY,https://textileconnect.com/directory/eastman-machine-co/,https://textileconnect.com/directory/eastman-machine-co/,https://textileconnect.com/directory/eastman-machine-co/,,,manufacturer,Textile Connect: apparel-and-product-manufacturing,Contact for quote,Textile Connect,https://textileconnect.com/directory/
Easton Technical Products,Salt Lake,UT,https://textileconnect.com/directory/easton-technical-products/,https://textileconnect.com/directory/easton-technical-products/,https://textileconnect.com/directory/easton-technical-products/,,,manufacturer,Textile Connect: apparel-and-product-manufacturing,Contact for quote,Textile Connect,https://textileconnect.com/directory/
EAT Inc.,Charlotte,NC,https://textileconnect.com/directory/eat-inc/,https://textileconnect.com/directory/eat-inc/,https://textileconnect.com/directory/eat-inc/,,,manufacturer,Textile Connect: apparel-and-product-manufacturing,Contact for quote,Textile Connect,https://textileconnect.com/directory/
Eat More Tees,West Columbia,SC,https://textileconnect.com/directory/eat-more-tees/,https://textileconnect.com/directory/eat-more-tees/,https://textileconnect.com/directory/eat-more-tees/,,,manufacturer,Textile Connect: apparel-and-product-manufacturing,Contact for quote,Textile Connect,https://textileconnect.com/directory/
Eaton Corp,Middlesex,NC,https://textileconnect.com/directory/eaton-corp/,https://textileconnect.com/directory/eaton-corp/,https://textileconnect.com/directory/eaton-corp/,,,manufacturer,Textile Connect: apparel-and-product-manufacturing,Contact for quote,Textile Connect,https://textileconnect.com/directory/
"Eatumup Lure Company, Inc",Greensboro,NC,https://textileconnect.com/directory/eatumup-lure-company-inc/,https://textileconnect.com/directory/eatumup-lure-company-inc/,https://textileconnect.com/directory/eatumup-lure-company-inc/,,,manufacturer,Textile Connect: apparel-and-product-manufacturing,Contact for quote,Textile Connect,https://textileconnect.com/directory/
Ebbitide Polymers Corp,Charlotte,NC,https://textileconnect.com/directory/ebbitide-polymers-corp/,https://textileconnect.com/directory/ebbitide-polymers-corp/,https://textileconnect.com/directory/ebbitide-polymers-corp/,,,manufacturer,Textile Connect: apparel-and-product-manufacturing,Contact for quote,Textile Connect,https://textileconnect.com/directory/
Ebb Tide Tent & Party Rentals,Queenstown,MD,https://textileconnect.com/directory/ebb-tide-tent-party-rentals/,https://textileconnect.com/directory/ebb-tide-tent-party-rentals/,https://textileconnect.com/directory/ebb-tide-tent-party-rentals/,,,manufacturer,Textile Connect: apparel-and-product-manufacturing,Contact for quote,Textile Connect,https://textileconnect.com/directory/
Echoview Fiber Mill,Weaverville,NC,https://textileconnect.com/directory/echoview-fiber-mill/,https://textileconnect.com/directory/echoview-fiber-mill/,https://textileconnect.com/directory/echoview-fiber-mill/,,,manufacturer,Textile Connect: apparel-and-product-manufacturing,Contact for quote,Textile Connect,https://textileconnect.com/directory/
ECLAT USA,of Industry,CA,https://textileconnect.com/directory/eclat-usa/,https://textileconnect.com/directory/eclat-usa/,https://textileconnect.com/directory/eclat-usa/,,,manufacturer,Textile Connect: apparel-and-product-manufacturing,Contact for quote,Textile Connect,https://textileconnect.com/directory/
Eclipse Awning Systems,Middletown,NY,https://textileconnect.com/directory/eclipse-awning-systems/,https://textileconnect.com/directory/eclipse-awning-systems/,https://textileconnect.com/directory/eclipse-awning-systems/,,,manufacturer,Textile Connect: apparel-and-product-manufacturing,Contact for quote,Textile Connect,https://textileconnect.com/directory/
Ecolab,St.Paul,MN,https://textileconnect.com/directory/ecolab/,https://textileconnect.com/directory/ecolab/,https://textileconnect.com/directory/ecolab/,,,manufacturer,Textile Connect: apparel-and-product-manufacturing,Contact for quote,Textile Connect,https://textileconnect.com/directory/
ECOM USA Inc.,Dallas,TX,https://textileconnect.com/directory/ecom-usa-inc/,https://textileconnect.com/directory/ecom-usa-inc/,https://textileconnect.com/directory/ecom-usa-inc/,,,manufacturer,Textile Connect: apparel-and-product-manufacturing,Contact for quote,Textile Connect,https://textileconnect.com/directory/
Econo Drapery & Window Fashion,Bryson,NC,https://textileconnect.com/directory/econo-drapery-window-fashion/,https://textileconnect.com/directory/econo-drapery-window-fashion/,https://textileconnect.com/directory/econo-drapery-window-fashion/,,,manufacturer,Textile Connect: apparel-and-product-manufacturing,Contact for quote,Textile Connect,https://textileconnect.com/directory/
E Cono Flags,Wilmington,NC,https://textileconnect.com/directory/e-cono-flags/,https://textileconnect.com/directory/e-cono-flags/,https://textileconnect.com/directory/e-cono-flags/,,,manufacturer,Textile Connect: apparel-and-product-manufacturing,Contact for quote,Textile Connect,https://textileconnect.com/directory/
Economy Screen Printing,Florence,SC,https://textileconnect.com/directory/economy-screen-printing/,https://textileconnect.com/directory/economy-screen-printing/,https://textileconnect.com/directory/economy-screen-printing/,,,manufacturer,Textile Connect: apparel-and-product-manufacturing,Contact for quote,Textile Connect,https://textileconnect.com/directory/
Economy Tent International,Miami,FL,https://textileconnect.com/directory/economy-tent-international/,https://textileconnect.com/directory/economy-tent-international/,https://textileconnect.com/directory/economy-tent-international/,,,manufacturer,Textile Connect: apparel-and-product-manufacturing,Contact for quote,Textile Connect,https://textileconnect.com/directory/
Ecovia Renewables Inc,Ann Arbor,MI,https://textileconnect.com/directory/ecovia-renewables-inc/,https://textileconnect.com/directory/ecovia-renewables-inc/,https://textileconnect.com/directory/ecovia-renewables-inc/,,,manufacturer,Textile Connect: apparel-and-product-manufacturing,Contact for quote,Textile Connect,https://textileconnect.com/directory/
EDANA,Brussels,,https://textileconnect.com/directory/edana/,https://textileconnect.com/directory/edana/,https://textileconnect.com/directory/edana/,,,manufacturer,Textile Connect: apparel-and-product-manufacturing,Contact for quote,Textile Connect,https://textileconnect.com/directory/
Edda Textile Machines Inc,Taylors,SC,https://textileconnect.com/directory/edda-textile-machines-inc/,https://textileconnect.com/directory/edda-textile-machines-inc/,https://textileconnect.com/directory/edda-textile-machines-inc/,,,manufacturer,Textile Connect: apparel-and-product-manufacturing,Contact for quote,Textile Connect,https://textileconnect.com/directory/
E D Ellis Sales Co,Raleigh,NC,https://textileconnect.com/directory/e-d-ellis-sales-co/,https://textileconnect.com/directory/e-d-ellis-sales-co/,https://textileconnect.com/directory/e-d-ellis-sales-co/,,,manufacturer,Textile Connect: apparel-and-product-manufacturing,Contact for quote,Textile Connect,https://textileconnect.com/directory/
Edelweiss Manufacturing Co Inc,Hickory,NC,https://textileconnect.com/directory/edelweiss-manufacturing-co-inc/,https://textileconnect.com/directory/edelweiss-manufacturing-co-inc/,https://textileconnect.com/directory/edelweiss-manufacturing-co-inc/,,,manufacturer,Textile Connect: apparel-and-product-manufacturing,Contact for quote,Textile Connect,https://textileconnect.com/directory/
Edenton Dyeing & Finishing,Edenton,NC,https://textileconnect.com/directory/edenton-dyeing-finishing/,https://textileconnect.com/directory/edenton-dyeing-finishing/,https://textileconnect.com/directory/edenton-dyeing-finishing/,,,manufacturer,Textile Connect: apparel-and-product-manufacturing,Contact for quote,Textile Connect,https://textileconnect.com/directory/
Eden Yarns Inc,Eden,NC,https://textileconnect.com/directory/eden-yarns-inc/,https://textileconnect.com/directory/eden-yarns-inc/,https://textileconnect.com/directory/eden-yarns-inc/,,,manufacturer,Textile Connect: apparel-and-product-manufacturing,Contact for quote,Textile Connect,https://textileconnect.com/directory/
Edgecombe Cotton Growers Inc,Tarboro,NC,https://textileconnect.com/directory/edgecombe-cotton-growers-inc/,https://textileconnect.com/directory/edgecombe-cotton-growers-inc/,https://textileconnect.com/directory/edgecombe-cotton-growers-inc/,,,manufacturer,Textile Connect: apparel-and-product-manufacturing,Contact for quote,Textile Connect,https://textileconnect.com/directory/
EDG Enterprises,Greenville,SC,https://textileconnect.com/directory/edg-enterprises/,https://textileconnect.com/directory/edg-enterprises/,https://textileconnect.com/directory/edg-enterprises/,,,manufacturer,Textile Connect: apparel-and-product-manufacturing,Contact for quote,Textile Connect,https://textileconnect.com/directory/
Edgewell Operations,Sidney,OH,https://textileconnect.com/directory/edgewell-operations/,https://textileconnect.com/directory/edgewell-operations/,https://textileconnect.com/directory/edgewell-operations/,,,manufacturer,Textile Connect: apparel-and-product-manufacturing,Contact for quote,Textile Connect,https://textileconnect.com/directory/
Edgewood Apparel Inc,Lexington,NC,https://textileconnect.com/directory/edgewood-apparel-inc/,https://textileconnect.com/directory/edgewood-apparel-inc/,https://textileconnect.com/directory/edgewood-apparel-inc/,,,manufacturer,Textile Connect: apparel-and-product-manufacturing,Contact for quote,Textile Connect,https://textileconnect.com/directory/
Edley Fabrics Inc,Boca Raton,FL,https://textileconnect.com/directory/edley-fabrics-inc/,https://textileconnect.com/directory/edley-fabrics-inc/,https://textileconnect.com/directory/edley-fabrics-inc/,,,manufacturer,Textile Connect: apparel-and-product-manufacturing,Contact for quote,Textile Connect,https://textileconnect.com/directory/
"Edmund Kim Production Group, Inc.",Rancho Dominguez,CA,https://textileconnect.com/directory/edmund-kim-production-group-inc/,https://textileconnect.com/directory/edmund-kim-production-group-inc/,https://textileconnect.com/directory/edmund-kim-production-group-inc/,,,manufacturer,Textile Connect: apparel-and-product-manufacturing,Contact for quote,Textile Connect,https://textileconnect.com/directory/
EDPA USA Inc.,New York,NY,https://textileconnect.com/directory/edpa-usa-inc/,https://textileconnect.com/directory/edpa-usa-inc/,https://textileconnect.com/directory/edpa-usa-inc/,,,manufacturer,Textile Connect: apparel-and-product-manufacturing,Contact for quote,Textile Connect,https://textileconnect.com/directory/
Edward B De Leo Co,Duncan,SC,https://textileconnect.com/directory/edward-b-de-leo-co/,https://textileconnect.com/directory/edward-b-de-leo-co/,https://textileconnect.com/directory/edward-b-de-leo-co/,,,manufacturer,Textile Connect: apparel-and-product-manufacturing,Contact for quote,Textile Connect,https://textileconnect.com/directory/
Edward H. Best & Co.,Thomaston,ME,https://textileconnect.com/directory/edward-h-best-co/,https://textileconnect.com/directory/edward-h-best-co/,https://textileconnect.com/directory/edward-h-best-co/,,,manufacturer,Textile Connect: apparel-and-product-manufacturing,Contact for quote,Textile Connect,https://textileconnect.com/directory/
Edwards Cotton Co,Scotland Neck,NC,https://textileconnect.com/directory/edwards-cotton-co/,https://textileconnect.com/directory/edwards-cotton-co/,https://textileconnect.com/directory/edwards-cotton-co/,,,manufacturer,Textile Connect: apparel-and-product-manufacturing,Contact for quote,Textile Connect,https://textileconnect.com/directory/
Edward Segal Inc.,Thomaston,CT,https://textileconnect.com/directory/edward-segal-inc/,https://textileconnect.com/directory/edward-segal-inc/,https://textileconnect.com/directory/edward-segal-inc/,,,manufacturer,Textile Connect: apparel-and-product-manufacturing,Contact for quote,Textile Connect,https://textileconnect.com/directory/
Eeonyx Corporation,Pinole,CA,https://textileconnect.com/directory/eeonyx-corporation/,https://textileconnect.com/directory/eeonyx-corporation/,https://textileconnect.com/directory/eeonyx-corporation/,,,manufacturer,Textile Connect: apparel-and-product-manufacturing,Contact for quote,Textile Connect,https://textileconnect.com/directory/
Efland Hosiery Mill Inc,Efland,NC,https://textileconnect.com/directory/efland-hosiery-mill-inc/,https://textileconnect.com/directory/efland-hosiery-mill-inc/,https://textileconnect.com/directory/efland-hosiery-mill-inc/,,,manufacturer,Textile Connect: apparel-and-product-manufacturing,Contact for quote,Textile Connect,https://textileconnect.com/directory/
Efp Inc,Randleman,NC,https://textileconnect.com/directory/efp-inc/,https://textileconnect.com/directory/efp-inc/,https://textileconnect.com/directory/efp-inc/,,,manufacturer,Textile Connect: apparel-and-product-manufacturing,Contact for quote,Textile Connect,https://textileconnect.com/directory/
EGI Inc,Fort Mill,SC,https://textileconnect.com/directory/egi-inc/,https://textileconnect.com/directory/egi-inc/,https://textileconnect.com/directory/egi-inc/,,,manufacturer,Textile Connect: apparel-and-product-manufacturing,Contact for quote,Textile Connect,https://textileconnect.com/directory/
Ego – Beltex Underwear LLC,Gastonia,NC,https://textileconnect.com/directory/ego-beltex-underwear-llc/,https://textileconnect.com/directory/ego-beltex-underwear-llc/,https://textileconnect.com/directory/ego-beltex-underwear-llc/,,,manufacturer,Textile Connect: apparel-and-product-manufacturing,Contact for quote,Textile Connect,https://textileconnect.com/directory/
Ehmke Mfg. Co. Inc.,Philadelphia,PA,https://textileconnect.com/directory/ehmke-mfg-co-inc/,https://textileconnect.com/directory/ehmke-mfg-co-inc/,https://textileconnect.com/directory/ehmke-mfg-co-inc/,,,manufacturer,Textile Connect: apparel-and-product-manufacturing,Contact for quote,Textile Connect,https://textileconnect.com/directory/
Eide Industries Inc.,Cerritos,CA,https://textileconnect.com/directory/eide-industries-inc/,https://textileconnect.com/directory/eide-industries-inc/,https://textileconnect.com/directory/eide-industries-inc/,,,manufacturer,Textile Connect: apparel-and-product-manufacturing,Contact for quote,Textile Connect,https://textileconnect.com/directory/
Eighty Two Church Children’s,Charleston,SC,https://textileconnect.com/directory/eighty-two-church-childrens/,https://textileconnect.com/directory/eighty-two-church-childrens/,https://textileconnect.com/directory/eighty-two-church-childrens/,,,manufacturer,Textile Connect: apparel-and-product-manufacturing,Contact for quote,Textile Connect,https://textileconnect.com/directory/
"Elastic Cord & Webbing, Inc.",East Dundee,IL,https://textileconnect.com/directory/elastic-cord-webbing-inc/,https://textileconnect.com/directory/elastic-cord-webbing-inc/,https://textileconnect.com/directory/elastic-cord-webbing-inc/,,,manufacturer,Textile Connect: apparel-and-product-manufacturing,Contact for quote,Textile Connect,https://textileconnect.com/directory/
Elastic Corp Of America,Lexington,NC,https://textileconnect.com/directory/elastic-corp-of-america/,https://textileconnect.com/directory/elastic-corp-of-america/,https://textileconnect.com/directory/elastic-corp-of-america/,,,manufacturer,Textile Connect: apparel-and-product-manufacturing,Contact for quote,Textile Connect,https://textileconnect.com/directory/
Elastic Fabrics Of America,Greensboro,NC,https://textileconnect.com/directory/elastic-fabrics-of-america/,https://textileconnect.com/directory/elastic-fabrics-of-america/,https://textileconnect.com/directory/elastic-fabrics-of-america/,,,manufacturer,Textile Connect: apparel-and-product-manufacturing,Contact for quote,Textile Connect,https://textileconnect.com/directory/
Elastic Products Div,Andrews,NC,https://textileconnect.com/directory/elastic-products-div/,https://textileconnect.com/directory/elastic-products-div/,https://textileconnect.com/directory/elastic-products-div/,,,manufacturer,Textile Connect: apparel-and-product-manufacturing,Contact for quote,Textile Connect,https://textileconnect.com/directory/
Elastic Therapy Inc,Asheboro,NC,https://textileconnect.com/directory/elastic-therapy-inc/,https://textileconnect.com/directory/elastic-therapy-inc/,https://textileconnect.com/directory/elastic-therapy-inc/,,,manufacturer,Textile Connect: apparel-and-product-manufacturing,Contact for quote,Textile Connect,https://textileconnect.com/directory/
"Elcatex, S. de R.L. de C.V.",,,https://textileconnect.com/directory/elcatex-s-de-r-l-de-c-v/,https://textileconnect.com/directory/elcatex-s-de-r-l-de-c-v/,https://textileconnect.com/directory/elcatex-s-de-r-l-de-c-v/,,,manufacturer,Textile Connect: apparel-and-product-manufacturing,Contact for quote,Textile Connect,https://textileconnect.com/directory/
Elder Hosiery Mills,Burlington,NC,https://textileconnect.com/directory/elder-hosiery-mills/,https://textileconnect.com/directory/elder-hosiery-mills/,https://textileconnect.com/directory/elder-hosiery-mills/,,,manufacturer,Textile Connect: apparel-and-product-manufacturing,Contact for quote,Textile Connect,https://textileconnect.com/directory/
Eldon-Psi,Marion,NC,https://textileconnect.com/directory/eldon-psi/,https://textileconnect.com/directory/eldon-psi/,https://textileconnect.com/directory/eldon-psi/,,,manufacturer,Textile Connect: apparel-and-product-manufacturing,Contact for quote,Textile Connect,https://textileconnect.com/directory/
Eldon Specialties Inc,Graham,NC,https://textileconnect.com/directory/eldon-specialties-inc/,https://textileconnect.com/directory/eldon-specialties-inc/,https://textileconnect.com/directory/eldon-specialties-inc/,,,manufacturer,Textile Connect: apparel-and-product-manufacturing,Contact for quote,Textile Connect,https://textileconnect.com/directory/
Eleeo Brands,Cincinnati,OH,https://textileconnect.com/directory/eleeo-brands/,https://textileconnect.com/directory/eleeo-brands/,https://textileconnect.com/directory/eleeo-brands/,,,manufacturer,Textile Connect: apparel-and-product-manufacturing,Contact for quote,Textile Connect,https://textileconnect.com/directory/
"Elevate Textiles, Inc.",Greensboro,NC,https://textileconnect.com/directory/elevate-textiles-inc/,https://textileconnect.com/directory/elevate-textiles-inc/,https://textileconnect.com/directory/elevate-textiles-inc/,,,manufacturer,Textile Connect: apparel-and-product-manufacturing,Contact for quote,Textile Connect,https://textileconnect.com/directory/
Elgort Textile Assoc Inc,York,SC,https://textileconnect.com/directory/elgort-textile-assoc-inc/,https://textileconnect.com/directory/elgort-textile-assoc-inc/,https://textileconnect.com/directory/elgort-textile-assoc-inc/,,,manufacturer,Textile Connect: apparel-and-product-manufacturing,Contact for quote,Textile Connect,https://textileconnect.com/directory/
Elite Events & Rentals LLC,Tampa,FL,https://textileconnect.com/directory/elite-events-rentals-llc/,https://textileconnect.com/directory/elite-events-rentals-llc/,https://textileconnect.com/directory/elite-events-rentals-llc/,,,manufacturer,Textile Connect: apparel-and-product-manufacturing,Contact for quote,Textile Connect,https://textileconnect.com/directory/
Elite Sportswear,Reading,PA,https://textileconnect.com/directory/elite-sportswear/,https://textileconnect.com/directory/elite-sportswear/,https://textileconnect.com/directory/elite-sportswear/,,,manufacturer,Textile Connect: apparel-and-product-manufacturing,Contact for quote,Textile Connect,https://textileconnect.com/directory/
Elkem Silicones,York,SC,https://textileconnect.com/directory/elkem-silicones/,https://textileconnect.com/directory/elkem-silicones/,https://textileconnect.com/directory/elkem-silicones/,,,manufacturer,Textile Connect: apparel-and-product-manufacturing,Contact for quote,Textile Connect,https://textileconnect.com/directory/
Elliott Metal Works,Greenville,SC,https://textileconnect.com/directory/elliott-metal-works/,https://textileconnect.com/directory/elliott-metal-works/,https://textileconnect.com/directory/elliott-metal-works/,,,manufacturer,Textile Connect: apparel-and-product-manufacturing,Contact for quote,Textile Connect,https://textileconnect.com/directory/
Ellis Events – A Clear Sound Co.,Greensburg,IN,https://textileconnect.com/directory/ellis-events-a-clear-sound-co/,https://textileconnect.com/directory/ellis-events-a-clear-sound-co/,https://textileconnect.com/directory/ellis-events-a-clear-sound-co/,,,manufacturer,Textile Connect: apparel-and-product-manufacturing,Contact for quote,Textile Connect,https://textileconnect.com/directory/
Ellis Flooring Sales Co,Greenville,SC,https://textileconnect.com/directory/ellis-flooring-sales-co/,https://textileconnect.com/directory/ellis-flooring-sales-co/,https://textileconnect.com/directory/ellis-flooring-sales-co/,,,manufacturer,Textile Connect: apparel-and-product-manufacturing,Contact for quote,Textile Connect,https://textileconnect.com/directory/
Ellis Hosiery Mills Inc,Hickory,NC,https://textileconnect.com/directory/ellis-hosiery-mills-inc/,https://textileconnect.com/directory/ellis-hosiery-mills-inc/,https://textileconnect.com/directory/ellis-hosiery-mills-inc/,,,manufacturer,Textile Connect: apparel-and-product-manufacturing,Contact for quote,Textile Connect,https://textileconnect.com/directory/
Ellison Co Inc,Greensboro,NC,https://textileconnect.com/directory/ellison-co-inc/,https://textileconnect.com/directory/ellison-co-inc/,https://textileconnect.com/directory/ellison-co-inc/,,,manufacturer,Textile Connect: apparel-and-product-manufacturing,Contact for quote,Textile Connect,https://textileconnect.com/directory/
"Elmarco, Inc.",Raleigh,NC,https://textileconnect.com/directory/elmarco-inc/,https://textileconnect.com/directory/elmarco-inc/,https://textileconnect.com/directory/elmarco-inc/,,,manufacturer,Textile Connect: apparel-and-product-manufacturing,Contact for quote,Textile Connect,https://textileconnect.com/directory/
Elmo Leather Inc,High Point,NC,https://textileconnect.com/directory/elmo-leather-inc/,https://textileconnect.com/directory/elmo-leather-inc/,https://textileconnect.com/directory/elmo-leather-inc/,,,manufacturer,Textile Connect: apparel-and-product-manufacturing,Contact for quote,Textile Connect,https://textileconnect.com/directory/
Elmore Products Inc,Pacolet,SC,https://textileconnect.com/directory/elmore-products-inc/,https://textileconnect.com/directory/elmore-products-inc/,https://textileconnect.com/directory/elmore-products-inc/,,,manufacturer,Textile Connect: apparel-and-product-manufacturing,Contact for quote,Textile Connect,https://textileconnect.com/directory/
"Elsner Engineering Works, Inc",Hanover,PA,https://textileconnect.com/directory/elsner-engineering-works-inc/,https://textileconnect.com/directory/elsner-engineering-works-inc/,https://textileconnect.com/directory/elsner-engineering-works-inc/,,,manufacturer,Textile Connect: apparel-and-product-manufacturing,Contact for quote,Textile Connect,https://textileconnect.com/directory/
Embroidery Creations LLC,Virginville,PA,https://textileconnect.com/directory/embroidery-creations-llc/,https://textileconnect.com/directory/embroidery-creations-llc/,https://textileconnect.com/directory/embroidery-creations-llc/,,,manufacturer,Textile Connect: apparel-and-product-manufacturing,Contact for quote,Textile Connect,https://textileconnect.com/directory/
Embroidery Solutions,Kingstree,SC,https://textileconnect.com/directory/embroidery-solutions/,https://textileconnect.com/directory/embroidery-solutions/,https://textileconnect.com/directory/embroidery-solutions/,,,manufacturer,Textile Connect: apparel-and-product-manufacturing,Contact for quote,Textile Connect,https://textileconnect.com/directory/
Embroidery Specialities,Travelers Rest,SC,https://textileconnect.com/directory/embroidery-specialities/,https://textileconnect.com/directory/embroidery-specialities/,https://textileconnect.com/directory/embroidery-specialities/,,,manufacturer,Textile Connect: apparel-and-product-manufacturing,Contact for quote,Textile Connect,https://textileconnect.com/directory/
Embroidery Wizards,Columbia,SC,https://textileconnect.com/directory/embroidery-wizards/,https://textileconnect.com/directory/embroidery-wizards/,https://textileconnect.com/directory/embroidery-wizards/,,,manufacturer,Textile Connect: apparel-and-product-manufacturing,Contact for quote,Textile Connect,https://textileconnect.com/directory/
EME Company,Prairieville,LA,https://textileconnect.com/directory/eme-company/,https://textileconnect.com/directory/eme-company/,https://textileconnect.com/directory/eme-company/,,,manufacturer,Textile Connect: apparel-and-product-manufacturing,Contact for quote,Textile Connect,https://textileconnect.com/directory/
Emerald Insulation & Spclts,Greenwood,SC,https://textileconnect.com/directory/emerald-insulation-spclts/,https://textileconnect.com/directory/emerald-insulation-spclts/,https://textileconnect.com/directory/emerald-insulation-spclts/,,,manufacturer,Textile Connect: apparel-and-product-manufacturing,Contact for quote,Textile Connect,https://textileconnect.com/directory/
Emerson Recycling Corp,Brooklyn,NY,https://textileconnect.com/directory/emerson-recycling-corp/,https://textileconnect.com/directory/emerson-recycling-corp/,https://textileconnect.com/directory/emerson-recycling-corp/,,,manufacturer,Textile Connect: apparel-and-product-manufacturing,Contact for quote,Textile Connect,https://textileconnect.com/directory/
Emman Machinery Inc,Cowpens,SC,https://textileconnect.com/directory/emman-machinery-inc/,https://textileconnect.com/directory/emman-machinery-inc/,https://textileconnect.com/directory/emman-machinery-inc/,,,manufacturer,Textile Connect: apparel-and-product-manufacturing,Contact for quote,Textile Connect,https://textileconnect.com/directory/
F.A.B.R.I.C.,Tempe,AZ,https://textileconnect.com/directory/f-a-b-r-i-c/,https://textileconnect.com/directory/f-a-b-r-i-c/,https://textileconnect.com/directory/f-a-b-r-i-c/,,,manufacturer,Textile Connect: apparel-and-product-manufacturing,Contact for quote,Textile Connect,https://textileconnect.com/directory/
F. Schumacher & Co.,Newark,DE,https://textileconnect.com/directory/f-schumacher-co/,https://textileconnect.com/directory/f-schumacher-co/,https://textileconnect.com/directory/f-schumacher-co/,,,manufacturer,Textile Connect: apparel-and-product-manufacturing,Contact for quote,Textile Connect,https://textileconnect.com/directory/
F & M Hat Co. Inc.,Denver,PA,https://textileconnect.com/directory/f-m-hat-co-inc/,https://textileconnect.com/directory/f-m-hat-co-inc/,https://textileconnect.com/directory/f-m-hat-co-inc/,,,manufacturer,Textile Connect: apparel-and-product-manufacturing,Contact for quote,Textile Connect,https://textileconnect.com/directory/
Fab-Tech Co,Owings Mills,MD,https://textileconnect.com/directory/fab-tech-co/,https://textileconnect.com/directory/fab-tech-co/,https://textileconnect.com/directory/fab-tech-co/,,,manufacturer,Textile Connect: apparel-and-product-manufacturing,Contact for quote,Textile Connect,https://textileconnect.com/directory/
Fab Con Inc,Harrisburg,NC,https://textileconnect.com/directory/fab-con-inc/,https://textileconnect.com/directory/fab-con-inc/,https://textileconnect.com/directory/fab-con-inc/,,,manufacturer,Textile Connect: apparel-and-product-manufacturing,Contact for quote,Textile Connect,https://textileconnect.com/directory/
Fab Four Fiberglass,Camden,SC,https://textileconnect.com/directory/fab-four-fiberglass/,https://textileconnect.com/directory/fab-four-fiberglass/,https://textileconnect.com/directory/fab-four-fiberglass/,,,manufacturer,Textile Connect: apparel-and-product-manufacturing,Contact for quote,Textile Connect,https://textileconnect.com/directory/
"Fabric & Yarn Assoc., Inc.",Spartanburg,SC,https://textileconnect.com/directory/fabric-yarn-assoc-inc/,https://textileconnect.com/directory/fabric-yarn-assoc-inc/,https://textileconnect.com/directory/fabric-yarn-assoc-inc/,,,manufacturer,Textile Connect: apparel-and-product-manufacturing,Contact for quote,Textile Connect,https://textileconnect.com/directory/
Fabriccraft,Hickory,NC,https://textileconnect.com/directory/fabriccraft/,https://textileconnect.com/directory/fabriccraft/,https://textileconnect.com/directory/fabriccraft/,,,manufacturer,Textile Connect: apparel-and-product-manufacturing,Contact for quote,Textile Connect,https://textileconnect.com/directory/
Fabric Development Inc.,Quakertown,PA,https://textileconnect.com/directory/fabric-development-inc/,https://textileconnect.com/directory/fabric-development-inc/,https://textileconnect.com/directory/fabric-development-inc/,,,manufacturer,Textile Connect: apparel-and-product-manufacturing,Contact for quote,Textile Connect,https://textileconnect.com/directory/
Fabric Finders Inc.,Florence,AL,https://textileconnect.com/directory/fabric-finders-inc/,https://textileconnect.com/directory/fabric-finders-inc/,https://textileconnect.com/directory/fabric-finders-inc/,,,manufacturer,Textile Connect: apparel-and-product-manufacturing,Contact for quote,Textile Connect,https://textileconnect.com/directory/
Fabric For Us,Los Angeles,CA,https://textileconnect.com/directory/fabric-for-us/,https://textileconnect.com/directory/fabric-for-us/,https://textileconnect.com/directory/fabric-for-us/,,,manufacturer,Textile Connect: apparel-and-product-manufacturing,Contact for quote,Textile Connect,https://textileconnect.com/directory/
Fabric Graphics Association,Roseville,MN,https://textileconnect.com/directory/fabric-graphics-association/,https://textileconnect.com/directory/fabric-graphics-association/,https://textileconnect.com/directory/fabric-graphics-association/,,,manufacturer,Textile Connect: apparel-and-product-manufacturing,Contact for quote,Textile Connect,https://textileconnect.com/directory/
"Fabric Images, Inc.",Elgin,IL,https://textileconnect.com/directory/fabric-images-inc/,https://textileconnect.com/directory/fabric-images-inc/,https://textileconnect.com/directory/fabric-images-inc/,,,manufacturer,Textile Connect: apparel-and-product-manufacturing,Contact for quote,Textile Connect,https://textileconnect.com/directory/
Fabric Labels Inc,Charlotte,NC,https://textileconnect.com/directory/fabric-labels-inc/,https://textileconnect.com/directory/fabric-labels-inc/,https://textileconnect.com/directory/fabric-labels-inc/,,,manufacturer,Textile Connect: apparel-and-product-manufacturing,Contact for quote,Textile Connect,https://textileconnect.com/directory/
Fabric Merchants,Los Angeles,CA,https://textileconnect.com/directory/fabric-merchants/,https://textileconnect.com/directory/fabric-merchants/,https://textileconnect.com/directory/fabric-merchants/,,,manufacturer,Textile Connect: apparel-and-product-manufacturing,Contact for quote,Textile Connect,https://textileconnect.com/directory/
Fabrics By Grady,Trinity,NC,https://textileconnect.com/directory/fabrics-by-grady/,https://textileconnect.com/directory/fabrics-by-grady/,https://textileconnect.com/directory/fabrics-by-grady/,,,manufacturer,Textile Connect: apparel-and-product-manufacturing,Contact for quote,Textile Connect,https://textileconnect.com/directory/
Fabrics By Kelly,Thomasville,NC,https://textileconnect.com/directory/fabrics-by-kelly/,https://textileconnect.com/directory/fabrics-by-kelly/,https://textileconnect.com/directory/fabrics-by-kelly/,,,manufacturer,Textile Connect: apparel-and-product-manufacturing,Contact for quote,Textile Connect,https://textileconnect.com/directory/
Fabrics In Fashion,Los Angeles,CA,https://textileconnect.com/directory/fabrics-in-fashion/,https://textileconnect.com/directory/fabrics-in-fashion/,https://textileconnect.com/directory/fabrics-in-fashion/,,,manufacturer,Textile Connect: apparel-and-product-manufacturing,Contact for quote,Textile Connect,https://textileconnect.com/directory/
Fabrics In Motion Inc,High Point,NC,https://textileconnect.com/directory/fabrics-in-motion-inc/,https://textileconnect.com/directory/fabrics-in-motion-inc/,https://textileconnect.com/directory/fabrics-in-motion-inc/,,,manufacturer,Textile Connect: apparel-and-product-manufacturing,Contact for quote,Textile Connect,https://textileconnect.com/directory/
Fabrictex Inc,Lincolnton,NC,https://textileconnect.com/directory/fabrictex-inc/,https://textileconnect.com/directory/fabrictex-inc/,https://textileconnect.com/directory/fabrictex-inc/,,,manufacturer,Textile Connect: apparel-and-product-manufacturing,Contact for quote,Textile Connect,https://textileconnect.com/directory/
Fabricut Inc.,Tulsa,OK,https://textileconnect.com/directory/fabricut-inc/,https://textileconnect.com/directory/fabricut-inc/,https://textileconnect.com/directory/fabricut-inc/,,,manufacturer,Textile Connect: apparel-and-product-manufacturing,Contact for quote,Textile Connect,https://textileconnect.com/directory/
Fabriscape Inc.,Bedford Park,IL,https://textileconnect.com/directory/fabriscape-inc/,https://textileconnect.com/directory/fabriscape-inc/,https://textileconnect.com/directory/fabriscape-inc/,,,manufacturer,Textile Connect: apparel-and-product-manufacturing,Contact for quote,Textile Connect,https://textileconnect.com/directory/
Fabron Limited,Charlotte,NC,https://textileconnect.com/directory/fabron-limited/,https://textileconnect.com/directory/fabron-limited/,https://textileconnect.com/directory/fabron-limited/,,,manufacturer,Textile Connect: apparel-and-product-manufacturing,Contact for quote,Textile Connect,https://textileconnect.com/directory/
FabRox LLC / FitUSA Manufacturing,Ormond Beach,FL,https://textileconnect.com/directory/fabrox-llc-fitusa-manufacturing/,https://textileconnect.com/directory/fabrox-llc-fitusa-manufacturing/,https://textileconnect.com/directory/fabrox-llc-fitusa-manufacturing/,,,manufacturer,Textile Connect: apparel-and-product-manufacturing,Contact for quote,Textile Connect,https://textileconnect.com/directory/
Fabtex,Lumberton,NC,https://textileconnect.com/directory/fabtex/,https://textileconnect.com/directory/fabtex/,https://textileconnect.com/directory/fabtex/,,,manufacturer,Textile Connect: apparel-and-product-manufacturing,Contact for quote,Textile Connect,https://textileconnect.com/directory/
Facemate Corp,Hickory,NC,https://textileconnect.com/directory/facemate-corp/,https://textileconnect.com/directory/facemate-corp/,https://textileconnect.com/directory/facemate-corp/,,,manufacturer,Textile Connect: apparel-and-product-manufacturing,Contact for quote,Textile Connect,https://textileconnect.com/directory/
Factory Direct Fabrics,Ridgefield,CT,https://textileconnect.com/directory/factory-direct-fabrics/,https://textileconnect.com/directory/factory-direct-fabrics/,https://textileconnect.com/directory/factory-direct-fabrics/,,,manufacturer,Textile Connect: apparel-and-product-manufacturing,Contact for quote,Textile Connect,https://textileconnect.com/directory/
Factory Discount,Sumter,SC,https://textileconnect.com/directory/factory-discount/,https://textileconnect.com/directory/factory-discount/,https://textileconnect.com/directory/factory-discount/,,,manufacturer,Textile Connect: apparel-and-product-manufacturing,Contact for quote,Textile Connect,https://textileconnect.com/directory/
Fairfield Textile- TEMPORARILY CLOSED,Bridgeton,NJ,https://textileconnect.com/directory/fairfield-textile-temporarily-closed/,https://textileconnect.com/directory/fairfield-textile-temporarily-closed/,https://textileconnect.com/directory/fairfield-textile-temporarily-closed/,,,manufacturer,Textile Connect: apparel-and-product-manufacturing,Contact for quote,Textile Connect,https://textileconnect.com/directory/
Fair Labor Association,NW Washington,District of Columbia (DC),https://textileconnect.com/directory/fair-labor-association/,https://textileconnect.com/directory/fair-labor-association/,https://textileconnect.com/directory/fair-labor-association/,,,manufacturer,Textile Connect: apparel-and-product-manufacturing,Contact for quote,Textile Connect,https://textileconnect.com/directory/
Fairway Pillow Inc,Randleman,NC,https://textileconnect.com/directory/fairway-pillow-inc/,https://textileconnect.com/directory/fairway-pillow-inc/,https://textileconnect.com/directory/fairway-pillow-inc/,,,manufacturer,Textile Connect: apparel-and-product-manufacturing,Contact for quote,Textile Connect,https://textileconnect.com/directory/
Fairway Products,Hillsdale,MI,https://textileconnect.com/directory/fairway-products/,https://textileconnect.com/directory/fairway-products/,https://textileconnect.com/directory/fairway-products/,,,manufacturer,Textile Connect: apparel-and-product-manufacturing,Contact for quote,Textile Connect,https://textileconnect.com/directory/
Fairystone Fabrics Inc,Burlington,NC,https://textileconnect.com/directory/fairystone-fabrics-inc/,https://textileconnect.com/directory/fairystone-fabrics-inc/,https://textileconnect.com/directory/fairystone-fabrics-inc/,,,manufacturer,Textile Connect: apparel-and-product-manufacturing,Contact for quote,Textile Connect,https://textileconnect.com/directory/
Faith Packing,Randleman,NC,https://textileconnect.com/directory/faith-packing/,https://textileconnect.com/directory/faith-packing/,https://textileconnect.com/directory/faith-packing/,,,manufacturer,Textile Connect: apparel-and-product-manufacturing,Contact for quote,Textile Connect,https://textileconnect.com/directory/
Falcon & Wagen,Durham,NC,https://textileconnect.com/directory/falcon-wagen/,https://textileconnect.com/directory/falcon-wagen/,https://textileconnect.com/directory/falcon-wagen/,,,manufacturer,Textile Connect: apparel-and-product-manufacturing,Contact for quote,Textile Connect,https://textileconnect.com/directory/
Falcon Dyeing & Finishing,Windsor,NC,https://textileconnect.com/directory/falcon-dyeing-finishing/,https://textileconnect.com/directory/falcon-dyeing-finishing/,https://textileconnect.com/directory/falcon-dyeing-finishing/,,,manufacturer,Textile Connect: apparel-and-product-manufacturing,Contact for quote,Textile Connect,https://textileconnect.com/directory/
F A Maccluer Inc,Belton,SC,https://textileconnect.com/directory/f-a-maccluer-inc/,https://textileconnect.com/directory/f-a-maccluer-inc/,https://textileconnect.com/directory/f-a-maccluer-inc/,,,manufacturer,Textile Connect: apparel-and-product-manufacturing,Contact for quote,Textile Connect,https://textileconnect.com/directory/
Family Dollar Stores Inc,Matthews,NC,https://textileconnect.com/directory/family-dollar-stores-inc/,https://textileconnect.com/directory/family-dollar-stores-inc/,https://textileconnect.com/directory/family-dollar-stores-inc/,,,manufacturer,Textile Connect: apparel-and-product-manufacturing,Contact for quote,Textile Connect,https://textileconnect.com/directory/
Fancy Stitch,Roebuck,SC,https://textileconnect.com/directory/fancy-stitch/,https://textileconnect.com/directory/fancy-stitch/,https://textileconnect.com/directory/fancy-stitch/,,,manufacturer,Textile Connect: apparel-and-product-manufacturing,Contact for quote,Textile Connect,https://textileconnect.com/directory/
Far Eastern Furnishings Inc,High Point,NC,https://textileconnect.com/directory/far-eastern-furnishings-inc/,https://textileconnect.com/directory/far-eastern-furnishings-inc/,https://textileconnect.com/directory/far-eastern-furnishings-inc/,,,manufacturer,Textile Connect: apparel-and-product-manufacturing,Contact for quote,Textile Connect,https://textileconnect.com/directory/
Farley Textiles Knits Inc,Wellford,SC,https://textileconnect.com/directory/farley-textiles-knits-inc/,https://textileconnect.com/directory/farley-textiles-knits-inc/,https://textileconnect.com/directory/farley-textiles-knits-inc/,,,manufacturer,Textile Connect: apparel-and-product-manufacturing,Contact for quote,Textile Connect,https://textileconnect.com/directory/
Farmers Gin Co,Jackson,NC,https://textileconnect.com/directory/farmers-gin-co/,https://textileconnect.com/directory/farmers-gin-co/,https://textileconnect.com/directory/farmers-gin-co/,,,manufacturer,Textile Connect: apparel-and-product-manufacturing,Contact for quote,Textile Connect,https://textileconnect.com/directory/
Farrel Corp,Charlotte,NC,https://textileconnect.com/directory/farrel-corp/,https://textileconnect.com/directory/farrel-corp/,https://textileconnect.com/directory/farrel-corp/,,,manufacturer,Textile Connect: apparel-and-product-manufacturing,Contact for quote,Textile Connect,https://textileconnect.com/directory/
Farris Belt & Saw,Charlotte,NC,https://textileconnect.com/directory/farris-belt-saw/,https://textileconnect.com/directory/farris-belt-saw/,https://textileconnect.com/directory/farris-belt-saw/,,,manufacturer,Textile Connect: apparel-and-product-manufacturing,Contact for quote,Textile Connect,https://textileconnect.com/directory/
Fashion Finds,Spartanburg,SC,https://textileconnect.com/directory/fashion-finds/,https://textileconnect.com/directory/fashion-finds/,https://textileconnect.com/directory/fashion-finds/,,,manufacturer,Textile Connect: apparel-and-product-manufacturing,Contact for quote,Textile Connect,https://textileconnect.com/directory/
Fashion House Furniture,Taylorsville,NC,https://textileconnect.com/directory/fashion-house-furniture/,https://textileconnect.com/directory/fashion-house-furniture/,https://textileconnect.com/directory/fashion-house-furniture/,,,manufacturer,Textile Connect: apparel-and-product-manufacturing,Contact for quote,Textile Connect,https://textileconnect.com/directory/
Fashions By Marie,Jacksonville,NC,https://textileconnect.com/directory/fashions-by-marie/,https://textileconnect.com/directory/fashions-by-marie/,https://textileconnect.com/directory/fashions-by-marie/,,,manufacturer,Textile Connect: apparel-and-product-manufacturing,Contact for quote,Textile Connect,https://textileconnect.com/directory/
Fast Craft Boats,Georgetown,SC,https://textileconnect.com/directory/fast-craft-boats/,https://textileconnect.com/directory/fast-craft-boats/,https://textileconnect.com/directory/fast-craft-boats/,,,manufacturer,Textile Connect: apparel-and-product-manufacturing,Contact for quote,Textile Connect,https://textileconnect.com/directory/
Faternal Supplies,Winston Salem,NC,https://textileconnect.com/directory/faternal-supplies/,https://textileconnect.com/directory/faternal-supplies/,https://textileconnect.com/directory/faternal-supplies/,,,manufacturer,Textile Connect: apparel-and-product-manufacturing,Contact for quote,Textile Connect,https://textileconnect.com/directory/
G. Alan Incorporated,Durham,NC,https://textileconnect.com/directory/g-alan-incorporated/,https://textileconnect.com/directory/g-alan-incorporated/,https://textileconnect.com/directory/g-alan-incorporated/,,,manufacturer,Textile Connect: apparel-and-product-manufacturing,Contact for quote,Textile Connect,https://textileconnect.com/directory/
"G.P. Johnson & Associates, Inc.",Naples,FL,https://textileconnect.com/directory/g-p-johnson-associates-inc/,https://textileconnect.com/directory/g-p-johnson-associates-inc/,https://textileconnect.com/directory/g-p-johnson-associates-inc/,,,manufacturer,Textile Connect: apparel-and-product-manufacturing,Contact for quote,Textile Connect,https://textileconnect.com/directory/
"G.P. Johnson & Associates, Inc. – FL",Naples,FL,https://textileconnect.com/directory/g-p-johnson-associates-inc-fl/,https://textileconnect.com/directory/g-p-johnson-associates-inc-fl/,https://textileconnect.com/directory/g-p-johnson-associates-inc-fl/,,,manufacturer,Textile Connect: apparel-and-product-manufacturing,Contact for quote,Textile Connect,https://textileconnect.com/directory/
G & K Svc,Greensboro,NC,https://textileconnect.com/directory/g-k-svc/,https://textileconnect.com/directory/g-k-svc/,https://textileconnect.com/directory/g-k-svc/,,,manufacturer,Textile Connect: apparel-and-product-manufacturing,Contact for quote,Textile Connect,https://textileconnect.com/directory/
"Gale Pacific USA, Inc.",Altamonte Springs,FL,https://textileconnect.com/directory/gale-pacific-usa-inc/,https://textileconnect.com/directory/gale-pacific-usa-inc/,https://textileconnect.com/directory/gale-pacific-usa-inc/,,,manufacturer,Textile Connect: apparel-and-product-manufacturing,Contact for quote,Textile Connect,https://textileconnect.com/directory/
Galey & Lord Industries Inc,Greensboro,NC,https://textileconnect.com/directory/galey-lord-industries-inc/,https://textileconnect.com/directory/galey-lord-industries-inc/,https://textileconnect.com/directory/galey-lord-industries-inc/,,,manufacturer,Textile Connect: apparel-and-product-manufacturing,Contact for quote,Textile Connect,https://textileconnect.com/directory/
Galey & Lord LLC,Greensboro,NC,https://textileconnect.com/directory/galey-lord-llc/,https://textileconnect.com/directory/galey-lord-llc/,https://textileconnect.com/directory/galey-lord-llc/,,,manufacturer,Textile Connect: apparel-and-product-manufacturing,Contact for quote,Textile Connect,https://textileconnect.com/directory/
Galler Yarns,Sugar Loaf,NY,https://textileconnect.com/directory/galler-yarns/,https://textileconnect.com/directory/galler-yarns/,https://textileconnect.com/directory/galler-yarns/,,,manufacturer,Textile Connect: apparel-and-product-manufacturing,Contact for quote,Textile Connect,https://textileconnect.com/directory/
Game Time Performance Fabric,Taylorsville,NC,https://textileconnect.com/directory/game-time-performance-fabric/,https://textileconnect.com/directory/game-time-performance-fabric/,https://textileconnect.com/directory/game-time-performance-fabric/,,,manufacturer,Textile Connect: apparel-and-product-manufacturing,Contact for quote,Textile Connect,https://textileconnect.com/directory/
Garland Shirt Co,Garland,NC,https://textileconnect.com/directory/garland-shirt-co/,https://textileconnect.com/directory/garland-shirt-co/,https://textileconnect.com/directory/garland-shirt-co/,,,manufacturer,Textile Connect: apparel-and-product-manufacturing,Contact for quote,Textile Connect,https://textileconnect.com/directory/
Garlock Sealing Technologies,Palmyra,NY,https://textileconnect.com/directory/garlock-sealing-technologies/,https://textileconnect.com/directory/garlock-sealing-technologies/,https://textileconnect.com/directory/garlock-sealing-technologies/,,,manufacturer,Textile Connect: apparel-and-product-manufacturing,Contact for quote,Textile Connect,https://textileconnect.com/directory/
Garment Technology Inc,Gaffney,SC,https://textileconnect.com/directory/garment-technology-inc/,https://textileconnect.com/directory/garment-technology-inc/,https://textileconnect.com/directory/garment-technology-inc/,,,manufacturer,Textile Connect: apparel-and-product-manufacturing,Contact for quote,Textile Connect,https://textileconnect.com/directory/
Garner Inc,Beaufort,NC,https://textileconnect.com/directory/garner-inc/,https://textileconnect.com/directory/garner-inc/,https://textileconnect.com/directory/garner-inc/,,,manufacturer,Textile Connect: apparel-and-product-manufacturing,Contact for quote,Textile Connect,https://textileconnect.com/directory/
Gary A Hester Interiors Inc,Greenville,SC,https://textileconnect.com/directory/gary-a-hester-interiors-inc/,https://textileconnect.com/directory/gary-a-hester-interiors-inc/,https://textileconnect.com/directory/gary-a-hester-interiors-inc/,,,manufacturer,Textile Connect: apparel-and-product-manufacturing,Contact for quote,Textile Connect,https://textileconnect.com/directory/
Gastex,Gastonia,NC,https://textileconnect.com/directory/gastex/,https://textileconnect.com/directory/gastex/,https://textileconnect.com/directory/gastex/,,,manufacturer,Textile Connect: apparel-and-product-manufacturing,Contact for quote,Textile Connect,https://textileconnect.com/directory/
Gaston County Dyeing Machine,Mt Holly,NC,https://textileconnect.com/directory/gaston-county-dyeing-machine/,https://textileconnect.com/directory/gaston-county-dyeing-machine/,https://textileconnect.com/directory/gaston-county-dyeing-machine/,,,manufacturer,Textile Connect: apparel-and-product-manufacturing,Contact for quote,Textile Connect,https://textileconnect.com/directory/
Gaston Electronics,Mt Holly,NC,https://textileconnect.com/directory/gaston-electronics/,https://textileconnect.com/directory/gaston-electronics/,https://textileconnect.com/directory/gaston-electronics/,,,manufacturer,Textile Connect: apparel-and-product-manufacturing,Contact for quote,Textile Connect,https://textileconnect.com/directory/
Gaston Systems Inc,Stanley,NC,https://textileconnect.com/directory/gaston-systems-inc/,https://textileconnect.com/directory/gaston-systems-inc/,https://textileconnect.com/directory/gaston-systems-inc/,,,manufacturer,Textile Connect: apparel-and-product-manufacturing,Contact for quote,Textile Connect,https://textileconnect.com/directory/
Gates Cotton Gin Inc,Gates,NC,https://textileconnect.com/directory/gates-cotton-gin-inc/,https://textileconnect.com/directory/gates-cotton-gin-inc/,https://textileconnect.com/directory/gates-cotton-gin-inc/,,,manufacturer,Textile Connect: apparel-and-product-manufacturing,Contact for quote,Textile Connect,https://textileconnect.com/directory/
Gates Rubber Co,Raleigh,NC,https://textileconnect.com/directory/gates-rubber-co/,https://textileconnect.com/directory/gates-rubber-co/,https://textileconnect.com/directory/gates-rubber-co/,,,manufacturer,Textile Connect: apparel-and-product-manufacturing,Contact for quote,Textile Connect,https://textileconnect.com/directory/
"Gavitt Wire & Cable Co., Inc.",West Brookfield,MA,https://textileconnect.com/directory/gavitt-wire-cable-co-inc/,https://textileconnect.com/directory/gavitt-wire-cable-co-inc/,https://textileconnect.com/directory/gavitt-wire-cable-co-inc/,,,manufacturer,Textile Connect: apparel-and-product-manufacturing,Contact for quote,Textile Connect,https://textileconnect.com/directory/
Gehring Textiles Inc.,Garden,NY,https://textileconnect.com/directory/gehring-textiles-inc/,https://textileconnect.com/directory/gehring-textiles-inc/,https://textileconnect.com/directory/gehring-textiles-inc/,,,manufacturer,Textile Connect: apparel-and-product-manufacturing,Contact for quote,Textile Connect,https://textileconnect.com/directory/
Gehring Tricot Corp.,Dolgeville,NY,https://textileconnect.com/directory/gehring-tricot-corp/,https://textileconnect.com/directory/gehring-tricot-corp/,https://textileconnect.com/directory/gehring-tricot-corp/,,,manufacturer,Textile Connect: apparel-and-product-manufacturing,Contact for quote,Textile Connect,https://textileconnect.com/directory/
Geltman Industries,Vernon CA,CA,https://textileconnect.com/directory/geltman-industries/,https://textileconnect.com/directory/geltman-industries/,https://textileconnect.com/directory/geltman-industries/,,,manufacturer,Textile Connect: apparel-and-product-manufacturing,Contact for quote,Textile Connect,https://textileconnect.com/directory/
Gem Dandy Inc,Madison,NC,https://textileconnect.com/directory/gem-dandy-inc/,https://textileconnect.com/directory/gem-dandy-inc/,https://textileconnect.com/directory/gem-dandy-inc/,,,manufacturer,Textile Connect: apparel-and-product-manufacturing,Contact for quote,Textile Connect,https://textileconnect.com/directory/
"Gemini Shirts, Inc.",Battleboro,NC,https://textileconnect.com/directory/gemini-shirts-inc/,https://textileconnect.com/directory/gemini-shirts-inc/,https://textileconnect.com/directory/gemini-shirts-inc/,,,manufacturer,Textile Connect: apparel-and-product-manufacturing,Contact for quote,Textile Connect,https://textileconnect.com/directory/
"G E M Knitting, Inc",Oakboro,NC,https://textileconnect.com/directory/g-e-m-knitting-inc/,https://textileconnect.com/directory/g-e-m-knitting-inc/,https://textileconnect.com/directory/g-e-m-knitting-inc/,,,manufacturer,Textile Connect: apparel-and-product-manufacturing,Contact for quote,Textile Connect,https://textileconnect.com/directory/
General Elastic Corp,High Point,NC,https://textileconnect.com/directory/general-elastic-corp/,https://textileconnect.com/directory/general-elastic-corp/,https://textileconnect.com/directory/general-elastic-corp/,,,manufacturer,Textile Connect: apparel-and-product-manufacturing,Contact for quote,Textile Connect,https://textileconnect.com/directory/
General Materials,Raleigh,NC,https://textileconnect.com/directory/general-materials/,https://textileconnect.com/directory/general-materials/,https://textileconnect.com/directory/general-materials/,,,manufacturer,Textile Connect: apparel-and-product-manufacturing,Contact for quote,Textile Connect,https://textileconnect.com/directory/
Gentex Corp.,Carbondale,PA,https://textileconnect.com/directory/gentex-corp/,https://textileconnect.com/directory/gentex-corp/,https://textileconnect.com/directory/gentex-corp/,,,manufacturer,Textile Connect: apparel-and-product-manufacturing,Contact for quote,Textile Connect,https://textileconnect.com/directory/
Gentry Mills Inc,Albemarle,NC,https://textileconnect.com/directory/gentry-mills-inc/,https://textileconnect.com/directory/gentry-mills-inc/,https://textileconnect.com/directory/gentry-mills-inc/,,,manufacturer,Textile Connect: apparel-and-product-manufacturing,Contact for quote,Textile Connect,https://textileconnect.com/directory/
Geo. Sheard Fabrics Ltd.,"Coaticook QC, Canada, J1A 1X4",,https://textileconnect.com/directory/geo-sheard-fabrics-ltd/,https://textileconnect.com/directory/geo-sheard-fabrics-ltd/,https://textileconnect.com/directory/geo-sheard-fabrics-ltd/,,,manufacturer,Textile Connect: apparel-and-product-manufacturing,Contact for quote,Textile Connect,https://textileconnect.com/directory/
George C. Moore Co.,Westerly,RI,https://textileconnect.com/directory/george-c-moore-co/,https://textileconnect.com/directory/george-c-moore-co/,https://textileconnect.com/directory/george-c-moore-co/,,,manufacturer,Textile Connect: apparel-and-product-manufacturing,Contact for quote,Textile Connect,https://textileconnect.com/directory/
George L Broome,Monroe,NC,https://textileconnect.com/directory/george-l-broome/,https://textileconnect.com/directory/george-l-broome/,https://textileconnect.com/directory/george-l-broome/,,,manufacturer,Textile Connect: apparel-and-product-manufacturing,Contact for quote,Textile Connect,https://textileconnect.com/directory/
Georgette Hosiery,Catawba,NC,https://textileconnect.com/directory/georgette-hosiery/,https://textileconnect.com/directory/georgette-hosiery/,https://textileconnect.com/directory/georgette-hosiery/,,,manufacturer,Textile Connect: apparel-and-product-manufacturing,Contact for quote,Textile Connect,https://textileconnect.com/directory/
Georgia-Pacific Corp,Conway,NC,https://textileconnect.com/directory/georgia-pacific-corp/,https://textileconnect.com/directory/georgia-pacific-corp/,https://textileconnect.com/directory/georgia-pacific-corp/,,,manufacturer,Textile Connect: apparel-and-product-manufacturing,Contact for quote,Textile Connect,https://textileconnect.com/directory/
Georgia Carpet Mills Inc.,Chatsworth,GA,https://textileconnect.com/directory/georgia-carpet-mills-inc/,https://textileconnect.com/directory/georgia-carpet-mills-inc/,https://textileconnect.com/directory/georgia-carpet-mills-inc/,,,manufacturer,Textile Connect: apparel-and-product-manufacturing,Contact for quote,Textile Connect,https://textileconnect.com/directory/
GeosIndex,West Palm Beach,FL,https://textileconnect.com/directory/geosindex/,https://textileconnect.com/directory/geosindex/,https://textileconnect.com/directory/geosindex/,,,manufacturer,Textile Connect: apparel-and-product-manufacturing,Contact for quote,Textile Connect,https://textileconnect.com/directory/
Geosynthetica.net,West Palm Beach,FL,https://textileconnect.com/directory/geosynthetica-net/,https://textileconnect.com/directory/geosynthetica-net/,https://textileconnect.com/directory/geosynthetica-net/,,,manufacturer,Textile Connect: apparel-and-product-manufacturing,Contact for quote,Textile Connect,https://textileconnect.com/directory/
Geosynthetic Materials Association,Roseville,MN,https://textileconnect.com/directory/geosynthetic-materials-association/,https://textileconnect.com/directory/geosynthetic-materials-association/,https://textileconnect.com/directory/geosynthetic-materials-association/,,,manufacturer,Textile Connect: apparel-and-product-manufacturing,Contact for quote,Textile Connect,https://textileconnect.com/directory/
Geosynthetics Institute,Folsom,PA,https://textileconnect.com/directory/geosynthetics-institute/,https://textileconnect.com/directory/geosynthetics-institute/,https://textileconnect.com/directory/geosynthetics-institute/,,,manufacturer,Textile Connect: apparel-and-product-manufacturing,Contact for quote,Textile Connect,https://textileconnect.com/directory/
Gerber Childrenswear Inc,Greenville,SC,https://textileconnect.com/directory/gerber-childrenswear-inc/,https://textileconnect.com/directory/gerber-childrenswear-inc/,https://textileconnect.com/directory/gerber-childrenswear-inc/,,,manufacturer,Textile Connect: apparel-and-product-manufacturing,Contact for quote,Textile Connect,https://textileconnect.com/directory/
Gerber Technology,Tolland,CT,https://textileconnect.com/directory/gerber-technology/,https://textileconnect.com/directory/gerber-technology/,https://textileconnect.com/directory/gerber-technology/,,,manufacturer,Textile Connect: apparel-and-product-manufacturing,Contact for quote,Textile Connect,https://textileconnect.com/directory/
Gersan Industries Inc,High Point,NC,https://textileconnect.com/directory/gersan-industries-inc/,https://textileconnect.com/directory/gersan-industries-inc/,https://textileconnect.com/directory/gersan-industries-inc/,,,manufacturer,Textile Connect: apparel-and-product-manufacturing,Contact for quote,Textile Connect,https://textileconnect.com/directory/
Gerson & Gerson Inc,Middlesex,NC,https://textileconnect.com/directory/gerson-gerson-inc/,https://textileconnect.com/directory/gerson-gerson-inc/,https://textileconnect.com/directory/gerson-gerson-inc/,,,manufacturer,Textile Connect: apparel-and-product-manufacturing,Contact for quote,Textile Connect,https://textileconnect.com/directory/
Gessner Industry Inc,Concord,NC,https://textileconnect.com/directory/gessner-industry-inc/,https://textileconnect.com/directory/gessner-industry-inc/,https://textileconnect.com/directory/gessner-industry-inc/,,,manufacturer,Textile Connect: apparel-and-product-manufacturing,Contact for quote,Textile Connect,https://textileconnect.com/directory/
G George & Co,Charlotte,NC,https://textileconnect.com/directory/g-george-co/,https://textileconnect.com/directory/g-george-co/,https://textileconnect.com/directory/g-george-co/,,,manufacturer,Textile Connect: apparel-and-product-manufacturing,Contact for quote,Textile Connect,https://textileconnect.com/directory/
Gibbs International Inc,Spartanburg,SC,https://textileconnect.com/directory/gibbs-international-inc/,https://textileconnect.com/directory/gibbs-international-inc/,https://textileconnect.com/directory/gibbs-international-inc/,,,manufacturer,Textile Connect: apparel-and-product-manufacturing,Contact for quote,Textile Connect,https://textileconnect.com/directory/
Gift Fabric,Los Angeles,CA,https://textileconnect.com/directory/gift-fabric/,https://textileconnect.com/directory/gift-fabric/,https://textileconnect.com/directory/gift-fabric/,,,manufacturer,Textile Connect: apparel-and-product-manufacturing,Contact for quote,Textile Connect,https://textileconnect.com/directory/
H & H Sales,Chester,SC,https://textileconnect.com/directory/h-h-sales/,https://textileconnect.com/directory/h-h-sales/,https://textileconnect.com/directory/h-h-sales/,,,manufacturer,Textile Connect: apparel-and-product-manufacturing,Contact for quote,Textile Connect,https://textileconnect.com/directory/
"H&J Solutions, LLC",Cordova,TN,https://textileconnect.com/directory/hj-solutions-llc/,https://textileconnect.com/directory/hj-solutions-llc/,https://textileconnect.com/directory/hj-solutions-llc/,,,manufacturer,Textile Connect: apparel-and-product-manufacturing,Contact for quote,Textile Connect,https://textileconnect.com/directory/
H & T Sales & Distribution Inc,Hillsborough,NC,https://textileconnect.com/directory/h-t-sales-distribution-inc/,https://textileconnect.com/directory/h-t-sales-distribution-inc/,https://textileconnect.com/directory/h-t-sales-distribution-inc/,,,manufacturer,Textile Connect: apparel-and-product-manufacturing,Contact for quote,Textile Connect,https://textileconnect.com/directory/
H2L Consulting Engineers,Greenville,SC,https://textileconnect.com/directory/h2l-consulting-engineers/,https://textileconnect.com/directory/h2l-consulting-engineers/,https://textileconnect.com/directory/h2l-consulting-engineers/,,,manufacturer,Textile Connect: apparel-and-product-manufacturing,Contact for quote,Textile Connect,https://textileconnect.com/directory/
H3LLC,Charlotte,NC,https://textileconnect.com/directory/h3llc/,https://textileconnect.com/directory/h3llc/,https://textileconnect.com/directory/h3llc/,,,manufacturer,Textile Connect: apparel-and-product-manufacturing,Contact for quote,Textile Connect,https://textileconnect.com/directory/
Haase & Kuhn USA INC,Charlotte,NC,https://textileconnect.com/directory/haase-kuhn-usa-inc/,https://textileconnect.com/directory/haase-kuhn-usa-inc/,https://textileconnect.com/directory/haase-kuhn-usa-inc/,,,manufacturer,Textile Connect: apparel-and-product-manufacturing,Contact for quote,Textile Connect,https://textileconnect.com/directory/
Hadtex,Java,,https://textileconnect.com/directory/hadtex/,https://textileconnect.com/directory/hadtex/,https://textileconnect.com/directory/hadtex/,,,manufacturer,Textile Connect: apparel-and-product-manufacturing,Contact for quote,Textile Connect,https://textileconnect.com/directory/
Hafner USA Inc,High Point,NC,https://textileconnect.com/directory/hafner-usa-inc/,https://textileconnect.com/directory/hafner-usa-inc/,https://textileconnect.com/directory/hafner-usa-inc/,,,manufacturer,Textile Connect: apparel-and-product-manufacturing,Contact for quote,Textile Connect,https://textileconnect.com/directory/
"Hagins Industries, Inc.",Fairmont,NC,https://textileconnect.com/directory/hagins-industries-inc-2/,https://textileconnect.com/directory/hagins-industries-inc-2/,https://textileconnect.com/directory/hagins-industries-inc-2/,,,manufacturer,Textile Connect: apparel-and-product-manufacturing,Contact for quote,Textile Connect,https://textileconnect.com/directory/
Hagins Industries Inc,Fairmont,NC,https://textileconnect.com/directory/hagins-industries-inc/,https://textileconnect.com/directory/hagins-industries-inc/,https://textileconnect.com/directory/hagins-industries-inc/,,,manufacturer,Textile Connect: apparel-and-product-manufacturing,Contact for quote,Textile Connect,https://textileconnect.com/directory/
Hairplay,Raleigh,NC,https://textileconnect.com/directory/hairplay/,https://textileconnect.com/directory/hairplay/,https://textileconnect.com/directory/hairplay/,,,manufacturer,Textile Connect: apparel-and-product-manufacturing,Contact for quote,Textile Connect,https://textileconnect.com/directory/
"Halco Fasteners, Inc",Hayward,CA,https://textileconnect.com/directory/halco-fasteners-inc/,https://textileconnect.com/directory/halco-fasteners-inc/,https://textileconnect.com/directory/halco-fasteners-inc/,,,manufacturer,Textile Connect: apparel-and-product-manufacturing,Contact for quote,Textile Connect,https://textileconnect.com/directory/
Halloween Zone,Durham,NC,https://textileconnect.com/directory/halloween-zone/,https://textileconnect.com/directory/halloween-zone/,https://textileconnect.com/directory/halloween-zone/,,,manufacturer,Textile Connect: apparel-and-product-manufacturing,Contact for quote,Textile Connect,https://textileconnect.com/directory/
Hamilton Fabric Sales,High Point,NC,https://textileconnect.com/directory/hamilton-fabric-sales/,https://textileconnect.com/directory/hamilton-fabric-sales/,https://textileconnect.com/directory/hamilton-fabric-sales/,,,manufacturer,Textile Connect: apparel-and-product-manufacturing,Contact for quote,Textile Connect,https://textileconnect.com/directory/
"Hammock Source, The",Greenville,NC,https://textileconnect.com/directory/hammock-source-the/,https://textileconnect.com/directory/hammock-source-the/,https://textileconnect.com/directory/hammock-source-the/,,,manufacturer,Textile Connect: apparel-and-product-manufacturing,Contact for quote,Textile Connect,https://textileconnect.com/directory/
Hampshire-Designers Inc,Anderson,SC,https://textileconnect.com/directory/hampshire-designers-inc/,https://textileconnect.com/directory/hampshire-designers-inc/,https://textileconnect.com/directory/hampshire-designers-inc/,,,manufacturer,Textile Connect: apparel-and-product-manufacturing,Contact for quote,Textile Connect,https://textileconnect.com/directory/
Hampshire Group LTD,Anderson,SC,https://textileconnect.com/directory/hampshire-group-ltd/,https://textileconnect.com/directory/hampshire-group-ltd/,https://textileconnect.com/directory/hampshire-group-ltd/,,,manufacturer,Textile Connect: apparel-and-product-manufacturing,Contact for quote,Textile Connect,https://textileconnect.com/directory/
Hampton Knits,Varnville,SC,https://textileconnect.com/directory/hampton-knits/,https://textileconnect.com/directory/hampton-knits/,https://textileconnect.com/directory/hampton-knits/,,,manufacturer,Textile Connect: apparel-and-product-manufacturing,Contact for quote,Textile Connect,https://textileconnect.com/directory/
Hampton Products Intl.,Foothill Ranch,CA,https://textileconnect.com/directory/hampton-products-intl/,https://textileconnect.com/directory/hampton-products-intl/,https://textileconnect.com/directory/hampton-products-intl/,,,manufacturer,Textile Connect: apparel-and-product-manufacturing,Contact for quote,Textile Connect,https://textileconnect.com/directory/
"Hampton Textile Printing, Inc.",Johnson,TN,https://textileconnect.com/directory/hampton-textile-printing-inc/,https://textileconnect.com/directory/hampton-textile-printing-inc/,https://textileconnect.com/directory/hampton-textile-printing-inc/,,,manufacturer,Textile Connect: apparel-and-product-manufacturing,Contact for quote,Textile Connect,https://textileconnect.com/directory/
Hamrick Industries,Asheboro,NC,https://textileconnect.com/directory/hamrick-industries/,https://textileconnect.com/directory/hamrick-industries/,https://textileconnect.com/directory/hamrick-industries/,,,manufacturer,Textile Connect: apparel-and-product-manufacturing,Contact for quote,Textile Connect,https://textileconnect.com/directory/
Hamrick Mills,Gaffney,SC,https://textileconnect.com/directory/hamrick-mills/,https://textileconnect.com/directory/hamrick-mills/,https://textileconnect.com/directory/hamrick-mills/,,,manufacturer,Textile Connect: apparel-and-product-manufacturing,Contact for quote,Textile Connect,https://textileconnect.com/directory/
Hancock & Moore Inc,Taylorsville,NC,https://textileconnect.com/directory/hancock-moore-inc/,https://textileconnect.com/directory/hancock-moore-inc/,https://textileconnect.com/directory/hancock-moore-inc/,,,manufacturer,Textile Connect: apparel-and-product-manufacturing,Contact for quote,Textile Connect,https://textileconnect.com/directory/
HanesBrand Inc. – Mount Airy,Mount Airy,NC,https://textileconnect.com/directory/hanesbrand-inc-mount-airy/,https://textileconnect.com/directory/hanesbrand-inc-mount-airy/,https://textileconnect.com/directory/hanesbrand-inc-mount-airy/,,,manufacturer,Textile Connect: apparel-and-product-manufacturing,Contact for quote,Textile Connect,https://textileconnect.com/directory/
Hanes Brand Inc. – Mount Airy,Mount Airy,NC,https://textileconnect.com/directory/hanes-brand-inc-mount-airy/,https://textileconnect.com/directory/hanes-brand-inc-mount-airy/,https://textileconnect.com/directory/hanes-brand-inc-mount-airy/,,,manufacturer,Textile Connect: apparel-and-product-manufacturing,Contact for quote,Textile Connect,https://textileconnect.com/directory/
Hanesbrands Inc – Champion (Winston Salem),Winston Salem,NC,https://textileconnect.com/directory/hanesbrands-inc-champion-winston-salem/,https://textileconnect.com/directory/hanesbrands-inc-champion-winston-salem/,https://textileconnect.com/directory/hanesbrands-inc-champion-winston-salem/,,,manufacturer,Textile Connect: apparel-and-product-manufacturing,Contact for quote,Textile Connect,https://textileconnect.com/directory/
Hanesbrands Inc (I Corporate SQ),Winston Salem,NC,https://textileconnect.com/directory/hanesbrands-inc-i-corporate-sq/,https://textileconnect.com/directory/hanesbrands-inc-i-corporate-sq/,https://textileconnect.com/directory/hanesbrands-inc-i-corporate-sq/,,,manufacturer,Textile Connect: apparel-and-product-manufacturing,Contact for quote,Textile Connect,https://textileconnect.com/directory/
Hanesbrands Inc (Kernersville),Kernersville,NC,https://textileconnect.com/directory/hanesbrands-inc-kernersville/,https://textileconnect.com/directory/hanesbrands-inc-kernersville/,https://textileconnect.com/directory/hanesbrands-inc-kernersville/,,,manufacturer,Textile Connect: apparel-and-product-manufacturing,Contact for quote,Textile Connect,https://textileconnect.com/directory/
Hanesbrands Inc (Kings Mountain),Kings Mountain,NC,https://textileconnect.com/directory/hanesbrands-inc-kings-mountain/,https://textileconnect.com/directory/hanesbrands-inc-kings-mountain/,https://textileconnect.com/directory/hanesbrands-inc-kings-mountain/,,,manufacturer,Textile Connect: apparel-and-product-manufacturing,Contact for quote,Textile Connect,https://textileconnect.com/directory/
Hanesbrands Inc (Rural Hall),Rural Hall,NC,https://textileconnect.com/directory/hanesbrands-inc-rural-hall/,https://textileconnect.com/directory/hanesbrands-inc-rural-hall/,https://textileconnect.com/directory/hanesbrands-inc-rural-hall/,,,manufacturer,Textile Connect: apparel-and-product-manufacturing,Contact for quote,Textile Connect,https://textileconnect.com/directory/
Hanesbrands Inc (Winston Salem – W Hanes Mill),Winston Salem,NC,https://textileconnect.com/directory/hanesbrands-inc-winston-salem-w-hanes-mill/,https://textileconnect.com/directory/hanesbrands-inc-winston-salem-w-hanes-mill/,https://textileconnect.com/directory/hanesbrands-inc-winston-salem-w-hanes-mill/,,,manufacturer,Textile Connect: apparel-and-product-manufacturing,Contact for quote,Textile Connect,https://textileconnect.com/directory/
"Hanes Choloma, S. de R.L.",,,https://textileconnect.com/directory/hanes-choloma-s-de-r-l/,https://textileconnect.com/directory/hanes-choloma-s-de-r-l/,https://textileconnect.com/directory/hanes-choloma-s-de-r-l/,,,manufacturer,Textile Connect: apparel-and-product-manufacturing,Contact for quote,Textile Connect,https://textileconnect.com/directory/
Hanes Co Inc,Winston Salem,NC,https://textileconnect.com/directory/hanes-co-inc/,https://textileconnect.com/directory/hanes-co-inc/,https://textileconnect.com/directory/hanes-co-inc/,,,manufacturer,Textile Connect: apparel-and-product-manufacturing,Contact for quote,Textile Connect,https://textileconnect.com/directory/
Hanes Dye & Finishing (Butner),Butner,NC,https://textileconnect.com/directory/hanes-dye-finishing-butner/,https://textileconnect.com/directory/hanes-dye-finishing-butner/,https://textileconnect.com/directory/hanes-dye-finishing-butner/,,,manufacturer,Textile Connect: apparel-and-product-manufacturing,Contact for quote,Textile Connect,https://textileconnect.com/directory/
Hanes Dye & Finishing (Winston-Salem),Winston-Salem,NC,https://textileconnect.com/directory/hanes-dye-finishing-winston-salem/,https://textileconnect.com/directory/hanes-dye-finishing-winston-salem/,https://textileconnect.com/directory/hanes-dye-finishing-winston-salem/,,,manufacturer,Textile Connect: apparel-and-product-manufacturing,Contact for quote,Textile Connect,https://textileconnect.com/directory/
Hanes Geo Components,Winston Salem,NC,https://textileconnect.com/directory/hanes-geo-components/,https://textileconnect.com/directory/hanes-geo-components/,https://textileconnect.com/directory/hanes-geo-components/,,,manufacturer,Textile Connect: apparel-and-product-manufacturing,Contact for quote,Textile Connect,https://textileconnect.com/directory/
Hanes Industries,Conover,NC,https://textileconnect.com/directory/hanes-industries/,https://textileconnect.com/directory/hanes-industries/,https://textileconnect.com/directory/hanes-industries/,,,manufacturer,Textile Connect: apparel-and-product-manufacturing,Contact for quote,Textile Connect,https://textileconnect.com/directory/
Hanger Prosthetics & Orthotics,Greensboro,NC,https://textileconnect.com/directory/hanger-prosthetics-orthotics/,https://textileconnect.com/directory/hanger-prosthetics-orthotics/,https://textileconnect.com/directory/hanger-prosthetics-orthotics/,,,manufacturer,Textile Connect: apparel-and-product-manufacturing,Contact for quote,Textile Connect,https://textileconnect.com/directory/
Hannah’s Closet,Roanoke Rapids,NC,https://textileconnect.com/directory/hannahs-closet/,https://textileconnect.com/directory/hannahs-closet/,https://textileconnect.com/directory/hannahs-closet/,,,manufacturer,Textile Connect: apparel-and-product-manufacturing,Contact for quote,Textile Connect,https://textileconnect.com/directory/
Hanover Textile Graphics,Wilmington,NC,https://textileconnect.com/directory/hanover-textile-graphics/,https://textileconnect.com/directory/hanover-textile-graphics/,https://textileconnect.com/directory/hanover-textile-graphics/,,,manufacturer,Textile Connect: apparel-and-product-manufacturing,Contact for quote,Textile Connect,https://textileconnect.com/directory/
Happy Homes Inc,Asheville,NC,https://textileconnect.com/directory/happy-homes-inc/,https://textileconnect.com/directory/happy-homes-inc/,https://textileconnect.com/directory/happy-homes-inc/,,,manufacturer,Textile Connect: apparel-and-product-manufacturing,Contact for quote,Textile Connect,https://textileconnect.com/directory/
Harbour’s Sewing & Vac,Holly Springs,NC,https://textileconnect.com/directory/harbours-sewing-vac/,https://textileconnect.com/directory/harbours-sewing-vac/,https://textileconnect.com/directory/harbours-sewing-vac/,,,manufacturer,Textile Connect: apparel-and-product-manufacturing,Contact for quote,Textile Connect,https://textileconnect.com/directory/
Hardin Co,Hendersonville,NC,https://textileconnect.com/directory/hardin-co/,https://textileconnect.com/directory/hardin-co/,https://textileconnect.com/directory/hardin-co/,,,manufacturer,Textile Connect: apparel-and-product-manufacturing,Contact for quote,Textile Connect,https://textileconnect.com/directory/
Hard To Get,Lexington,NC,https://textileconnect.com/directory/hard-to-get/,https://textileconnect.com/directory/hard-to-get/,https://textileconnect.com/directory/hard-to-get/,,,manufacturer,Textile Connect: apparel-and-product-manufacturing,Contact for quote,Textile Connect,https://textileconnect.com/directory/
"Harlyn Textile Mills, Inc.",New York,NY,https://textileconnect.com/directory/harlyn-textile-mills-inc/,https://textileconnect.com/directory/harlyn-textile-mills-inc/,https://textileconnect.com/directory/harlyn-textile-mills-inc/,,,manufacturer,Textile Connect: apparel-and-product-manufacturing,Contact for quote,Textile Connect,https://textileconnect.com/directory/
Harmsco Industrial Filters,Riviera Beach,FL,https://textileconnect.com/directory/harmsco-industrial-filters/,https://textileconnect.com/directory/harmsco-industrial-filters/,https://textileconnect.com/directory/harmsco-industrial-filters/,,,manufacturer,Textile Connect: apparel-and-product-manufacturing,Contact for quote,Textile Connect,https://textileconnect.com/directory/
"Harodite Industries Inc – Taunton, MA",Taunton,MA,https://textileconnect.com/directory/harodite-industries-inc-taunton-ma/,https://textileconnect.com/directory/harodite-industries-inc-taunton-ma/,https://textileconnect.com/directory/harodite-industries-inc-taunton-ma/,,,manufacturer,Textile Connect: apparel-and-product-manufacturing,Contact for quote,Textile Connect,https://textileconnect.com/directory/
Harodite Industries Inc – Travelers Rest,Travelers Rest,SC,https://textileconnect.com/directory/harodite-industries-inc-travelers-rest/,https://textileconnect.com/directory/harodite-industries-inc-travelers-rest/,https://textileconnect.com/directory/harodite-industries-inc-travelers-rest/,,,manufacturer,Textile Connect: apparel-and-product-manufacturing,Contact for quote,Textile Connect,https://textileconnect.com/directory/
I-Tech International,Columbia,SC,https://textileconnect.com/directory/i-tech-international/,https://textileconnect.com/directory/i-tech-international/,https://textileconnect.com/directory/i-tech-international/,,,manufacturer,Textile Connect: apparel-and-product-manufacturing,Contact for quote,Textile Connect,https://textileconnect.com/directory/
IBENA Technical Textile Inc,Spartanburg,SC,https://textileconnect.com/directory/ibena-technical-textile-inc/,https://textileconnect.com/directory/ibena-technical-textile-inc/,https://textileconnect.com/directory/ibena-technical-textile-inc/,,,manufacturer,Textile Connect: apparel-and-product-manufacturing,Contact for quote,Textile Connect,https://textileconnect.com/directory/
"ICF Mercantile, LLC",Warren,NJ,https://textileconnect.com/directory/icf-mercantile-llc/,https://textileconnect.com/directory/icf-mercantile-llc/,https://textileconnect.com/directory/icf-mercantile-llc/,,,manufacturer,Textile Connect: apparel-and-product-manufacturing,Contact for quote,Textile Connect,https://textileconnect.com/directory/
"ICG/Holliston Mills, Inc.",Church Hill,TN,https://textileconnect.com/directory/icg-holliston-mills-inc/,https://textileconnect.com/directory/icg-holliston-mills-inc/,https://textileconnect.com/directory/icg-holliston-mills-inc/,,,manufacturer,Textile Connect: apparel-and-product-manufacturing,Contact for quote,Textile Connect,https://textileconnect.com/directory/
ICS North America Corp.,Concord,NC,https://textileconnect.com/directory/ics-north-america-corp/,https://textileconnect.com/directory/ics-north-america-corp/,https://textileconnect.com/directory/ics-north-america-corp/,,,manufacturer,Textile Connect: apparel-and-product-manufacturing,Contact for quote,Textile Connect,https://textileconnect.com/directory/
IDC Inc,Spartanburg,SC,https://textileconnect.com/directory/idc-inc/,https://textileconnect.com/directory/idc-inc/,https://textileconnect.com/directory/idc-inc/,,,manufacturer,Textile Connect: apparel-and-product-manufacturing,Contact for quote,Textile Connect,https://textileconnect.com/directory/
Ideal Fastener Corp,Oxford,NC,https://textileconnect.com/directory/ideal-fastener-corp/,https://textileconnect.com/directory/ideal-fastener-corp/,https://textileconnect.com/directory/ideal-fastener-corp/,,,manufacturer,Textile Connect: apparel-and-product-manufacturing,Contact for quote,Textile Connect,https://textileconnect.com/directory/
Ideal Fastener Corporation,Oxford,NC,https://textileconnect.com/directory/ideal-fastener-corporation/,https://textileconnect.com/directory/ideal-fastener-corporation/,https://textileconnect.com/directory/ideal-fastener-corporation/,,,manufacturer,Textile Connect: apparel-and-product-manufacturing,Contact for quote,Textile Connect,https://textileconnect.com/directory/
IDEA LLC,Charleston,SC,https://textileconnect.com/directory/idea-llc/,https://textileconnect.com/directory/idea-llc/,https://textileconnect.com/directory/idea-llc/,,,manufacturer,Textile Connect: apparel-and-product-manufacturing,Contact for quote,Textile Connect,https://textileconnect.com/directory/
Identity Apparel Inc,"Little River, SC",SC,https://textileconnect.com/directory/identity-apparel-inc/,https://textileconnect.com/directory/identity-apparel-inc/,https://textileconnect.com/directory/identity-apparel-inc/,,,manufacturer,Textile Connect: apparel-and-product-manufacturing,Contact for quote,Textile Connect,https://textileconnect.com/directory/
IFAI Industrial Fabrics Association International,Roseville,MN,https://textileconnect.com/directory/ifai-industrial-fabrics-association-international/,https://textileconnect.com/directory/ifai-industrial-fabrics-association-international/,https://textileconnect.com/directory/ifai-industrial-fabrics-association-international/,,,manufacturer,Textile Connect: apparel-and-product-manufacturing,Contact for quote,Textile Connect,https://textileconnect.com/directory/
"IFS Industries, Inc",Morrisville,NC,https://textileconnect.com/directory/ifs-industries-inc/,https://textileconnect.com/directory/ifs-industries-inc/,https://textileconnect.com/directory/ifs-industries-inc/,,,manufacturer,Textile Connect: apparel-and-product-manufacturing,Contact for quote,Textile Connect,https://textileconnect.com/directory/
IHS Markit,Houston,TX,https://textileconnect.com/directory/ihs-markit/,https://textileconnect.com/directory/ihs-markit/,https://textileconnect.com/directory/ihs-markit/,,,manufacturer,Textile Connect: apparel-and-product-manufacturing,Contact for quote,Textile Connect,https://textileconnect.com/directory/
illstreet composites,Charleston,SC,https://textileconnect.com/directory/illstreet-composites/,https://textileconnect.com/directory/illstreet-composites/,https://textileconnect.com/directory/illstreet-composites/,,,manufacturer,Textile Connect: apparel-and-product-manufacturing,Contact for quote,Textile Connect,https://textileconnect.com/directory/
Image,High Point,NC,https://textileconnect.com/directory/image/,https://textileconnect.com/directory/image/,https://textileconnect.com/directory/image/,,,manufacturer,Textile Connect: apparel-and-product-manufacturing,Contact for quote,Textile Connect,https://textileconnect.com/directory/
Image Branding Group LLC,"Hanahan, SC",SC,https://textileconnect.com/directory/image-branding-group-llc/,https://textileconnect.com/directory/image-branding-group-llc/,https://textileconnect.com/directory/image-branding-group-llc/,,,manufacturer,Textile Connect: apparel-and-product-manufacturing,Contact for quote,Textile Connect,https://textileconnect.com/directory/
Image Design Signs,Elizabethtown,NC,https://textileconnect.com/directory/image-design-signs/,https://textileconnect.com/directory/image-design-signs/,https://textileconnect.com/directory/image-design-signs/,,,manufacturer,Textile Connect: apparel-and-product-manufacturing,Contact for quote,Textile Connect,https://textileconnect.com/directory/
"Imerys Carbonates USA, Inc",Roswell,GA,https://textileconnect.com/directory/imerys-carbonates-usa-inc/,https://textileconnect.com/directory/imerys-carbonates-usa-inc/,https://textileconnect.com/directory/imerys-carbonates-usa-inc/,,,manufacturer,Textile Connect: apparel-and-product-manufacturing,Contact for quote,Textile Connect,https://textileconnect.com/directory/
"Imperial Fashion & Designs, Inc",Fayetville,NC,https://textileconnect.com/directory/imperial-fashion-designs-inc/,https://textileconnect.com/directory/imperial-fashion-designs-inc/,https://textileconnect.com/directory/imperial-fashion-designs-inc/,,,manufacturer,Textile Connect: apparel-and-product-manufacturing,Contact for quote,Textile Connect,https://textileconnect.com/directory/
Implus Footcare LLC,Durham,NC,https://textileconnect.com/directory/implus-footcare-llc/,https://textileconnect.com/directory/implus-footcare-llc/,https://textileconnect.com/directory/implus-footcare-llc/,,,manufacturer,Textile Connect: apparel-and-product-manufacturing,Contact for quote,Textile Connect,https://textileconnect.com/directory/
In Chem,"Rock Hill, SC",SC,https://textileconnect.com/directory/in-chem/,https://textileconnect.com/directory/in-chem/,https://textileconnect.com/directory/in-chem/,,,manufacturer,Textile Connect: apparel-and-product-manufacturing,Contact for quote,Textile Connect,https://textileconnect.com/directory/
InCord Ltd,Colchester,CT,https://textileconnect.com/directory/incord-ltd/,https://textileconnect.com/directory/incord-ltd/,https://textileconnect.com/directory/incord-ltd/,,,manufacturer,Textile Connect: apparel-and-product-manufacturing,Contact for quote,Textile Connect,https://textileconnect.com/directory/
Indera Mills,Yadkinville,NC,https://textileconnect.com/directory/indera-mills/,https://textileconnect.com/directory/indera-mills/,https://textileconnect.com/directory/indera-mills/,,,manufacturer,Textile Connect: apparel-and-product-manufacturing,Contact for quote,Textile Connect,https://textileconnect.com/directory/
Indigo Graphics,Pisgah Forest,NC,https://textileconnect.com/directory/indigo-graphics/,https://textileconnect.com/directory/indigo-graphics/,https://textileconnect.com/directory/indigo-graphics/,,,manufacturer,Textile Connect: apparel-and-product-manufacturing,Contact for quote,Textile Connect,https://textileconnect.com/directory/
Industria Gabriela S de RL de CV,,,https://textileconnect.com/directory/industria-gabriela-s-de-rl-de-cv/,https://textileconnect.com/directory/industria-gabriela-s-de-rl-de-cv/,https://textileconnect.com/directory/industria-gabriela-s-de-rl-de-cv/,,,manufacturer,Textile Connect: apparel-and-product-manufacturing,Contact for quote,Textile Connect,https://textileconnect.com/directory/
Industrial Air Inc,Greensboro,NC,https://textileconnect.com/directory/industrial-air-inc/,https://textileconnect.com/directory/industrial-air-inc/,https://textileconnect.com/directory/industrial-air-inc/,,,manufacturer,Textile Connect: apparel-and-product-manufacturing,Contact for quote,Textile Connect,https://textileconnect.com/directory/
Industrial Fabric Association International (IFAI),Roseville,MN,https://textileconnect.com/directory/industrial-fabric-association-international-ifai/,https://textileconnect.com/directory/industrial-fabric-association-international-ifai/,https://textileconnect.com/directory/industrial-fabric-association-international-ifai/,,,manufacturer,Textile Connect: apparel-and-product-manufacturing,Contact for quote,Textile Connect,https://textileconnect.com/directory/
Industrial Laboratory Eqpt Co,Charlotte,NC,https://textileconnect.com/directory/industrial-laboratory-eqpt-co/,https://textileconnect.com/directory/industrial-laboratory-eqpt-co/,https://textileconnect.com/directory/industrial-laboratory-eqpt-co/,,,manufacturer,Textile Connect: apparel-and-product-manufacturing,Contact for quote,Textile Connect,https://textileconnect.com/directory/
Industrial Microwave Systems LLC,Morrisville,NC,https://textileconnect.com/directory/industrial-microwave-systems-llc/,https://textileconnect.com/directory/industrial-microwave-systems-llc/,https://textileconnect.com/directory/industrial-microwave-systems-llc/,,,manufacturer,Textile Connect: apparel-and-product-manufacturing,Contact for quote,Textile Connect,https://textileconnect.com/directory/
Industrial Netting,Maple Grove,MN,https://textileconnect.com/directory/industrial-netting/,https://textileconnect.com/directory/industrial-netting/,https://textileconnect.com/directory/industrial-netting/,,,manufacturer,Textile Connect: apparel-and-product-manufacturing,Contact for quote,Textile Connect,https://textileconnect.com/directory/
Industrial Opportunities Inc,Andrews,NC,https://textileconnect.com/directory/industrial-opportunities-inc/,https://textileconnect.com/directory/industrial-opportunities-inc/,https://textileconnect.com/directory/industrial-opportunities-inc/,,,manufacturer,Textile Connect: apparel-and-product-manufacturing,Contact for quote,Textile Connect,https://textileconnect.com/directory/
Industrial Purchasing Svc,Charlotte,NC,https://textileconnect.com/directory/industrial-purchasing-svc/,https://textileconnect.com/directory/industrial-purchasing-svc/,https://textileconnect.com/directory/industrial-purchasing-svc/,,,manufacturer,Textile Connect: apparel-and-product-manufacturing,Contact for quote,Textile Connect,https://textileconnect.com/directory/
Industrial Textile Associates,Greer,SC,https://textileconnect.com/directory/industrial-textile-associates/,https://textileconnect.com/directory/industrial-textile-associates/,https://textileconnect.com/directory/industrial-textile-associates/,,,manufacturer,Textile Connect: apparel-and-product-manufacturing,Contact for quote,Textile Connect,https://textileconnect.com/directory/
"Industrias Imet, Sociedad de Responsabilidad Limitada de Capital Variable",,,https://textileconnect.com/directory/industrias-imet-sociedad-de-responsabilidad-limitada-de-capital-variable/,https://textileconnect.com/directory/industrias-imet-sociedad-de-responsabilidad-limitada-de-capital-variable/,https://textileconnect.com/directory/industrias-imet-sociedad-de-responsabilidad-limitada-de-capital-variable/,,,manufacturer,Textile Connect: apparel-and-product-manufacturing,Contact for quote,Textile Connect,https://textileconnect.com/directory/
Industries of the Blind (Greensboro),Greensboro,NC,https://textileconnect.com/directory/industries-of-the-blind-greensboro/,https://textileconnect.com/directory/industries-of-the-blind-greensboro/,https://textileconnect.com/directory/industries-of-the-blind-greensboro/,,,manufacturer,Textile Connect: apparel-and-product-manufacturing,Contact for quote,Textile Connect,https://textileconnect.com/directory/
Infab Corporation,Camarillo,CA,https://textileconnect.com/directory/infab-corporation/,https://textileconnect.com/directory/infab-corporation/,https://textileconnect.com/directory/infab-corporation/,,,manufacturer,Textile Connect: apparel-and-product-manufacturing,Contact for quote,Textile Connect,https://textileconnect.com/directory/
Infinity Fabrics Inc,High Point,NC,https://textileconnect.com/directory/infinity-fabrics-inc/,https://textileconnect.com/directory/infinity-fabrics-inc/,https://textileconnect.com/directory/infinity-fabrics-inc/,,,manufacturer,Textile Connect: apparel-and-product-manufacturing,Contact for quote,Textile Connect,https://textileconnect.com/directory/
Infinity Yarn Company LLC,Burlington,NC,https://textileconnect.com/directory/infinity-yarn-company-llc/,https://textileconnect.com/directory/infinity-yarn-company-llc/,https://textileconnect.com/directory/infinity-yarn-company-llc/,,,manufacturer,Textile Connect: apparel-and-product-manufacturing,Contact for quote,Textile Connect,https://textileconnect.com/directory/
Infinity Yarns,Burlington,NC,https://textileconnect.com/directory/infinity-yarns/,https://textileconnect.com/directory/infinity-yarns/,https://textileconnect.com/directory/infinity-yarns/,,,manufacturer,Textile Connect: apparel-and-product-manufacturing,Contact for quote,Textile Connect,https://textileconnect.com/directory/
Ingle’s Weaving Inc,Mooresboro,NC,https://textileconnect.com/directory/ingles-weaving-inc/,https://textileconnect.com/directory/ingles-weaving-inc/,https://textileconnect.com/directory/ingles-weaving-inc/,,,manufacturer,Textile Connect: apparel-and-product-manufacturing,Contact for quote,Textile Connect,https://textileconnect.com/directory/
Initial This,Hendersonville,TN,https://textileconnect.com/directory/initial-this/,https://textileconnect.com/directory/initial-this/,https://textileconnect.com/directory/initial-this/,,,manufacturer,Textile Connect: apparel-and-product-manufacturing,Contact for quote,Textile Connect,https://textileconnect.com/directory/
Inman Mills – Enoree,Enoree,SC,https://textileconnect.com/directory/inman-mills-enoree/,https://textileconnect.com/directory/inman-mills-enoree/,https://textileconnect.com/directory/inman-mills-enoree/,,,manufacturer,Textile Connect: apparel-and-product-manufacturing,Contact for quote,Textile Connect,https://textileconnect.com/directory/
Inman Mills – Inman,Inman,SC,https://textileconnect.com/directory/inman-mills-inman/,https://textileconnect.com/directory/inman-mills-inman/,https://textileconnect.com/directory/inman-mills-inman/,,,manufacturer,Textile Connect: apparel-and-product-manufacturing,Contact for quote,Textile Connect,https://textileconnect.com/directory/
Innegrity LLC,"Simpsonville, SC",SC,https://textileconnect.com/directory/innegrity-llc/,https://textileconnect.com/directory/innegrity-llc/,https://textileconnect.com/directory/innegrity-llc/,,,manufacturer,Textile Connect: apparel-and-product-manufacturing,Contact for quote,Textile Connect,https://textileconnect.com/directory/
Inner Banks Sails & Canvas,Oriental,NC,https://textileconnect.com/directory/inner-banks-sails-canvas/,https://textileconnect.com/directory/inner-banks-sails-canvas/,https://textileconnect.com/directory/inner-banks-sails-canvas/,,,manufacturer,Textile Connect: apparel-and-product-manufacturing,Contact for quote,Textile Connect,https://textileconnect.com/directory/
Innofa USA,Eden,NC,https://textileconnect.com/directory/innofa-usa/,https://textileconnect.com/directory/innofa-usa/,https://textileconnect.com/directory/innofa-usa/,,,manufacturer,Textile Connect: apparel-and-product-manufacturing,Contact for quote,Textile Connect,https://textileconnect.com/directory/
"Inno Knits, LLC",Cary,NC,https://textileconnect.com/directory/inno-knits-llc/,https://textileconnect.com/directory/inno-knits-llc/,https://textileconnect.com/directory/inno-knits-llc/,,,manufacturer,Textile Connect: apparel-and-product-manufacturing,Contact for quote,Textile Connect,https://textileconnect.com/directory/
Inno Therm Products,Newton,NC,https://textileconnect.com/directory/inno-therm-products/,https://textileconnect.com/directory/inno-therm-products/,https://textileconnect.com/directory/inno-therm-products/,,,manufacturer,Textile Connect: apparel-and-product-manufacturing,Contact for quote,Textile Connect,https://textileconnect.com/directory/
Innovatech Inc,Raleigh,NC,https://textileconnect.com/directory/innovatech-inc/,https://textileconnect.com/directory/innovatech-inc/,https://textileconnect.com/directory/innovatech-inc/,,,manufacturer,Textile Connect: apparel-and-product-manufacturing,Contact for quote,Textile Connect,https://textileconnect.com/directory/
Innovative Air Management,Howell,MI,https://textileconnect.com/directory/innovative-air-management/,https://textileconnect.com/directory/innovative-air-management/,https://textileconnect.com/directory/innovative-air-management/,,,manufacturer,Textile Connect: apparel-and-product-manufacturing,Contact for quote,Textile Connect,https://textileconnect.com/directory/
Innovative Concepts,Taylorsville,NC,https://textileconnect.com/directory/innovative-concepts/,https://textileconnect.com/directory/innovative-concepts/,https://textileconnect.com/directory/innovative-concepts/,,,manufacturer,Textile Connect: apparel-and-product-manufacturing,Contact for quote,Textile Connect,https://textileconnect.com/directory/
Innovative Geotextiles Corp,Charlotte,NC,https://textileconnect.com/directory/innovative-geotextiles-corp/,https://textileconnect.com/directory/innovative-geotextiles-corp/,https://textileconnect.com/directory/innovative-geotextiles-corp/,,,manufacturer,Textile Connect: apparel-and-product-manufacturing,Contact for quote,Textile Connect,https://textileconnect.com/directory/
"Innovative Resin Systems, Inc",Newark,NJ,https://textileconnect.com/directory/innovative-resin-systems-inc/,https://textileconnect.com/directory/innovative-resin-systems-inc/,https://textileconnect.com/directory/innovative-resin-systems-inc/,,,manufacturer,Textile Connect: apparel-and-product-manufacturing,Contact for quote,Textile Connect,https://textileconnect.com/directory/
Innovative Textile Sales & Svc,Bessemer,NC,https://textileconnect.com/directory/innovative-textile-sales-svc/,https://textileconnect.com/directory/innovative-textile-sales-svc/,https://textileconnect.com/directory/innovative-textile-sales-svc/,,,manufacturer,Textile Connect: apparel-and-product-manufacturing,Contact for quote,Textile Connect,https://textileconnect.com/directory/
Innovent Inc.,Newport Beach,CA,https://textileconnect.com/directory/innovent-inc/,https://textileconnect.com/directory/innovent-inc/,https://textileconnect.com/directory/innovent-inc/,,,manufacturer,Textile Connect: apparel-and-product-manufacturing,Contact for quote,Textile Connect,https://textileconnect.com/directory/
Insect Shield,Greensboro,NC,https://textileconnect.com/directory/insect-shield/,https://textileconnect.com/directory/insect-shield/,https://textileconnect.com/directory/insect-shield/,,,manufacturer,Textile Connect: apparel-and-product-manufacturing,Contact for quote,Textile Connect,https://textileconnect.com/directory/
Institute Of Cosmetic Arts,Salisbury,NC,https://textileconnect.com/directory/institute-of-cosmetic-arts/,https://textileconnect.com/directory/institute-of-cosmetic-arts/,https://textileconnect.com/directory/institute-of-cosmetic-arts/,,,manufacturer,Textile Connect: apparel-and-product-manufacturing,Contact for quote,Textile Connect,https://textileconnect.com/directory/
Institute of Textile Technology,Raleigh,NC,https://textileconnect.com/directory/institute-of-textile-technology/,https://textileconnect.com/directory/institute-of-textile-technology/,https://textileconnect.com/directory/institute-of-textile-technology/,,,manufacturer,Textile Connect: apparel-and-product-manufacturing,Contact for quote,Textile Connect,https://textileconnect.com/directory/
Insulsafe Textiles Inc,Lewiston,ME,https://textileconnect.com/directory/insulsafe-textiles-inc/,https://textileconnect.com/directory/insulsafe-textiles-inc/,https://textileconnect.com/directory/insulsafe-textiles-inc/,,,manufacturer,Textile Connect: apparel-and-product-manufacturing,Contact for quote,Textile Connect,https://textileconnect.com/directory/
Integra International Inc,"Loris, SC",SC,https://textileconnect.com/directory/integra-international-inc/,https://textileconnect.com/directory/integra-international-inc/,https://textileconnect.com/directory/integra-international-inc/,,,manufacturer,Textile Connect: apparel-and-product-manufacturing,Contact for quote,Textile Connect,https://textileconnect.com/directory/
Integrated Textile Solutions,Salem,VA,https://textileconnect.com/directory/integrated-textile-solutions/,https://textileconnect.com/directory/integrated-textile-solutions/,https://textileconnect.com/directory/integrated-textile-solutions/,,,manufacturer,Textile Connect: apparel-and-product-manufacturing,Contact for quote,Textile Connect,https://textileconnect.com/directory/
Integrity Textiles Inc.,Warminster,PA,https://textileconnect.com/directory/integrity-textiles-inc/,https://textileconnect.com/directory/integrity-textiles-inc/,https://textileconnect.com/directory/integrity-textiles-inc/,,,manufacturer,Textile Connect: apparel-and-product-manufacturing,Contact for quote,Textile Connect,https://textileconnect.com/directory/
Inter-American Development Bank,NW Washington,District of Columbia (DC),https://textileconnect.com/directory/inter-american-development-bank/,https://textileconnect.com/directory/inter-american-development-bank/,https://textileconnect.com/directory/inter-american-development-bank/,,,manufacturer,Textile Connect: apparel-and-product-manufacturing,Contact for quote,Textile Connect,https://textileconnect.com/directory/
Interface America Corp,Charlotte,NC,https://textileconnect.com/directory/interface-america-corp/,https://textileconnect.com/directory/interface-america-corp/,https://textileconnect.com/directory/interface-america-corp/,,,manufacturer,Textile Connect: apparel-and-product-manufacturing,Contact for quote,Textile Connect,https://textileconnect.com/directory/
Interior Design Society,High Point,NC,https://textileconnect.com/directory/interior-design-society/,https://textileconnect.com/directory/interior-design-society/,https://textileconnect.com/directory/interior-design-society/,,,manufacturer,Textile Connect: apparel-and-product-manufacturing,Contact for quote,Textile Connect,https://textileconnect.com/directory/
Interior Solutions,Morganton,NC,https://textileconnect.com/directory/interior-solutions/,https://textileconnect.com/directory/interior-solutions/,https://textileconnect.com/directory/interior-solutions/,,,manufacturer,Textile Connect: apparel-and-product-manufacturing,Contact for quote,Textile Connect,https://textileconnect.com/directory/
Interkordsa,Whiteville,NC,https://textileconnect.com/directory/interkordsa/,https://textileconnect.com/directory/interkordsa/,https://textileconnect.com/directory/interkordsa/,,,manufacturer,Textile Connect: apparel-and-product-manufacturing,Contact for quote,Textile Connect,https://textileconnect.com/directory/
Intermas Nets USA Inc,Miami,FL,https://textileconnect.com/directory/intermas-nets-usa-inc/,https://textileconnect.com/directory/intermas-nets-usa-inc/,https://textileconnect.com/directory/intermas-nets-usa-inc/,,,manufacturer,Textile Connect: apparel-and-product-manufacturing,Contact for quote,Textile Connect,https://textileconnect.com/directory/
Intermoda Co,Kinston,NC,https://textileconnect.com/directory/intermoda-co/,https://textileconnect.com/directory/intermoda-co/,https://textileconnect.com/directory/intermoda-co/,,,manufacturer,Textile Connect: apparel-and-product-manufacturing,Contact for quote,Textile Connect,https://textileconnect.com/directory/
Intermoda S.A. de C.V.,,,https://textileconnect.com/directory/intermoda-s-a-de-c-v/,https://textileconnect.com/directory/intermoda-s-a-de-c-v/,https://textileconnect.com/directory/intermoda-s-a-de-c-v/,,,manufacturer,Textile Connect: apparel-and-product-manufacturing,Contact for quote,Textile Connect,https://textileconnect.com/directory/
International Adhesives,Gastonia,NC,https://textileconnect.com/directory/international-adhesives/,https://textileconnect.com/directory/international-adhesives/,https://textileconnect.com/directory/international-adhesives/,,,manufacturer,Textile Connect: apparel-and-product-manufacturing,Contact for quote,Textile Connect,https://textileconnect.com/directory/
International Apparel Group,Allendale,SC,https://textileconnect.com/directory/international-apparel-group/,https://textileconnect.com/directory/international-apparel-group/,https://textileconnect.com/directory/international-apparel-group/,,,manufacturer,Textile Connect: apparel-and-product-manufacturing,Contact for quote,Textile Connect,https://textileconnect.com/directory/
International Association of Geosynthetics Installers,St. Paul,MN,https://textileconnect.com/directory/international-association-of-geosynthetics-installers/,https://textileconnect.com/directory/international-association-of-geosynthetics-installers/,https://textileconnect.com/directory/international-association-of-geosynthetics-installers/,,,manufacturer,Textile Connect: apparel-and-product-manufacturing,Contact for quote,Textile Connect,https://textileconnect.com/directory/
International Automotive – Albemarle,Albemarle,NC,https://textileconnect.com/directory/international-automotive-albemarle/,https://textileconnect.com/directory/international-automotive-albemarle/,https://textileconnect.com/directory/international-automotive-albemarle/,,,manufacturer,Textile Connect: apparel-and-product-manufacturing,Contact for quote,Textile Connect,https://textileconnect.com/directory/
International Automotive – Troy,Troy,NC,https://textileconnect.com/directory/international-automotive-troy/,https://textileconnect.com/directory/international-automotive-troy/,https://textileconnect.com/directory/international-automotive-troy/,,,manufacturer,Textile Connect: apparel-and-product-manufacturing,Contact for quote,Textile Connect,https://textileconnect.com/directory/
International Cotton LLC,Florence,SC,https://textileconnect.com/directory/international-cotton-llc/,https://textileconnect.com/directory/international-cotton-llc/,https://textileconnect.com/directory/international-cotton-llc/,,,manufacturer,Textile Connect: apparel-and-product-manufacturing,Contact for quote,Textile Connect,https://textileconnect.com/directory/
International Fabrics,Asheboro,NC,https://textileconnect.com/directory/international-fabrics/,https://textileconnect.com/directory/international-fabrics/,https://textileconnect.com/directory/international-fabrics/,,,manufacturer,Textile Connect: apparel-and-product-manufacturing,Contact for quote,Textile Connect,https://textileconnect.com/directory/
"International Fabrics, Inc.",High Point,NC,https://textileconnect.com/directory/international-fabrics-inc/,https://textileconnect.com/directory/international-fabrics-inc/,https://textileconnect.com/directory/international-fabrics-inc/,,,manufacturer,Textile Connect: apparel-and-product-manufacturing,Contact for quote,Textile Connect,https://textileconnect.com/directory/
International Fiber Journal,Charlotte,NC,https://textileconnect.com/directory/international-fiber-journal/,https://textileconnect.com/directory/international-fiber-journal/,https://textileconnect.com/directory/international-fiber-journal/,,,manufacturer,Textile Connect: apparel-and-product-manufacturing,Contact for quote,Textile Connect,https://textileconnect.com/directory/
International Filter Manufacturing,Litchfield,IL,https://textileconnect.com/directory/international-filter-manufacturing/,https://textileconnect.com/directory/international-filter-manufacturing/,https://textileconnect.com/directory/international-filter-manufacturing/,,,manufacturer,Textile Connect: apparel-and-product-manufacturing,Contact for quote,Textile Connect,https://textileconnect.com/directory/
"International Foam Products, Inc.",Charlotte,NC,https://textileconnect.com/directory/international-foam-products-inc/,https://textileconnect.com/directory/international-foam-products-inc/,https://textileconnect.com/directory/international-foam-products-inc/,,,manufacturer,Textile Connect: apparel-and-product-manufacturing,Contact for quote,Textile Connect,https://textileconnect.com/directory/
International Furnishings Inc,Thomasville,NC,https://textileconnect.com/directory/international-furnishings-inc/,https://textileconnect.com/directory/international-furnishings-inc/,https://textileconnect.com/directory/international-furnishings-inc/,,,manufacturer,Textile Connect: apparel-and-product-manufacturing,Contact for quote,Textile Connect,https://textileconnect.com/directory/
International Garment Tech,Greensboro,NC,https://textileconnect.com/directory/international-garment-tech/,https://textileconnect.com/directory/international-garment-tech/,https://textileconnect.com/directory/international-garment-tech/,,,manufacturer,Textile Connect: apparel-and-product-manufacturing,Contact for quote,Textile Connect,https://textileconnect.com/directory/
International Garment Tech – Greensboro,Greensboro,NC,https://textileconnect.com/directory/international-garment-tech-greensboro/,https://textileconnect.com/directory/international-garment-tech-greensboro/,https://textileconnect.com/directory/international-garment-tech-greensboro/,,,manufacturer,Textile Connect: apparel-and-product-manufacturing,Contact for quote,Textile Connect,https://textileconnect.com/directory/
International Machinery Sales Inc.,Winston Salem,NC,https://textileconnect.com/directory/international-machinery-sales-inc/,https://textileconnect.com/directory/international-machinery-sales-inc/,https://textileconnect.com/directory/international-machinery-sales-inc/,,,manufacturer,Textile Connect: apparel-and-product-manufacturing,Contact for quote,Textile Connect,https://textileconnect.com/directory/
"International Personnel Protection, Inc",Austin,TX,https://textileconnect.com/directory/international-personnel-protection-inc/,https://textileconnect.com/directory/international-personnel-protection-inc/,https://textileconnect.com/directory/international-personnel-protection-inc/,,,manufacturer,Textile Connect: apparel-and-product-manufacturing,Contact for quote,Textile Connect,https://textileconnect.com/directory/
International Technology,Rutherfordton,NC,https://textileconnect.com/directory/international-technology/,https://textileconnect.com/directory/international-technology/,https://textileconnect.com/directory/international-technology/,,,manufacturer,Textile Connect: apparel-and-product-manufacturing,Contact for quote,Textile Connect,https://textileconnect.com/directory/
International Textile Alliance,High Point,NC,https://textileconnect.com/directory/international-textile-alliance/,https://textileconnect.com/directory/international-textile-alliance/,https://textileconnect.com/directory/international-textile-alliance/,,,manufacturer,Textile Connect: apparel-and-product-manufacturing,Contact for quote,Textile Connect,https://textileconnect.com/directory/
International Textile and Apparel Association (ITAA),Cary,NC,https://textileconnect.com/directory/international-textile-and-apparel-association-itaa/,https://textileconnect.com/directory/international-textile-and-apparel-association-itaa/,https://textileconnect.com/directory/international-textile-and-apparel-association-itaa/,,,manufacturer,Textile Connect: apparel-and-product-manufacturing,Contact for quote,Textile Connect,https://textileconnect.com/directory/
International Textile Manufacturers Federation,Zurich,,https://textileconnect.com/directory/international-textile-manufacturers-federation/,https://textileconnect.com/directory/international-textile-manufacturers-federation/,https://textileconnect.com/directory/international-textile-manufacturers-federation/,,,manufacturer,Textile Connect: apparel-and-product-manufacturing,Contact for quote,Textile Connect,https://textileconnect.com/directory/
International Textile Market Association,High Point,NC,https://textileconnect.com/directory/international-textile-market-association/,https://textileconnect.com/directory/international-textile-market-association/,https://textileconnect.com/directory/international-textile-market-association/,,,manufacturer,Textile Connect: apparel-and-product-manufacturing,Contact for quote,Textile Connect,https://textileconnect.com/directory/
International Trade Administration,NW Washington,District of Columbia (DC),https://textileconnect.com/directory/international-trade-administration/,https://textileconnect.com/directory/international-trade-administration/,https://textileconnect.com/directory/international-trade-administration/,,,manufacturer,Textile Connect: apparel-and-product-manufacturing,Contact for quote,Textile Connect,https://textileconnect.com/directory/
International Veiling Corp.,Clifton,NJ,https://textileconnect.com/directory/international-veiling-corp/,https://textileconnect.com/directory/international-veiling-corp/,https://textileconnect.com/directory/international-veiling-corp/,,,manufacturer,Textile Connect: apparel-and-product-manufacturing,Contact for quote,Textile Connect,https://textileconnect.com/directory/
Intersew USA Corp,Charlotte,NC,https://textileconnect.com/directory/intersew-usa-corp/,https://textileconnect.com/directory/intersew-usa-corp/,https://textileconnect.com/directory/intersew-usa-corp/,,,manufacturer,Textile Connect: apparel-and-product-manufacturing,Contact for quote,Textile Connect,https://textileconnect.com/directory/
"Interstate Apparel Group, Inc.",Prospect Hill,NC,https://textileconnect.com/directory/interstate-apparel-group-inc/,https://textileconnect.com/directory/interstate-apparel-group-inc/,https://textileconnect.com/directory/interstate-apparel-group-inc/,,,manufacturer,Textile Connect: apparel-and-product-manufacturing,Contact for quote,Textile Connect,https://textileconnect.com/directory/
Interstate Narrow Fabrics Inc,Haw River,NC,https://textileconnect.com/directory/interstate-narrow-fabrics-inc/,https://textileconnect.com/directory/interstate-narrow-fabrics-inc/,https://textileconnect.com/directory/interstate-narrow-fabrics-inc/,,,manufacturer,Textile Connect: apparel-and-product-manufacturing,Contact for quote,Textile Connect,https://textileconnect.com/directory/
Intertech Group Inc,Charleston,SC,https://textileconnect.com/directory/intertech-group-inc/,https://textileconnect.com/directory/intertech-group-inc/,https://textileconnect.com/directory/intertech-group-inc/,,,manufacturer,Textile Connect: apparel-and-product-manufacturing,Contact for quote,Textile Connect,https://textileconnect.com/directory/
Intex Distribution Ctr,Charlotte,NC,https://textileconnect.com/directory/intex-distribution-ctr/,https://textileconnect.com/directory/intex-distribution-ctr/,https://textileconnect.com/directory/intex-distribution-ctr/,,,manufacturer,Textile Connect: apparel-and-product-manufacturing,Contact for quote,Textile Connect,https://textileconnect.com/directory/
Intex DIY Inc.,Villa Rica,GA,https://textileconnect.com/directory/intex-diy-inc/,https://textileconnect.com/directory/intex-diy-inc/,https://textileconnect.com/directory/intex-diy-inc/,,,manufacturer,Textile Connect: apparel-and-product-manufacturing,Contact for quote,Textile Connect,https://textileconnect.com/directory/
Invista,Spartanburg,SC,https://textileconnect.com/directory/invista/,https://textileconnect.com/directory/invista/,https://textileconnect.com/directory/invista/,,,manufacturer,Textile Connect: apparel-and-product-manufacturing,Contact for quote,Textile Connect,https://textileconnect.com/directory/
Invista,Lugoff,SC,https://textileconnect.com/directory/invista-2/,https://textileconnect.com/directory/invista-2/,https://textileconnect.com/directory/invista-2/,,,manufacturer,Textile Connect: apparel-and-product-manufacturing,Contact for quote,Textile Connect,https://textileconnect.com/directory/
Invista – Charlotte 28210,Charlotte,NC,https://textileconnect.com/directory/invista-charlotte-28210/,https://textileconnect.com/directory/invista-charlotte-28210/,https://textileconnect.com/directory/invista-charlotte-28210/,,,manufacturer,Textile Connect: apparel-and-product-manufacturing,Contact for quote,Textile Connect,https://textileconnect.com/directory/
Invista – Charlotte 28217,Charlotte,NC,https://textileconnect.com/directory/invista-charlotte-28217/,https://textileconnect.com/directory/invista-charlotte-28217/,https://textileconnect.com/directory/invista-charlotte-28217/,,,manufacturer,Textile Connect: apparel-and-product-manufacturing,Contact for quote,Textile Connect,https://textileconnect.com/directory/
Invista – Wilmington 28401,Wilmington,NC,https://textileconnect.com/directory/invista-wilmington-28401/,https://textileconnect.com/directory/invista-wilmington-28401/,https://textileconnect.com/directory/invista-wilmington-28401/,,,manufacturer,Textile Connect: apparel-and-product-manufacturing,Contact for quote,Textile Connect,https://textileconnect.com/directory/
Invista – Wilmington 28412,Wilmington,NC,https://textileconnect.com/directory/invista-wilmington-28412/,https://textileconnect.com/directory/invista-wilmington-28412/,https://textileconnect.com/directory/invista-wilmington-28412/,,,manufacturer,Textile Connect: apparel-and-product-manufacturing,Contact for quote,Textile Connect,https://textileconnect.com/directory/
Invista Licensing,Kinston,NC,https://textileconnect.com/directory/invista-licensing/,https://textileconnect.com/directory/invista-licensing/,https://textileconnect.com/directory/invista-licensing/,,,manufacturer,Textile Connect: apparel-and-product-manufacturing,Contact for quote,Textile Connect,https://textileconnect.com/directory/
Ipa Southern,Easley,SC,https://textileconnect.com/directory/ipa-southern/,https://textileconnect.com/directory/ipa-southern/,https://textileconnect.com/directory/ipa-southern/,,,manufacturer,Textile Connect: apparel-and-product-manufacturing,Contact for quote,Textile Connect,https://textileconnect.com/directory/
I Play,Woodfin,NC,https://textileconnect.com/directory/i-play/,https://textileconnect.com/directory/i-play/,https://textileconnect.com/directory/i-play/,,,manufacturer,Textile Connect: apparel-and-product-manufacturing,Contact for quote,Textile Connect,https://textileconnect.com/directory/
IPS,Statesville,NC,https://textileconnect.com/directory/ips/,https://textileconnect.com/directory/ips/,https://textileconnect.com/directory/ips/,,,manufacturer,Textile Connect: apparel-and-product-manufacturing,Contact for quote,Textile Connect,https://textileconnect.com/directory/
IPS Structural Adhesives,Durham,NC,https://textileconnect.com/directory/ips-structural-adhesives/,https://textileconnect.com/directory/ips-structural-adhesives/,https://textileconnect.com/directory/ips-structural-adhesives/,,,manufacturer,Textile Connect: apparel-and-product-manufacturing,Contact for quote,Textile Connect,https://textileconnect.com/directory/
Iredell Fiber Inc,Statesville,NC,https://textileconnect.com/directory/iredell-fiber-inc/,https://textileconnect.com/directory/iredell-fiber-inc/,https://textileconnect.com/directory/iredell-fiber-inc/,,,manufacturer,Textile Connect: apparel-and-product-manufacturing,Contact for quote,Textile Connect,https://textileconnect.com/directory/
IRO Inc,Charlotte,NC,https://textileconnect.com/directory/iro-inc/,https://textileconnect.com/directory/iro-inc/,https://textileconnect.com/directory/iro-inc/,,,manufacturer,Textile Connect: apparel-and-product-manufacturing,Contact for quote,Textile Connect,https://textileconnect.com/directory/
Irvin Automotive Inc.,Pontiac,MI,https://textileconnect.com/directory/irvin-automotive-inc/,https://textileconnect.com/directory/irvin-automotive-inc/,https://textileconnect.com/directory/irvin-automotive-inc/,,,manufacturer,Textile Connect: apparel-and-product-manufacturing,Contact for quote,Textile Connect,https://textileconnect.com/directory/
Irwin-Leatherman Cotton Co,Greenville,NC,https://textileconnect.com/directory/irwin-leatherman-cotton-co/,https://textileconnect.com/directory/irwin-leatherman-cotton-co/,https://textileconnect.com/directory/irwin-leatherman-cotton-co/,,,manufacturer,Textile Connect: apparel-and-product-manufacturing,Contact for quote,Textile Connect,https://textileconnect.com/directory/
Islander Flags,Kitty Hawk,NC,https://textileconnect.com/directory/islander-flags/,https://textileconnect.com/directory/islander-flags/,https://textileconnect.com/directory/islander-flags/,,,manufacturer,Textile Connect: apparel-and-product-manufacturing,Contact for quote,Textile Connect,https://textileconnect.com/directory/
Island Furniture Co,"Murrells Inlet, SC",SC,https://textileconnect.com/directory/island-furniture-co/,https://textileconnect.com/directory/island-furniture-co/,https://textileconnect.com/directory/island-furniture-co/,,,manufacturer,Textile Connect: apparel-and-product-manufacturing,Contact for quote,Textile Connect,https://textileconnect.com/directory/
Island Kite & Surf Inc,Carolina Beach,NC,https://textileconnect.com/directory/island-kite-surf-inc/,https://textileconnect.com/directory/island-kite-surf-inc/,https://textileconnect.com/directory/island-kite-surf-inc/,,,manufacturer,Textile Connect: apparel-and-product-manufacturing,Contact for quote,Textile Connect,https://textileconnect.com/directory/
It’s Leather,Asheboro,NC,https://textileconnect.com/directory/its-leather/,https://textileconnect.com/directory/its-leather/,https://textileconnect.com/directory/its-leather/,,,manufacturer,Textile Connect: apparel-and-product-manufacturing,Contact for quote,Textile Connect,https://textileconnect.com/directory/
Itema America Inc.,"Spartanburg, SCP",SC,https://textileconnect.com/directory/itema-america-inc/,https://textileconnect.com/directory/itema-america-inc/,https://textileconnect.com/directory/itema-america-inc/,,,manufacturer,Textile Connect: apparel-and-product-manufacturing,Contact for quote,Textile Connect,https://textileconnect.com/directory/
ITM Corp,Inman,SC,https://textileconnect.com/directory/itm-corp/,https://textileconnect.com/directory/itm-corp/,https://textileconnect.com/directory/itm-corp/,,,manufacturer,Textile Connect: apparel-and-product-manufacturing,Contact for quote,Textile Connect,https://textileconnect.com/directory/
ITM LTD South,High Point,NC,https://textileconnect.com/directory/itm-ltd-south/,https://textileconnect.com/directory/itm-ltd-south/,https://textileconnect.com/directory/itm-ltd-south/,,,manufacturer,Textile Connect: apparel-and-product-manufacturing,Contact for quote,Textile Connect,https://textileconnect.com/directory/
ITM Southern Inc,Easley,SC,https://textileconnect.com/directory/itm-southern-inc/,https://textileconnect.com/directory/itm-southern-inc/,https://textileconnect.com/directory/itm-southern-inc/,,,manufacturer,Textile Connect: apparel-and-product-manufacturing,Contact for quote,Textile Connect,https://textileconnect.com/directory/
Itochu Prominent,New York,NY,https://textileconnect.com/directory/itochu-prominent/,https://textileconnect.com/directory/itochu-prominent/,https://textileconnect.com/directory/itochu-prominent/,,,manufacturer,Textile Connect: apparel-and-product-manufacturing,Contact for quote,Textile Connect,https://textileconnect.com/directory/
I Told You Sew Alterations,Whiteville,NC,https://textileconnect.com/directory/i-told-you-sew-alterations/,https://textileconnect.com/directory/i-told-you-sew-alterations/,https://textileconnect.com/directory/i-told-you-sew-alterations/,,,manufacturer,Textile Connect: apparel-and-product-manufacturing,Contact for quote,Textile Connect,https://textileconnect.com/directory/
ITS Classics,"Hilton Head Isle, SC",SC,https://textileconnect.com/directory/its-classics/,https://textileconnect.com/directory/its-classics/,https://textileconnect.com/directory/its-classics/,,,manufacturer,Textile Connect: apparel-and-product-manufacturing,Contact for quote,Textile Connect,https://textileconnect.com/directory/
ITW Dynatec,Hendersonville,TN,https://textileconnect.com/directory/itw-dynatec/,https://textileconnect.com/directory/itw-dynatec/,https://textileconnect.com/directory/itw-dynatec/,,,manufacturer,Textile Connect: apparel-and-product-manufacturing,Contact for quote,Textile Connect,https://textileconnect.com/directory/
ITW Pro Brands,Olathe,KS,https://textileconnect.com/directory/itw-pro-brands/,https://textileconnect.com/directory/itw-pro-brands/,https://textileconnect.com/directory/itw-pro-brands/,,,manufacturer,Textile Connect: apparel-and-product-manufacturing,Contact for quote,Textile Connect,https://textileconnect.com/directory/
ITW Texwipe Co,Kernersville,NC,https://textileconnect.com/directory/itw-texwipe-co/,https://textileconnect.com/directory/itw-texwipe-co/,https://textileconnect.com/directory/itw-texwipe-co/,,,manufacturer,Textile Connect: apparel-and-product-manufacturing,Contact for quote,Textile Connect,https://textileconnect.com/directory/
Izumi International Inc,"Greenville, SC",SC,https://textileconnect.com/directory/izumi-international-inc/,https://textileconnect.com/directory/izumi-international-inc/,https://textileconnect.com/directory/izumi-international-inc/,,,manufacturer,Textile Connect: apparel-and-product-manufacturing,Contact for quote,Textile Connect,https://textileconnect.com/directory/
J. Charles Saunders Co. dba Saunders Thread Co.,Gastonia,NC,https://textileconnect.com/directory/j-charles-saunders-co-dba-saunders-thread-co/,https://textileconnect.com/directory/j-charles-saunders-co-dba-saunders-thread-co/,https://textileconnect.com/directory/j-charles-saunders-co-dba-saunders-thread-co/,,,manufacturer,Textile Connect: apparel-and-product-manufacturing,Contact for quote,Textile Connect,https://textileconnect.com/directory/
J. Dellinger Co. Inc.,Lake Wylie,SC,https://textileconnect.com/directory/j-dellinger-co-inc/,https://textileconnect.com/directory/j-dellinger-co-inc/,https://textileconnect.com/directory/j-dellinger-co-inc/,,,manufacturer,Textile Connect: apparel-and-product-manufacturing,Contact for quote,Textile Connect,https://textileconnect.com/directory/
"J.E. Herndon, Co.",Kings Mountain,NC,https://textileconnect.com/directory/j-e-herndon-co/,https://textileconnect.com/directory/j-e-herndon-co/,https://textileconnect.com/directory/j-e-herndon-co/,,,manufacturer,Textile Connect: apparel-and-product-manufacturing,Contact for quote,Textile Connect,https://textileconnect.com/directory/
J.G. Boswell Company,Pasadena,CA,https://textileconnect.com/directory/j-g-boswell-company/,https://textileconnect.com/directory/j-g-boswell-company/,https://textileconnect.com/directory/j-g-boswell-company/,,,manufacturer,Textile Connect: apparel-and-product-manufacturing,Contact for quote,Textile Connect,https://textileconnect.com/directory/
J. Henry Holland Corp.,Virginia Beach,VA,https://textileconnect.com/directory/j-henry-holland-corp/,https://textileconnect.com/directory/j-henry-holland-corp/,https://textileconnect.com/directory/j-henry-holland-corp/,,,manufacturer,Textile Connect: apparel-and-product-manufacturing,Contact for quote,Textile Connect,https://textileconnect.com/directory/
"J.I.G. Enterprises, Inc.",Morehead,NC,https://textileconnect.com/directory/j-i-g-enterprises-inc/,https://textileconnect.com/directory/j-i-g-enterprises-inc/,https://textileconnect.com/directory/j-i-g-enterprises-inc/,,,manufacturer,Textile Connect: apparel-and-product-manufacturing,Contact for quote,Textile Connect,https://textileconnect.com/directory/
J.J. Bidden Cordage Co. Inc.,Bristol,RI,https://textileconnect.com/directory/j-j-bidden-cordage-co-inc/,https://textileconnect.com/directory/j-j-bidden-cordage-co-inc/,https://textileconnect.com/directory/j-j-bidden-cordage-co-inc/,,,manufacturer,Textile Connect: apparel-and-product-manufacturing,Contact for quote,Textile Connect,https://textileconnect.com/directory/
"J.J. White Products, Inc.",Cleveland,OH,https://textileconnect.com/directory/j-j-white-products-inc/,https://textileconnect.com/directory/j-j-white-products-inc/,https://textileconnect.com/directory/j-j-white-products-inc/,,,manufacturer,Textile Connect: apparel-and-product-manufacturing,Contact for quote,Textile Connect,https://textileconnect.com/directory/
J.L. Corporation,Greenville,SC,https://textileconnect.com/directory/j-l-corporation/,https://textileconnect.com/directory/j-l-corporation/,https://textileconnect.com/directory/j-l-corporation/,,,manufacturer,Textile Connect: apparel-and-product-manufacturing,Contact for quote,Textile Connect,https://textileconnect.com/directory/
J. Max Co.,Flushing,NY,https://textileconnect.com/directory/j-max-co/,https://textileconnect.com/directory/j-max-co/,https://textileconnect.com/directory/j-max-co/,,,manufacturer,Textile Connect: apparel-and-product-manufacturing,Contact for quote,Textile Connect,https://textileconnect.com/directory/
J.P. Doumak Inc.,New York,NY,https://textileconnect.com/directory/j-p-doumak-inc/,https://textileconnect.com/directory/j-p-doumak-inc/,https://textileconnect.com/directory/j-p-doumak-inc/,,,manufacturer,Textile Connect: apparel-and-product-manufacturing,Contact for quote,Textile Connect,https://textileconnect.com/directory/
J & G Pillow,Blacksburg,SC,https://textileconnect.com/directory/j-g-pillow/,https://textileconnect.com/directory/j-g-pillow/,https://textileconnect.com/directory/j-g-pillow/,,,manufacturer,Textile Connect: apparel-and-product-manufacturing,Contact for quote,Textile Connect,https://textileconnect.com/directory/
J & H Clasgens Co.,New Richmond,OH,https://textileconnect.com/directory/j-h-clasgens-co/,https://textileconnect.com/directory/j-h-clasgens-co/,https://textileconnect.com/directory/j-h-clasgens-co/,,,manufacturer,Textile Connect: apparel-and-product-manufacturing,Contact for quote,Textile Connect,https://textileconnect.com/directory/
J & J Knitting,Kings Mountain,NC,https://textileconnect.com/directory/j-j-knitting/,https://textileconnect.com/directory/j-j-knitting/,https://textileconnect.com/directory/j-j-knitting/,,,manufacturer,Textile Connect: apparel-and-product-manufacturing,Contact for quote,Textile Connect,https://textileconnect.com/directory/
J & K Fashions Inc,Charlotte,NC,https://textileconnect.com/directory/j-k-fashions-inc/,https://textileconnect.com/directory/j-k-fashions-inc/,https://textileconnect.com/directory/j-k-fashions-inc/,,,manufacturer,Textile Connect: apparel-and-product-manufacturing,Contact for quote,Textile Connect,https://textileconnect.com/directory/
J & M Dyers Inc,Sumter,SC,https://textileconnect.com/directory/j-m-dyers-inc/,https://textileconnect.com/directory/j-m-dyers-inc/,https://textileconnect.com/directory/j-m-dyers-inc/,,,manufacturer,Textile Connect: apparel-and-product-manufacturing,Contact for quote,Textile Connect,https://textileconnect.com/directory/
J & M Martial Arts Inc.,Spring Lake,NC,https://textileconnect.com/directory/j-m-martial-arts-inc/,https://textileconnect.com/directory/j-m-martial-arts-inc/,https://textileconnect.com/directory/j-m-martial-arts-inc/,,,manufacturer,Textile Connect: apparel-and-product-manufacturing,Contact for quote,Textile Connect,https://textileconnect.com/directory/
Jac-Lyn’s Florists,Spencer,NC,https://textileconnect.com/directory/jac-lyns-florists/,https://textileconnect.com/directory/jac-lyns-florists/,https://textileconnect.com/directory/jac-lyns-florists/,,,manufacturer,Textile Connect: apparel-and-product-manufacturing,Contact for quote,Textile Connect,https://textileconnect.com/directory/
Jackson’s Hairs & Nails,Four Oaks,NC,https://textileconnect.com/directory/jacksons-hairs-nails/,https://textileconnect.com/directory/jacksons-hairs-nails/,https://textileconnect.com/directory/jacksons-hairs-nails/,,,manufacturer,Textile Connect: apparel-and-product-manufacturing,Contact for quote,Textile Connect,https://textileconnect.com/directory/
Jacob’s Textile Sales,Monroe,NC,https://textileconnect.com/directory/jacobs-textile-sales/,https://textileconnect.com/directory/jacobs-textile-sales/,https://textileconnect.com/directory/jacobs-textile-sales/,,,manufacturer,Textile Connect: apparel-and-product-manufacturing,Contact for quote,Textile Connect,https://textileconnect.com/directory/
Jacob Holm,4052 Basel,,https://textileconnect.com/directory/jacob-holm/,https://textileconnect.com/directory/jacob-holm/,https://textileconnect.com/directory/jacob-holm/,,,manufacturer,Textile Connect: apparel-and-product-manufacturing,Contact for quote,Textile Connect,https://textileconnect.com/directory/
Jacobs Custom Living,Spokane Valley,WA,https://textileconnect.com/directory/jacobs-custom-living/,https://textileconnect.com/directory/jacobs-custom-living/,https://textileconnect.com/directory/jacobs-custom-living/,,,manufacturer,Textile Connect: apparel-and-product-manufacturing,Contact for quote,Textile Connect,https://textileconnect.com/directory/
Jacquarts,Ironwood,MI,https://textileconnect.com/directory/jacquarts/,https://textileconnect.com/directory/jacquarts/,https://textileconnect.com/directory/jacquarts/,,,manufacturer,Textile Connect: apparel-and-product-manufacturing,Contact for quote,Textile Connect,https://textileconnect.com/directory/
"Jaden Fabrics, Inc.",Dallas,TX,https://textileconnect.com/directory/jaden-fabrics-inc/,https://textileconnect.com/directory/jaden-fabrics-inc/,https://textileconnect.com/directory/jaden-fabrics-inc/,,,manufacturer,Textile Connect: apparel-and-product-manufacturing,Contact for quote,Textile Connect,https://textileconnect.com/directory/
Jaftex Corporation,New York,NY,https://textileconnect.com/directory/jaftex-corporation/,https://textileconnect.com/directory/jaftex-corporation/,https://textileconnect.com/directory/jaftex-corporation/,,,manufacturer,Textile Connect: apparel-and-product-manufacturing,Contact for quote,Textile Connect,https://textileconnect.com/directory/
"Jagger Brothers, Inc.",Springvale,ME,https://textileconnect.com/directory/jagger-brothers-inc/,https://textileconnect.com/directory/jagger-brothers-inc/,https://textileconnect.com/directory/jagger-brothers-inc/,,,manufacturer,Textile Connect: apparel-and-product-manufacturing,Contact for quote,Textile Connect,https://textileconnect.com/directory/
J A King & Co Inc,Cary,NC,https://textileconnect.com/directory/j-a-king-co-inc/,https://textileconnect.com/directory/j-a-king-co-inc/,https://textileconnect.com/directory/j-a-king-co-inc/,,,manufacturer,Textile Connect: apparel-and-product-manufacturing,Contact for quote,Textile Connect,https://textileconnect.com/directory/
Jakob Mueller Of America Inc,Charlotte,NC,https://textileconnect.com/directory/jakob-mueller-of-america-inc/,https://textileconnect.com/directory/jakob-mueller-of-america-inc/,https://textileconnect.com/directory/jakob-mueller-of-america-inc/,,,manufacturer,Textile Connect: apparel-and-product-manufacturing,Contact for quote,Textile Connect,https://textileconnect.com/directory/
James T White Co,Gastonia,NC,https://textileconnect.com/directory/james-t-white-co/,https://textileconnect.com/directory/james-t-white-co/,https://textileconnect.com/directory/james-t-white-co/,,,manufacturer,Textile Connect: apparel-and-product-manufacturing,Contact for quote,Textile Connect,https://textileconnect.com/directory/
J and T Trading Company,Charlotte,NC,https://textileconnect.com/directory/j-and-t-trading-company/,https://textileconnect.com/directory/j-and-t-trading-company/,https://textileconnect.com/directory/j-and-t-trading-company/,,,manufacturer,Textile Connect: apparel-and-product-manufacturing,Contact for quote,Textile Connect,https://textileconnect.com/directory/
Japan Tech Inc,Greensboro,NC,https://textileconnect.com/directory/japan-tech-inc/,https://textileconnect.com/directory/japan-tech-inc/,https://textileconnect.com/directory/japan-tech-inc/,,,manufacturer,Textile Connect: apparel-and-product-manufacturing,Contact for quote,Textile Connect,https://textileconnect.com/directory/
Jason Mills LLC,Milltown,NJ,https://textileconnect.com/directory/jason-mills-llc/,https://textileconnect.com/directory/jason-mills-llc/,https://textileconnect.com/directory/jason-mills-llc/,,,manufacturer,Textile Connect: apparel-and-product-manufacturing,Contact for quote,Textile Connect,https://textileconnect.com/directory/
Jasper Textiles,Fremont,NC,https://textileconnect.com/directory/jasper-textiles/,https://textileconnect.com/directory/jasper-textiles/,https://textileconnect.com/directory/jasper-textiles/,,,manufacturer,Textile Connect: apparel-and-product-manufacturing,Contact for quote,Textile Connect,https://textileconnect.com/directory/
Javlyn Manufacturing Co Inc,Cayce,SC,https://textileconnect.com/directory/javlyn-manufacturing-co-inc/,https://textileconnect.com/directory/javlyn-manufacturing-co-inc/,https://textileconnect.com/directory/javlyn-manufacturing-co-inc/,,,manufacturer,Textile Connect: apparel-and-product-manufacturing,Contact for quote,Textile Connect,https://textileconnect.com/directory/
Jay’s Textiles,Winston Salem,NC,https://textileconnect.com/directory/jays-textiles/,https://textileconnect.com/directory/jays-textiles/,https://textileconnect.com/directory/jays-textiles/,,,manufacturer,Textile Connect: apparel-and-product-manufacturing,Contact for quote,Textile Connect,https://textileconnect.com/directory/
Jay Co.,New York,NY,https://textileconnect.com/directory/jay-co/,https://textileconnect.com/directory/jay-co/,https://textileconnect.com/directory/jay-co/,,,manufacturer,Textile Connect: apparel-and-product-manufacturing,Contact for quote,Textile Connect,https://textileconnect.com/directory/
Jazzy Textiles Inc,Connellys Spgs,NC,https://textileconnect.com/directory/jazzy-textiles-inc/,https://textileconnect.com/directory/jazzy-textiles-inc/,https://textileconnect.com/directory/jazzy-textiles-inc/,,,manufacturer,Textile Connect: apparel-and-product-manufacturing,Contact for quote,Textile Connect,https://textileconnect.com/directory/
J B Martin,Leesville,SC,https://textileconnect.com/directory/j-b-martin/,https://textileconnect.com/directory/j-b-martin/,https://textileconnect.com/directory/j-b-martin/,,,manufacturer,Textile Connect: apparel-and-product-manufacturing,Contact for quote,Textile Connect,https://textileconnect.com/directory/
JB Martin Co,Leesville,SC,https://textileconnect.com/directory/jb-martin-co/,https://textileconnect.com/directory/jb-martin-co/,https://textileconnect.com/directory/jb-martin-co/,,,manufacturer,Textile Connect: apparel-and-product-manufacturing,Contact for quote,Textile Connect,https://textileconnect.com/directory/
J C Custom Sewing Inc,Gibsonville,NC,https://textileconnect.com/directory/j-c-custom-sewing-inc/,https://textileconnect.com/directory/j-c-custom-sewing-inc/,https://textileconnect.com/directory/j-c-custom-sewing-inc/,,,manufacturer,Textile Connect: apparel-and-product-manufacturing,Contact for quote,Textile Connect,https://textileconnect.com/directory/
JCH International,Rome,GA,https://textileconnect.com/directory/jch-international/,https://textileconnect.com/directory/jch-international/,https://textileconnect.com/directory/jch-international/,,,manufacturer,Textile Connect: apparel-and-product-manufacturing,Contact for quote,Textile Connect,https://textileconnect.com/directory/
JC Manufacturing,High Point,NC,https://textileconnect.com/directory/jc-manufacturing/,https://textileconnect.com/directory/jc-manufacturing/,https://textileconnect.com/directory/jc-manufacturing/,,,manufacturer,Textile Connect: apparel-and-product-manufacturing,Contact for quote,Textile Connect,https://textileconnect.com/directory/
J C Penney Co,Orangeburg,SC,https://textileconnect.com/directory/j-c-penney-co/,https://textileconnect.com/directory/j-c-penney-co/,https://textileconnect.com/directory/j-c-penney-co/,,,manufacturer,Textile Connect: apparel-and-product-manufacturing,Contact for quote,Textile Connect,https://textileconnect.com/directory/
JC Wood Landscaping,Zebulon,NC,https://textileconnect.com/directory/jc-wood-landscaping/,https://textileconnect.com/directory/jc-wood-landscaping/,https://textileconnect.com/directory/jc-wood-landscaping/,,,manufacturer,Textile Connect: apparel-and-product-manufacturing,Contact for quote,Textile Connect,https://textileconnect.com/directory/
Jda Real Estate & Appraisal,Columbia,SC,https://textileconnect.com/directory/jda-real-estate-appraisal/,https://textileconnect.com/directory/jda-real-estate-appraisal/,https://textileconnect.com/directory/jda-real-estate-appraisal/,,,manufacturer,Textile Connect: apparel-and-product-manufacturing,Contact for quote,Textile Connect,https://textileconnect.com/directory/
J D Stanley & Co Inc,Archdale,NC,https://textileconnect.com/directory/j-d-stanley-co-inc/,https://textileconnect.com/directory/j-d-stanley-co-inc/,https://textileconnect.com/directory/j-d-stanley-co-inc/,,,manufacturer,Textile Connect: apparel-and-product-manufacturing,Contact for quote,Textile Connect,https://textileconnect.com/directory/
Jean’s Custom Show Fashions,Mount Airy,NC,https://textileconnect.com/directory/jeans-custom-show-fashions/,https://textileconnect.com/directory/jeans-custom-show-fashions/,https://textileconnect.com/directory/jeans-custom-show-fashions/,,,manufacturer,Textile Connect: apparel-and-product-manufacturing,Contact for quote,Textile Connect,https://textileconnect.com/directory/
Jeanola Custom Drapery Svc,Charleston,SC,https://textileconnect.com/directory/jeanola-custom-drapery-svc/,https://textileconnect.com/directory/jeanola-custom-drapery-svc/,https://textileconnect.com/directory/jeanola-custom-drapery-svc/,,,manufacturer,Textile Connect: apparel-and-product-manufacturing,Contact for quote,Textile Connect,https://textileconnect.com/directory/
JEB Designs,Hope Mills,NC,https://textileconnect.com/directory/jeb-designs/,https://textileconnect.com/directory/jeb-designs/,https://textileconnect.com/directory/jeb-designs/,,,manufacturer,Textile Connect: apparel-and-product-manufacturing,Contact for quote,Textile Connect,https://textileconnect.com/directory/
Jeff Brown & Co,Monroe,NC,https://textileconnect.com/directory/jeff-brown-co/,https://textileconnect.com/directory/jeff-brown-co/,https://textileconnect.com/directory/jeff-brown-co/,,,manufacturer,Textile Connect: apparel-and-product-manufacturing,Contact for quote,Textile Connect,https://textileconnect.com/directory/
"Jeffco Fibres, Inc.",Webster,MA,https://textileconnect.com/directory/jeffco-fibres-inc/,https://textileconnect.com/directory/jeffco-fibres-inc/,https://textileconnect.com/directory/jeffco-fibres-inc/,,,manufacturer,Textile Connect: apparel-and-product-manufacturing,Contact for quote,Textile Connect,https://textileconnect.com/directory/
Jeff Gordon Inc,Enoree,SC,https://textileconnect.com/directory/jeff-gordon-inc/,https://textileconnect.com/directory/jeff-gordon-inc/,https://textileconnect.com/directory/jeff-gordon-inc/,,,manufacturer,Textile Connect: apparel-and-product-manufacturing,Contact for quote,Textile Connect,https://textileconnect.com/directory/
Jeff Newcomb & Assoc,Isle Of Palms,SC,https://textileconnect.com/directory/jeff-newcomb-assoc/,https://textileconnect.com/directory/jeff-newcomb-assoc/,https://textileconnect.com/directory/jeff-newcomb-assoc/,,,manufacturer,Textile Connect: apparel-and-product-manufacturing,Contact for quote,Textile Connect,https://textileconnect.com/directory/
Jenkins Wilson Taylor & Hunt,Durham,NC,https://textileconnect.com/directory/jenkins-wilson-taylor-hunt/,https://textileconnect.com/directory/jenkins-wilson-taylor-hunt/,https://textileconnect.com/directory/jenkins-wilson-taylor-hunt/,,,manufacturer,Textile Connect: apparel-and-product-manufacturing,Contact for quote,Textile Connect,https://textileconnect.com/directory/
Jensen Activewear,Albemarle,NC,https://textileconnect.com/directory/jensen-activewear/,https://textileconnect.com/directory/jensen-activewear/,https://textileconnect.com/directory/jensen-activewear/,,,manufacturer,Textile Connect: apparel-and-product-manufacturing,Contact for quote,Textile Connect,https://textileconnect.com/directory/
"Jensen Promotional Items, Inc.",Albemarle,NC,https://textileconnect.com/directory/jensen-promotional-items-inc/,https://textileconnect.com/directory/jensen-promotional-items-inc/,https://textileconnect.com/directory/jensen-promotional-items-inc/,,,manufacturer,Textile Connect: apparel-and-product-manufacturing,Contact for quote,Textile Connect,https://textileconnect.com/directory/
Jerry Brothers Industries,Charlotte,NC,https://textileconnect.com/directory/jerry-brothers-industries/,https://textileconnect.com/directory/jerry-brothers-industries/,https://textileconnect.com/directory/jerry-brothers-industries/,,,manufacturer,Textile Connect: apparel-and-product-manufacturing,Contact for quote,Textile Connect,https://textileconnect.com/directory/
Jessie W Cumpian,Fairview,NC,https://textileconnect.com/directory/jessie-w-cumpian/,https://textileconnect.com/directory/jessie-w-cumpian/,https://textileconnect.com/directory/jessie-w-cumpian/,,,manufacturer,Textile Connect: apparel-and-product-manufacturing,Contact for quote,Textile Connect,https://textileconnect.com/directory/
Jess Smith & Sons Cotton LLC,Bakersfield,CA,https://textileconnect.com/directory/jess-smith-sons-cotton-llc/,https://textileconnect.com/directory/jess-smith-sons-cotton-llc/,https://textileconnect.com/directory/jess-smith-sons-cotton-llc/,,,manufacturer,Textile Connect: apparel-and-product-manufacturing,Contact for quote,Textile Connect,https://textileconnect.com/directory/
Jest Textiles Inc.,Mahwah,NJ,https://textileconnect.com/directory/jest-textiles-inc/,https://textileconnect.com/directory/jest-textiles-inc/,https://textileconnect.com/directory/jest-textiles-inc/,,,manufacturer,Textile Connect: apparel-and-product-manufacturing,Contact for quote,Textile Connect,https://textileconnect.com/directory/
Jewel Industries Inc,Winston Salem,NC,https://textileconnect.com/directory/jewel-industries-inc/,https://textileconnect.com/directory/jewel-industries-inc/,https://textileconnect.com/directory/jewel-industries-inc/,,,manufacturer,Textile Connect: apparel-and-product-manufacturing,Contact for quote,Textile Connect,https://textileconnect.com/directory/
J G Garments,Bailey,NC,https://textileconnect.com/directory/j-g-garments/,https://textileconnect.com/directory/j-g-garments/,https://textileconnect.com/directory/j-g-garments/,,,manufacturer,Textile Connect: apparel-and-product-manufacturing,Contact for quote,Textile Connect,https://textileconnect.com/directory/
J G Originals,Goldsboro,NC,https://textileconnect.com/directory/j-g-originals/,https://textileconnect.com/directory/j-g-originals/,https://textileconnect.com/directory/j-g-originals/,,,manufacturer,Textile Connect: apparel-and-product-manufacturing,Contact for quote,Textile Connect,https://textileconnect.com/directory/
J Gregg & Co Inc,Gastonia,NC,https://textileconnect.com/directory/j-gregg-co-inc/,https://textileconnect.com/directory/j-gregg-co-inc/,https://textileconnect.com/directory/j-gregg-co-inc/,,,manufacturer,Textile Connect: apparel-and-product-manufacturing,Contact for quote,Textile Connect,https://textileconnect.com/directory/
J G Thompson Enterprises,Ellenboro,NC,https://textileconnect.com/directory/j-g-thompson-enterprises/,https://textileconnect.com/directory/j-g-thompson-enterprises/,https://textileconnect.com/directory/j-g-thompson-enterprises/,,,manufacturer,Textile Connect: apparel-and-product-manufacturing,Contact for quote,Textile Connect,https://textileconnect.com/directory/
J Hilton Furniture Co,Newton,NC,https://textileconnect.com/directory/j-hilton-furniture-co/,https://textileconnect.com/directory/j-hilton-furniture-co/,https://textileconnect.com/directory/j-hilton-furniture-co/,,,manufacturer,Textile Connect: apparel-and-product-manufacturing,Contact for quote,Textile Connect,https://textileconnect.com/directory/
Jillian Page Designs,Atlantic Beach,NC,https://textileconnect.com/directory/jillian-page-designs/,https://textileconnect.com/directory/jillian-page-designs/,https://textileconnect.com/directory/jillian-page-designs/,,,manufacturer,Textile Connect: apparel-and-product-manufacturing,Contact for quote,Textile Connect,https://textileconnect.com/directory/
Jim Stephens Upholstery Fabrcs,High Point,NC,https://textileconnect.com/directory/jim-stephens-upholstery-fabrcs/,https://textileconnect.com/directory/jim-stephens-upholstery-fabrcs/,https://textileconnect.com/directory/jim-stephens-upholstery-fabrcs/,,,manufacturer,Textile Connect: apparel-and-product-manufacturing,Contact for quote,Textile Connect,https://textileconnect.com/directory/
J J Haines & Co Inc,Goldsboro,NC,https://textileconnect.com/directory/j-j-haines-co-inc/,https://textileconnect.com/directory/j-j-haines-co-inc/,https://textileconnect.com/directory/j-j-haines-co-inc/,,,manufacturer,Textile Connect: apparel-and-product-manufacturing,Contact for quote,Textile Connect,https://textileconnect.com/directory/
J J Jenkins Inc,Matthews,NC,https://textileconnect.com/directory/j-j-jenkins-inc/,https://textileconnect.com/directory/j-j-jenkins-inc/,https://textileconnect.com/directory/j-j-jenkins-inc/,,,manufacturer,Textile Connect: apparel-and-product-manufacturing,Contact for quote,Textile Connect,https://textileconnect.com/directory/
JKS Incorporated,Lexington,NC,https://textileconnect.com/directory/jks-incorporated/,https://textileconnect.com/directory/jks-incorporated/,https://textileconnect.com/directory/jks-incorporated/,,,manufacturer,Textile Connect: apparel-and-product-manufacturing,Contact for quote,Textile Connect,https://textileconnect.com/directory/
JLA Home,Greensboro,NC,https://textileconnect.com/directory/jla-home/,https://textileconnect.com/directory/jla-home/,https://textileconnect.com/directory/jla-home/,,,manufacturer,Textile Connect: apparel-and-product-manufacturing,Contact for quote,Textile Connect,https://textileconnect.com/directory/
J L De Ball-America Inc,High Point,NC,https://textileconnect.com/directory/j-l-de-ball-america-inc/,https://textileconnect.com/directory/j-l-de-ball-america-inc/,https://textileconnect.com/directory/j-l-de-ball-america-inc/,,,manufacturer,Textile Connect: apparel-and-product-manufacturing,Contact for quote,Textile Connect,https://textileconnect.com/directory/
JM Leary Consulting Group,Wrentham,MA,https://textileconnect.com/directory/jm-leary-consulting-group/,https://textileconnect.com/directory/jm-leary-consulting-group/,https://textileconnect.com/directory/jm-leary-consulting-group/,,,manufacturer,Textile Connect: apparel-and-product-manufacturing,Contact for quote,Textile Connect,https://textileconnect.com/directory/
JMR Assoc Inc,Belmont,NC,https://textileconnect.com/directory/jmr-assoc-inc/,https://textileconnect.com/directory/jmr-assoc-inc/,https://textileconnect.com/directory/jmr-assoc-inc/,,,manufacturer,Textile Connect: apparel-and-product-manufacturing,Contact for quote,Textile Connect,https://textileconnect.com/directory/
JMS Sales & Marketing Co,Gastonia,NC,https://textileconnect.com/directory/jms-sales-marketing-co/,https://textileconnect.com/directory/jms-sales-marketing-co/,https://textileconnect.com/directory/jms-sales-marketing-co/,,,manufacturer,Textile Connect: apparel-and-product-manufacturing,Contact for quote,Textile Connect,https://textileconnect.com/directory/
Jnj Cotton Co,Greenville,SC,https://textileconnect.com/directory/jnj-cotton-co/,https://textileconnect.com/directory/jnj-cotton-co/,https://textileconnect.com/directory/jnj-cotton-co/,,,manufacturer,Textile Connect: apparel-and-product-manufacturing,Contact for quote,Textile Connect,https://textileconnect.com/directory/
Jo-Ann Fabrics & Crafts,Chesterfield,SC,https://textileconnect.com/directory/jo-ann-fabrics-crafts/,https://textileconnect.com/directory/jo-ann-fabrics-crafts/,https://textileconnect.com/directory/jo-ann-fabrics-crafts/,,,manufacturer,Textile Connect: apparel-and-product-manufacturing,Contact for quote,Textile Connect,https://textileconnect.com/directory/
Joan Fabrics Corp,High Point,NC,https://textileconnect.com/directory/joan-fabrics-corp/,https://textileconnect.com/directory/joan-fabrics-corp/,https://textileconnect.com/directory/joan-fabrics-corp/,,,manufacturer,Textile Connect: apparel-and-product-manufacturing,Contact for quote,Textile Connect,https://textileconnect.com/directory/
Jobst Carolina,Rutherford Clg,NC,https://textileconnect.com/directory/jobst-carolina/,https://textileconnect.com/directory/jobst-carolina/,https://textileconnect.com/directory/jobst-carolina/,,,manufacturer,Textile Connect: apparel-and-product-manufacturing,Contact for quote,Textile Connect,https://textileconnect.com/directory/
Jocassee Designs,Duncan,SC,https://textileconnect.com/directory/jocassee-designs/,https://textileconnect.com/directory/jocassee-designs/,https://textileconnect.com/directory/jocassee-designs/,,,manufacturer,Textile Connect: apparel-and-product-manufacturing,Contact for quote,Textile Connect,https://textileconnect.com/directory/
Jocephus Originals,Burlington,NC,https://textileconnect.com/directory/jocephus-originals/,https://textileconnect.com/directory/jocephus-originals/,https://textileconnect.com/directory/jocephus-originals/,,,manufacturer,Textile Connect: apparel-and-product-manufacturing,Contact for quote,Textile Connect,https://textileconnect.com/directory/
Jockey International Inc,Cooleemee,NC,https://textileconnect.com/directory/jockey-international-inc/,https://textileconnect.com/directory/jockey-international-inc/,https://textileconnect.com/directory/jockey-international-inc/,,,manufacturer,Textile Connect: apparel-and-product-manufacturing,Contact for quote,Textile Connect,https://textileconnect.com/directory/
Jockey International Inc – Kenosha WI,Kenosha,WI,https://textileconnect.com/directory/jockey-international-inc-kenosha-wi/,https://textileconnect.com/directory/jockey-international-inc-kenosha-wi/,https://textileconnect.com/directory/jockey-international-inc-kenosha-wi/,,,manufacturer,Textile Connect: apparel-and-product-manufacturing,Contact for quote,Textile Connect,https://textileconnect.com/directory/
"Joe M. Almand, Inc.",Snellville,GA,https://textileconnect.com/directory/joe-m-almand-inc/,https://textileconnect.com/directory/joe-m-almand-inc/,https://textileconnect.com/directory/joe-m-almand-inc/,,,manufacturer,Textile Connect: apparel-and-product-manufacturing,Contact for quote,Textile Connect,https://textileconnect.com/directory/
John D Hollingsworth On Wheels,Greenville,SC,https://textileconnect.com/directory/john-d-hollingsworth-on-wheels/,https://textileconnect.com/directory/john-d-hollingsworth-on-wheels/,https://textileconnect.com/directory/john-d-hollingsworth-on-wheels/,,,manufacturer,Textile Connect: apparel-and-product-manufacturing,Contact for quote,Textile Connect,https://textileconnect.com/directory/
John E Fox Inc,Charlotte,NC,https://textileconnect.com/directory/john-e-fox-inc/,https://textileconnect.com/directory/john-e-fox-inc/,https://textileconnect.com/directory/john-e-fox-inc/,,,manufacturer,Textile Connect: apparel-and-product-manufacturing,Contact for quote,Textile Connect,https://textileconnect.com/directory/
John E Hinkle Inc,Monroe,NC,https://textileconnect.com/directory/john-e-hinkle-inc/,https://textileconnect.com/directory/john-e-hinkle-inc/,https://textileconnect.com/directory/john-e-hinkle-inc/,,,manufacturer,Textile Connect: apparel-and-product-manufacturing,Contact for quote,Textile Connect,https://textileconnect.com/directory/
John F. Allen – Pulver Importing,New York,NY,https://textileconnect.com/directory/john-f-allen-pulver-importing/,https://textileconnect.com/directory/john-f-allen-pulver-importing/,https://textileconnect.com/directory/john-f-allen-pulver-importing/,,,manufacturer,Textile Connect: apparel-and-product-manufacturing,Contact for quote,Textile Connect,https://textileconnect.com/directory/
"John Howard Company, Inc.",Chino,CA,https://textileconnect.com/directory/john-howard-company-inc/,https://textileconnect.com/directory/john-howard-company-inc/,https://textileconnect.com/directory/john-howard-company-inc/,,,manufacturer,Textile Connect: apparel-and-product-manufacturing,Contact for quote,Textile Connect,https://textileconnect.com/directory/
John J Ryan & Sons Inc,Greenville,SC,https://textileconnect.com/directory/john-j-ryan-sons-inc/,https://textileconnect.com/directory/john-j-ryan-sons-inc/,https://textileconnect.com/directory/john-j-ryan-sons-inc/,,,manufacturer,Textile Connect: apparel-and-product-manufacturing,Contact for quote,Textile Connect,https://textileconnect.com/directory/
Johnny’s Upholstery,Cheraw,SC,https://textileconnect.com/directory/johnnys-upholstery/,https://textileconnect.com/directory/johnnys-upholstery/,https://textileconnect.com/directory/johnnys-upholstery/,,,manufacturer,Textile Connect: apparel-and-product-manufacturing,Contact for quote,Textile Connect,https://textileconnect.com/directory/
Johnny’s Wholesale,Lexington,NC,https://textileconnect.com/directory/johnnys-wholesale/,https://textileconnect.com/directory/johnnys-wholesale/,https://textileconnect.com/directory/johnnys-wholesale/,,,manufacturer,Textile Connect: apparel-and-product-manufacturing,Contact for quote,Textile Connect,https://textileconnect.com/directory/
John Ritzenthaler Co.,West Conshohocken,PA,https://textileconnect.com/directory/john-ritzenthaler-co/,https://textileconnect.com/directory/john-ritzenthaler-co/,https://textileconnect.com/directory/john-ritzenthaler-co/,,,manufacturer,Textile Connect: apparel-and-product-manufacturing,Contact for quote,Textile Connect,https://textileconnect.com/directory/
Johns Manville,Spartanburg,SC,https://textileconnect.com/directory/johns-manville/,https://textileconnect.com/directory/johns-manville/,https://textileconnect.com/directory/johns-manville/,,,manufacturer,Textile Connect: apparel-and-product-manufacturing,Contact for quote,Textile Connect,https://textileconnect.com/directory/
"Johnson, Alsey B",Dunn,NC,https://textileconnect.com/directory/johnson-alsey-b/,https://textileconnect.com/directory/johnson-alsey-b/,https://textileconnect.com/directory/johnson-alsey-b/,,,manufacturer,Textile Connect: apparel-and-product-manufacturing,Contact for quote,Textile Connect,https://textileconnect.com/directory/
Johnson Alsey,Dunn,NC,https://textileconnect.com/directory/johnson-alsey/,https://textileconnect.com/directory/johnson-alsey/,https://textileconnect.com/directory/johnson-alsey/,,,manufacturer,Textile Connect: apparel-and-product-manufacturing,Contact for quote,Textile Connect,https://textileconnect.com/directory/
Johnson Hosiery Mills Inc,Hickory,NC,https://textileconnect.com/directory/johnson-hosiery-mills-inc/,https://textileconnect.com/directory/johnson-hosiery-mills-inc/,https://textileconnect.com/directory/johnson-hosiery-mills-inc/,,,manufacturer,Textile Connect: apparel-and-product-manufacturing,Contact for quote,Textile Connect,https://textileconnect.com/directory/
"K-Tex, LLC",Memphis,TN,https://textileconnect.com/directory/k-tex-llc/,https://textileconnect.com/directory/k-tex-llc/,https://textileconnect.com/directory/k-tex-llc/,,,manufacturer,Textile Connect: apparel-and-product-manufacturing,Contact for quote,Textile Connect,https://textileconnect.com/directory/
K-T Fabrics,High Point,NC,https://textileconnect.com/directory/k-t-fabrics/,https://textileconnect.com/directory/k-t-fabrics/,https://textileconnect.com/directory/k-t-fabrics/,,,manufacturer,Textile Connect: apparel-and-product-manufacturing,Contact for quote,Textile Connect,https://textileconnect.com/directory/
"K. Mattian, Inc.",Dallas,TX,https://textileconnect.com/directory/k-mattian-inc/,https://textileconnect.com/directory/k-mattian-inc/,https://textileconnect.com/directory/k-mattian-inc/,,,manufacturer,Textile Connect: apparel-and-product-manufacturing,Contact for quote,Textile Connect,https://textileconnect.com/directory/
K’Ville Accessories Inc,Heath Springs,SC,https://textileconnect.com/directory/kville-accessories-inc/,https://textileconnect.com/directory/kville-accessories-inc/,https://textileconnect.com/directory/kville-accessories-inc/,,,manufacturer,Textile Connect: apparel-and-product-manufacturing,Contact for quote,Textile Connect,https://textileconnect.com/directory/
K & C Clothing,Johnsonville,SC,https://textileconnect.com/directory/k-c-clothing/,https://textileconnect.com/directory/k-c-clothing/,https://textileconnect.com/directory/k-c-clothing/,,,manufacturer,Textile Connect: apparel-and-product-manufacturing,Contact for quote,Textile Connect,https://textileconnect.com/directory/
K & J Trading Inc,Charlotte,NC,https://textileconnect.com/directory/k-j-trading-inc/,https://textileconnect.com/directory/k-j-trading-inc/,https://textileconnect.com/directory/k-j-trading-inc/,,,manufacturer,Textile Connect: apparel-and-product-manufacturing,Contact for quote,Textile Connect,https://textileconnect.com/directory/
"K & W Webbing Co., Inc.",Central Falls,RI,https://textileconnect.com/directory/k-w-webbing-co-inc/,https://textileconnect.com/directory/k-w-webbing-co-inc/,https://textileconnect.com/directory/k-w-webbing-co-inc/,,,manufacturer,Textile Connect: apparel-and-product-manufacturing,Contact for quote,Textile Connect,https://textileconnect.com/directory/
K 5 Sewing Co,Spring Hope,NC,https://textileconnect.com/directory/k-5-sewing-co/,https://textileconnect.com/directory/k-5-sewing-co/,https://textileconnect.com/directory/k-5-sewing-co/,,,manufacturer,Textile Connect: apparel-and-product-manufacturing,Contact for quote,Textile Connect,https://textileconnect.com/directory/
Kachas,Sylva,NC,https://textileconnect.com/directory/kachas/,https://textileconnect.com/directory/kachas/,https://textileconnect.com/directory/kachas/,,,manufacturer,Textile Connect: apparel-and-product-manufacturing,Contact for quote,Textile Connect,https://textileconnect.com/directory/
"Kadri Health, LLC",Dayton,OH,https://textileconnect.com/directory/kadri-health-llc/,https://textileconnect.com/directory/kadri-health-llc/,https://textileconnect.com/directory/kadri-health-llc/,,,manufacturer,Textile Connect: apparel-and-product-manufacturing,Contact for quote,Textile Connect,https://textileconnect.com/directory/
Kagan Trim Center,Los Angeles,CA,https://textileconnect.com/directory/kagan-trim-center/,https://textileconnect.com/directory/kagan-trim-center/,https://textileconnect.com/directory/kagan-trim-center/,,,manufacturer,Textile Connect: apparel-and-product-manufacturing,Contact for quote,Textile Connect,https://textileconnect.com/directory/
Kajpac USA Ltd.,Charlotte,NC,https://textileconnect.com/directory/kajpac-usa-ltd/,https://textileconnect.com/directory/kajpac-usa-ltd/,https://textileconnect.com/directory/kajpac-usa-ltd/,,,manufacturer,Textile Connect: apparel-and-product-manufacturing,Contact for quote,Textile Connect,https://textileconnect.com/directory/
K AND D TEXTILES,NEWTON,NC,https://textileconnect.com/directory/k-and-d-textiles/,https://textileconnect.com/directory/k-and-d-textiles/,https://textileconnect.com/directory/k-and-d-textiles/,,,manufacturer,Textile Connect: apparel-and-product-manufacturing,Contact for quote,Textile Connect,https://textileconnect.com/directory/
Kane & Sells Studio,Newland,NC,https://textileconnect.com/directory/kane-sells-studio/,https://textileconnect.com/directory/kane-sells-studio/,https://textileconnect.com/directory/kane-sells-studio/,,,manufacturer,Textile Connect: apparel-and-product-manufacturing,Contact for quote,Textile Connect,https://textileconnect.com/directory/
Kaneka American Corp.,New York,NY,https://textileconnect.com/directory/kaneka-american-corp/,https://textileconnect.com/directory/kaneka-american-corp/,https://textileconnect.com/directory/kaneka-american-corp/,,,manufacturer,Textile Connect: apparel-and-product-manufacturing,Contact for quote,Textile Connect,https://textileconnect.com/directory/
Karastan,Greenville,NC,https://textileconnect.com/directory/karastan/,https://textileconnect.com/directory/karastan/,https://textileconnect.com/directory/karastan/,,,manufacturer,Textile Connect: apparel-and-product-manufacturing,Contact for quote,Textile Connect,https://textileconnect.com/directory/
Karl Mayer North America,Greensboro,NC,https://textileconnect.com/directory/karl-mayer-north-america/,https://textileconnect.com/directory/karl-mayer-north-america/,https://textileconnect.com/directory/karl-mayer-north-america/,,,manufacturer,Textile Connect: apparel-and-product-manufacturing,Contact for quote,Textile Connect,https://textileconnect.com/directory/
Karom Enterprises Inc.,Elkridge,MD,https://textileconnect.com/directory/karom-enterprises-inc/,https://textileconnect.com/directory/karom-enterprises-inc/,https://textileconnect.com/directory/karom-enterprises-inc/,,,manufacturer,Textile Connect: apparel-and-product-manufacturing,Contact for quote,Textile Connect,https://textileconnect.com/directory/
KasLen Textiles,Vernon,CA,https://textileconnect.com/directory/kaslen-textiles/,https://textileconnect.com/directory/kaslen-textiles/,https://textileconnect.com/directory/kaslen-textiles/,,,manufacturer,Textile Connect: apparel-and-product-manufacturing,Contact for quote,Textile Connect,https://textileconnect.com/directory/
Kasper,Mebane,NC,https://textileconnect.com/directory/kasper/,https://textileconnect.com/directory/kasper/,https://textileconnect.com/directory/kasper/,,,manufacturer,Textile Connect: apparel-and-product-manufacturing,Contact for quote,Textile Connect,https://textileconnect.com/directory/
Kaye Products Inc,Hillsborough,NC,https://textileconnect.com/directory/kaye-products-inc/,https://textileconnect.com/directory/kaye-products-inc/,https://textileconnect.com/directory/kaye-products-inc/,,,manufacturer,Textile Connect: apparel-and-product-manufacturing,Contact for quote,Textile Connect,https://textileconnect.com/directory/
Kayline Processing Inc,Trenton,NJ,https://textileconnect.com/directory/kayline-processing-inc/,https://textileconnect.com/directory/kayline-processing-inc/,https://textileconnect.com/directory/kayline-processing-inc/,,,manufacturer,Textile Connect: apparel-and-product-manufacturing,Contact for quote,Textile Connect,https://textileconnect.com/directory/
Kayser-Roth Corp – Asheboro,Asheboro,NC,https://textileconnect.com/directory/kayser-roth-corp-asheboro/,https://textileconnect.com/directory/kayser-roth-corp-asheboro/,https://textileconnect.com/directory/kayser-roth-corp-asheboro/,,,manufacturer,Textile Connect: apparel-and-product-manufacturing,Contact for quote,Textile Connect,https://textileconnect.com/directory/
Kayser-Roth Corp – Burlington,Burlington,NC,https://textileconnect.com/directory/kayser-roth-corp-burlington/,https://textileconnect.com/directory/kayser-roth-corp-burlington/,https://textileconnect.com/directory/kayser-roth-corp-burlington/,,,manufacturer,Textile Connect: apparel-and-product-manufacturing,Contact for quote,Textile Connect,https://textileconnect.com/directory/
Kayser-Roth Corp – Graham,Graham,NC,https://textileconnect.com/directory/kayser-roth-corp-graham/,https://textileconnect.com/directory/kayser-roth-corp-graham/,https://textileconnect.com/directory/kayser-roth-corp-graham/,,,manufacturer,Textile Connect: apparel-and-product-manufacturing,Contact for quote,Textile Connect,https://textileconnect.com/directory/
Kayser-Roth Corp – Greensboro,Greensboro,NC,https://textileconnect.com/directory/kayser-roth-corp-greensboro/,https://textileconnect.com/directory/kayser-roth-corp-greensboro/,https://textileconnect.com/directory/kayser-roth-corp-greensboro/,,,manufacturer,Textile Connect: apparel-and-product-manufacturing,Contact for quote,Textile Connect,https://textileconnect.com/directory/
KC Tex Inc.,Charlotte,NC,https://textileconnect.com/directory/kc-tex-inc/,https://textileconnect.com/directory/kc-tex-inc/,https://textileconnect.com/directory/kc-tex-inc/,,,manufacturer,Textile Connect: apparel-and-product-manufacturing,Contact for quote,Textile Connect,https://textileconnect.com/directory/
Kee Auto Top Mfg Co,Charlotte,NC,https://textileconnect.com/directory/kee-auto-top-mfg-co/,https://textileconnect.com/directory/kee-auto-top-mfg-co/,https://textileconnect.com/directory/kee-auto-top-mfg-co/,,,manufacturer,Textile Connect: apparel-and-product-manufacturing,Contact for quote,Textile Connect,https://textileconnect.com/directory/
Keeper Corp,Willimantic,CT,https://textileconnect.com/directory/keeper-corp/,https://textileconnect.com/directory/keeper-corp/,https://textileconnect.com/directory/keeper-corp/,,,manufacturer,Textile Connect: apparel-and-product-manufacturing,Contact for quote,Textile Connect,https://textileconnect.com/directory/
Keiffer’s Hosiery,Hickory,NC,https://textileconnect.com/directory/keiffers-hosiery/,https://textileconnect.com/directory/keiffers-hosiery/,https://textileconnect.com/directory/keiffers-hosiery/,,,manufacturer,Textile Connect: apparel-and-product-manufacturing,Contact for quote,Textile Connect,https://textileconnect.com/directory/
Keir Manufacturing Inc,Brevard,NC,https://textileconnect.com/directory/keir-manufacturing-inc/,https://textileconnect.com/directory/keir-manufacturing-inc/,https://textileconnect.com/directory/keir-manufacturing-inc/,,,manufacturer,Textile Connect: apparel-and-product-manufacturing,Contact for quote,Textile Connect,https://textileconnect.com/directory/
Kellett Enterprises Inc,Greenville,SC,https://textileconnect.com/directory/kellett-enterprises-inc/,https://textileconnect.com/directory/kellett-enterprises-inc/,https://textileconnect.com/directory/kellett-enterprises-inc/,,,manufacturer,Textile Connect: apparel-and-product-manufacturing,Contact for quote,Textile Connect,https://textileconnect.com/directory/
Kelly Hosiery Mill,Hickory,NC,https://textileconnect.com/directory/kelly-hosiery-mill/,https://textileconnect.com/directory/kelly-hosiery-mill/,https://textileconnect.com/directory/kelly-hosiery-mill/,,,manufacturer,Textile Connect: apparel-and-product-manufacturing,Contact for quote,Textile Connect,https://textileconnect.com/directory/
Kelly Tires,Fayetteville,NC,https://textileconnect.com/directory/kelly-tires/,https://textileconnect.com/directory/kelly-tires/,https://textileconnect.com/directory/kelly-tires/,,,manufacturer,Textile Connect: apparel-and-product-manufacturing,Contact for quote,Textile Connect,https://textileconnect.com/directory/
Kem-Wove Inc,Charlotte,NC,https://textileconnect.com/directory/kem-wove-inc/,https://textileconnect.com/directory/kem-wove-inc/,https://textileconnect.com/directory/kem-wove-inc/,,,manufacturer,Textile Connect: apparel-and-product-manufacturing,Contact for quote,Textile Connect,https://textileconnect.com/directory/
Kemco Inc,Dallas,TX,https://textileconnect.com/directory/kemco-inc/,https://textileconnect.com/directory/kemco-inc/,https://textileconnect.com/directory/kemco-inc/,,,manufacturer,Textile Connect: apparel-and-product-manufacturing,Contact for quote,Textile Connect,https://textileconnect.com/directory/
"KemperStrategy, Inc.",Asheville,NC,https://textileconnect.com/directory/kemperstrategy-inc/,https://textileconnect.com/directory/kemperstrategy-inc/,https://textileconnect.com/directory/kemperstrategy-inc/,,,manufacturer,Textile Connect: apparel-and-product-manufacturing,Contact for quote,Textile Connect,https://textileconnect.com/directory/
Kenda Knits,Clover,SC,https://textileconnect.com/directory/kenda-knits/,https://textileconnect.com/directory/kenda-knits/,https://textileconnect.com/directory/kenda-knits/,,,manufacturer,Textile Connect: apparel-and-product-manufacturing,Contact for quote,Textile Connect,https://textileconnect.com/directory/
Kendall Healthcare Products Co,Greenwood,SC,https://textileconnect.com/directory/kendall-healthcare-products-co/,https://textileconnect.com/directory/kendall-healthcare-products-co/,https://textileconnect.com/directory/kendall-healthcare-products-co/,,,manufacturer,Textile Connect: apparel-and-product-manufacturing,Contact for quote,Textile Connect,https://textileconnect.com/directory/
Kenseal Construction Products,Charlotte,NC,https://textileconnect.com/directory/kenseal-construction-products/,https://textileconnect.com/directory/kenseal-construction-products/,https://textileconnect.com/directory/kenseal-construction-products/,,,manufacturer,Textile Connect: apparel-and-product-manufacturing,Contact for quote,Textile Connect,https://textileconnect.com/directory/
KENS Flags,Mooresville,NC,https://textileconnect.com/directory/kens-flags/,https://textileconnect.com/directory/kens-flags/,https://textileconnect.com/directory/kens-flags/,,,manufacturer,Textile Connect: apparel-and-product-manufacturing,Contact for quote,Textile Connect,https://textileconnect.com/directory/
Ken Smith Yarn Co,Burlington,NC,https://textileconnect.com/directory/ken-smith-yarn-co/,https://textileconnect.com/directory/ken-smith-yarn-co/,https://textileconnect.com/directory/ken-smith-yarn-co/,,,manufacturer,Textile Connect: apparel-and-product-manufacturing,Contact for quote,Textile Connect,https://textileconnect.com/directory/
"Kentex, S. DE R.L.",,,https://textileconnect.com/directory/kentex-s-de-r-l/,https://textileconnect.com/directory/kentex-s-de-r-l/,https://textileconnect.com/directory/kentex-s-de-r-l/,,,manufacturer,Textile Connect: apparel-and-product-manufacturing,Contact for quote,Textile Connect,https://textileconnect.com/directory/
Kent Manufacturing Co,Grand Rapids,MI,https://textileconnect.com/directory/kent-manufacturing-co/,https://textileconnect.com/directory/kent-manufacturing-co/,https://textileconnect.com/directory/kent-manufacturing-co/,,,manufacturer,Textile Connect: apparel-and-product-manufacturing,Contact for quote,Textile Connect,https://textileconnect.com/directory/
Kentucky Derby Hosiery Co – Hickory,Hickory,NC,https://textileconnect.com/directory/kentucky-derby-hosiery-co-hickory/,https://textileconnect.com/directory/kentucky-derby-hosiery-co-hickory/,https://textileconnect.com/directory/kentucky-derby-hosiery-co-hickory/,,,manufacturer,Textile Connect: apparel-and-product-manufacturing,Contact for quote,Textile Connect,https://textileconnect.com/directory/
Kentucky Derby Hosiery Co – Mt Airy,Mt Airy,NC,https://textileconnect.com/directory/kentucky-derby-hosiery-co-mt-airy/,https://textileconnect.com/directory/kentucky-derby-hosiery-co-mt-airy/,https://textileconnect.com/directory/kentucky-derby-hosiery-co-mt-airy/,,,manufacturer,Textile Connect: apparel-and-product-manufacturing,Contact for quote,Textile Connect,https://textileconnect.com/directory/
Kentwool Performance Apparel,Greenville,SC,https://textileconnect.com/directory/kentwool-performance-apparel/,https://textileconnect.com/directory/kentwool-performance-apparel/,https://textileconnect.com/directory/kentwool-performance-apparel/,,,manufacturer,Textile Connect: apparel-and-product-manufacturing,Contact for quote,Textile Connect,https://textileconnect.com/directory/
Kentwool Yarn – Development & Manufacturing Center,Pickens,SC,https://textileconnect.com/directory/kentwool-yarn-development-manufacturing-center/,https://textileconnect.com/directory/kentwool-yarn-development-manufacturing-center/,https://textileconnect.com/directory/kentwool-yarn-development-manufacturing-center/,,,manufacturer,Textile Connect: apparel-and-product-manufacturing,Contact for quote,Textile Connect,https://textileconnect.com/directory/
"L.A. Najarian, Inc.",Greene,NY,https://textileconnect.com/directory/l-a-najarian-inc/,https://textileconnect.com/directory/l-a-najarian-inc/,https://textileconnect.com/directory/l-a-najarian-inc/,,,manufacturer,Textile Connect: apparel-and-product-manufacturing,Contact for quote,Textile Connect,https://textileconnect.com/directory/
"L.F.C. Yarn, Inc.","Montreal, QC",,https://textileconnect.com/directory/l-f-c-yarn-inc/,https://textileconnect.com/directory/l-f-c-yarn-inc/,https://textileconnect.com/directory/l-f-c-yarn-inc/,,,manufacturer,Textile Connect: apparel-and-product-manufacturing,Contact for quote,Textile Connect,https://textileconnect.com/directory/
L’Eggs Hanes Bali Outlet (Asheville),Asheville,NC,https://textileconnect.com/directory/leggs-hanes-bali-outlet-asheville/,https://textileconnect.com/directory/leggs-hanes-bali-outlet-asheville/,https://textileconnect.com/directory/leggs-hanes-bali-outlet-asheville/,,,manufacturer,Textile Connect: apparel-and-product-manufacturing,Contact for quote,Textile Connect,https://textileconnect.com/directory/
L’Eggs Hanes Bali Outlet (Smithfield),Smithfield,NC,https://textileconnect.com/directory/leggs-hanes-bali-outlet-smithfield/,https://textileconnect.com/directory/leggs-hanes-bali-outlet-smithfield/,https://textileconnect.com/directory/leggs-hanes-bali-outlet-smithfield/,,,manufacturer,Textile Connect: apparel-and-product-manufacturing,Contact for quote,Textile Connect,https://textileconnect.com/directory/
L’Eggs Hanes Balli Playtex (Concord),Concord,NC,https://textileconnect.com/directory/leggs-hanes-balli-playtex-concord/,https://textileconnect.com/directory/leggs-hanes-balli-playtex-concord/,https://textileconnect.com/directory/leggs-hanes-balli-playtex-concord/,,,manufacturer,Textile Connect: apparel-and-product-manufacturing,Contact for quote,Textile Connect,https://textileconnect.com/directory/
L & M Geo-Fabrics,Marcus Hook,PA,https://textileconnect.com/directory/l-m-geo-fabrics/,https://textileconnect.com/directory/l-m-geo-fabrics/,https://textileconnect.com/directory/l-m-geo-fabrics/,,,manufacturer,Textile Connect: apparel-and-product-manufacturing,Contact for quote,Textile Connect,https://textileconnect.com/directory/
Label Express,Taylors,SC,https://textileconnect.com/directory/label-express/,https://textileconnect.com/directory/label-express/,https://textileconnect.com/directory/label-express/,,,manufacturer,Textile Connect: apparel-and-product-manufacturing,Contact for quote,Textile Connect,https://textileconnect.com/directory/
Label Service Inc,Charlotte,NC,https://textileconnect.com/directory/label-service-inc/,https://textileconnect.com/directory/label-service-inc/,https://textileconnect.com/directory/label-service-inc/,,,manufacturer,Textile Connect: apparel-and-product-manufacturing,Contact for quote,Textile Connect,https://textileconnect.com/directory/
Labeltex Inc,Charlotte,NC,https://textileconnect.com/directory/labeltex-inc/,https://textileconnect.com/directory/labeltex-inc/,https://textileconnect.com/directory/labeltex-inc/,,,manufacturer,Textile Connect: apparel-and-product-manufacturing,Contact for quote,Textile Connect,https://textileconnect.com/directory/
Lacefield Designs,Atlanta,GA,https://textileconnect.com/directory/lacefield-designs/,https://textileconnect.com/directory/lacefield-designs/,https://textileconnect.com/directory/lacefield-designs/,,,manufacturer,Textile Connect: apparel-and-product-manufacturing,Contact for quote,Textile Connect,https://textileconnect.com/directory/
Lace Lastics Co Inc,Oxford,NC,https://textileconnect.com/directory/lace-lastics-co-inc/,https://textileconnect.com/directory/lace-lastics-co-inc/,https://textileconnect.com/directory/lace-lastics-co-inc/,,,manufacturer,Textile Connect: apparel-and-product-manufacturing,Contact for quote,Textile Connect,https://textileconnect.com/directory/
LACorp,Lebanon,VA,https://textileconnect.com/directory/lacorp/,https://textileconnect.com/directory/lacorp/,https://textileconnect.com/directory/lacorp/,,,manufacturer,Textile Connect: apparel-and-product-manufacturing,Contact for quote,Textile Connect,https://textileconnect.com/directory/
Ladies Hosiery America,Asheboro,NC,https://textileconnect.com/directory/ladies-hosiery-america/,https://textileconnect.com/directory/ladies-hosiery-america/,https://textileconnect.com/directory/ladies-hosiery-america/,,,manufacturer,Textile Connect: apparel-and-product-manufacturing,Contact for quote,Textile Connect,https://textileconnect.com/directory/
Lafayette Textile Industries LLC,Vernon,CA,https://textileconnect.com/directory/lafayette-textile-industries-llc/,https://textileconnect.com/directory/lafayette-textile-industries-llc/,https://textileconnect.com/directory/lafayette-textile-industries-llc/,,,manufacturer,Textile Connect: apparel-and-product-manufacturing,Contact for quote,Textile Connect,https://textileconnect.com/directory/
LA France Industries: Mount Vernon Mills,Pendleton,SC,https://textileconnect.com/directory/la-france-industries-mount-vernon-mills/,https://textileconnect.com/directory/la-france-industries-mount-vernon-mills/,https://textileconnect.com/directory/la-france-industries-mount-vernon-mills/,,,manufacturer,Textile Connect: apparel-and-product-manufacturing,Contact for quote,Textile Connect,https://textileconnect.com/directory/
LA Fred’s Fabrics Inc.,Los Angeles,CA,https://textileconnect.com/directory/la-freds-fabrics-inc/,https://textileconnect.com/directory/la-freds-fabrics-inc/,https://textileconnect.com/directory/la-freds-fabrics-inc/,,,manufacturer,Textile Connect: apparel-and-product-manufacturing,Contact for quote,Textile Connect,https://textileconnect.com/directory/
Laguna Fabrics,Los Angeles,CA,https://textileconnect.com/directory/laguna-fabrics/,https://textileconnect.com/directory/laguna-fabrics/,https://textileconnect.com/directory/laguna-fabrics/,,,manufacturer,Textile Connect: apparel-and-product-manufacturing,Contact for quote,Textile Connect,https://textileconnect.com/directory/
Lake Enterprises,Chapin,SC,https://textileconnect.com/directory/lake-enterprises/,https://textileconnect.com/directory/lake-enterprises/,https://textileconnect.com/directory/lake-enterprises/,,,manufacturer,Textile Connect: apparel-and-product-manufacturing,Contact for quote,Textile Connect,https://textileconnect.com/directory/
Lake Hickory Hosiery,Hickory,NC,https://textileconnect.com/directory/lake-hickory-hosiery/,https://textileconnect.com/directory/lake-hickory-hosiery/,https://textileconnect.com/directory/lake-hickory-hosiery/,,,manufacturer,Textile Connect: apparel-and-product-manufacturing,Contact for quote,Textile Connect,https://textileconnect.com/directory/
Lake Murray Floor Covering,Irmo,SC,https://textileconnect.com/directory/lake-murray-floor-covering/,https://textileconnect.com/directory/lake-murray-floor-covering/,https://textileconnect.com/directory/lake-murray-floor-covering/,,,manufacturer,Textile Connect: apparel-and-product-manufacturing,Contact for quote,Textile Connect,https://textileconnect.com/directory/
Lake Norman Embroidery,Cornelius,NC,https://textileconnect.com/directory/lake-norman-embroidery/,https://textileconnect.com/directory/lake-norman-embroidery/,https://textileconnect.com/directory/lake-norman-embroidery/,,,manufacturer,Textile Connect: apparel-and-product-manufacturing,Contact for quote,Textile Connect,https://textileconnect.com/directory/
Lake Norman Flag Shoppe,Mooresville,NC,https://textileconnect.com/directory/lake-norman-flag-shoppe/,https://textileconnect.com/directory/lake-norman-flag-shoppe/,https://textileconnect.com/directory/lake-norman-flag-shoppe/,,,manufacturer,Textile Connect: apparel-and-product-manufacturing,Contact for quote,Textile Connect,https://textileconnect.com/directory/
Lakeside Dyeing & Finishing,Burlington,NC,https://textileconnect.com/directory/lakeside-dyeing-finishing/,https://textileconnect.com/directory/lakeside-dyeing-finishing/,https://textileconnect.com/directory/lakeside-dyeing-finishing/,,,manufacturer,Textile Connect: apparel-and-product-manufacturing,Contact for quote,Textile Connect,https://textileconnect.com/directory/
La Lame Inc.,New York,NY,https://textileconnect.com/directory/la-lame-inc/,https://textileconnect.com/directory/la-lame-inc/,https://textileconnect.com/directory/la-lame-inc/,,,manufacturer,Textile Connect: apparel-and-product-manufacturing,Contact for quote,Textile Connect,https://textileconnect.com/directory/
LA Marsha Co Inc,West Columbia,SC,https://textileconnect.com/directory/la-marsha-co-inc/,https://textileconnect.com/directory/la-marsha-co-inc/,https://textileconnect.com/directory/la-marsha-co-inc/,,,manufacturer,Textile Connect: apparel-and-product-manufacturing,Contact for quote,Textile Connect,https://textileconnect.com/directory/
Lamb Rugs,Taylors,SC,https://textileconnect.com/directory/lamb-rugs/,https://textileconnect.com/directory/lamb-rugs/,https://textileconnect.com/directory/lamb-rugs/,,,manufacturer,Textile Connect: apparel-and-product-manufacturing,Contact for quote,Textile Connect,https://textileconnect.com/directory/
Lan-Tex Inc,Statesville,NC,https://textileconnect.com/directory/lan-tex-inc/,https://textileconnect.com/directory/lan-tex-inc/,https://textileconnect.com/directory/lan-tex-inc/,,,manufacturer,Textile Connect: apparel-and-product-manufacturing,Contact for quote,Textile Connect,https://textileconnect.com/directory/
"Lanart International, Inc.",Huntersville,NC,https://textileconnect.com/directory/lanart-international-inc/,https://textileconnect.com/directory/lanart-international-inc/,https://textileconnect.com/directory/lanart-international-inc/,,,manufacturer,Textile Connect: apparel-and-product-manufacturing,Contact for quote,Textile Connect,https://textileconnect.com/directory/
Lancer Textiles Inc. – PA,Jenkintown,PA,https://textileconnect.com/directory/lancer-textiles-inc-pa/,https://textileconnect.com/directory/lancer-textiles-inc-pa/,https://textileconnect.com/directory/lancer-textiles-inc-pa/,,,manufacturer,Textile Connect: apparel-and-product-manufacturing,Contact for quote,Textile Connect,https://textileconnect.com/directory/
Lancer Textiles Inc. – SC,Spartanburg,SC,https://textileconnect.com/directory/lancer-textiles-inc-sc/,https://textileconnect.com/directory/lancer-textiles-inc-sc/,https://textileconnect.com/directory/lancer-textiles-inc-sc/,,,manufacturer,Textile Connect: apparel-and-product-manufacturing,Contact for quote,Textile Connect,https://textileconnect.com/directory/
Landerwood Corp,Charlotte,NC,https://textileconnect.com/directory/landerwood-corp/,https://textileconnect.com/directory/landerwood-corp/,https://textileconnect.com/directory/landerwood-corp/,,,manufacturer,Textile Connect: apparel-and-product-manufacturing,Contact for quote,Textile Connect,https://textileconnect.com/directory/
Landform Construction Inc,Mount Airy,NC,https://textileconnect.com/directory/landform-construction-inc/,https://textileconnect.com/directory/landform-construction-inc/,https://textileconnect.com/directory/landform-construction-inc/,,,manufacturer,Textile Connect: apparel-and-product-manufacturing,Contact for quote,Textile Connect,https://textileconnect.com/directory/
Landon Furniture Inc,Sophia,NC,https://textileconnect.com/directory/landon-furniture-inc/,https://textileconnect.com/directory/landon-furniture-inc/,https://textileconnect.com/directory/landon-furniture-inc/,,,manufacturer,Textile Connect: apparel-and-product-manufacturing,Contact for quote,Textile Connect,https://textileconnect.com/directory/
Lane-Tex,Blythewood,SC,https://textileconnect.com/directory/lane-tex/,https://textileconnect.com/directory/lane-tex/,https://textileconnect.com/directory/lane-tex/,,,manufacturer,Textile Connect: apparel-and-product-manufacturing,Contact for quote,Textile Connect,https://textileconnect.com/directory/
Lane’s Pillows Retail & Wholesale,Greenville,SC,https://textileconnect.com/directory/lanes-pillows-retail-wholesale/,https://textileconnect.com/directory/lanes-pillows-retail-wholesale/,https://textileconnect.com/directory/lanes-pillows-retail-wholesale/,,,manufacturer,Textile Connect: apparel-and-product-manufacturing,Contact for quote,Textile Connect,https://textileconnect.com/directory/
Lane Manufacturing,Lane,SC,https://textileconnect.com/directory/lane-manufacturing/,https://textileconnect.com/directory/lane-manufacturing/,https://textileconnect.com/directory/lane-manufacturing/,,,manufacturer,Textile Connect: apparel-and-product-manufacturing,Contact for quote,Textile Connect,https://textileconnect.com/directory/
LANETEX INC,High Point,NC,https://textileconnect.com/directory/lanetex-inc/,https://textileconnect.com/directory/lanetex-inc/,https://textileconnect.com/directory/lanetex-inc/,,,manufacturer,Textile Connect: apparel-and-product-manufacturing,Contact for quote,Textile Connect,https://textileconnect.com/directory/
Lang Ligon & Co,Greenville,SC,https://textileconnect.com/directory/lang-ligon-co/,https://textileconnect.com/directory/lang-ligon-co/,https://textileconnect.com/directory/lang-ligon-co/,,,manufacturer,Textile Connect: apparel-and-product-manufacturing,Contact for quote,Textile Connect,https://textileconnect.com/directory/
Lantal Textiles Inc,Rural Hall,NC,https://textileconnect.com/directory/lantal-textiles-inc/,https://textileconnect.com/directory/lantal-textiles-inc/,https://textileconnect.com/directory/lantal-textiles-inc/,,,manufacturer,Textile Connect: apparel-and-product-manufacturing,Contact for quote,Textile Connect,https://textileconnect.com/directory/
Lan Tex,Greenville,SC,https://textileconnect.com/directory/lan-tex/,https://textileconnect.com/directory/lan-tex/,https://textileconnect.com/directory/lan-tex/,,,manufacturer,Textile Connect: apparel-and-product-manufacturing,Contact for quote,Textile Connect,https://textileconnect.com/directory/
Lanxess Corp,Wellford,SC,https://textileconnect.com/directory/lanxess-corp/,https://textileconnect.com/directory/lanxess-corp/,https://textileconnect.com/directory/lanxess-corp/,,,manufacturer,Textile Connect: apparel-and-product-manufacturing,Contact for quote,Textile Connect,https://textileconnect.com/directory/
Larry Dennis Co.,Fort Worth,TX,https://textileconnect.com/directory/larry-dennis-co/,https://textileconnect.com/directory/larry-dennis-co/,https://textileconnect.com/directory/larry-dennis-co/,,,manufacturer,Textile Connect: apparel-and-product-manufacturing,Contact for quote,Textile Connect,https://textileconnect.com/directory/
Larry Grant & Co.,Lincolnton,NC,https://textileconnect.com/directory/larry-grant-co/,https://textileconnect.com/directory/larry-grant-co/,https://textileconnect.com/directory/larry-grant-co/,,,manufacturer,Textile Connect: apparel-and-product-manufacturing,Contact for quote,Textile Connect,https://textileconnect.com/directory/
Larry M Henson & Co,Charlotte,NC,https://textileconnect.com/directory/larry-m-henson-co/,https://textileconnect.com/directory/larry-m-henson-co/,https://textileconnect.com/directory/larry-m-henson-co/,,,manufacturer,Textile Connect: apparel-and-product-manufacturing,Contact for quote,Textile Connect,https://textileconnect.com/directory/
Larsen’s Award Ribbons Mfg,Cary,NC,https://textileconnect.com/directory/larsens-award-ribbons-mfg/,https://textileconnect.com/directory/larsens-award-ribbons-mfg/,https://textileconnect.com/directory/larsens-award-ribbons-mfg/,,,manufacturer,Textile Connect: apparel-and-product-manufacturing,Contact for quote,Textile Connect,https://textileconnect.com/directory/
L A Sports Club Inc,Anderson,SC,https://textileconnect.com/directory/l-a-sports-club-inc/,https://textileconnect.com/directory/l-a-sports-club-inc/,https://textileconnect.com/directory/l-a-sports-club-inc/,,,manufacturer,Textile Connect: apparel-and-product-manufacturing,Contact for quote,Textile Connect,https://textileconnect.com/directory/
Latasa Limited Of Thomasville,Thomasville,NC,https://textileconnect.com/directory/latasa-limited-of-thomasville/,https://textileconnect.com/directory/latasa-limited-of-thomasville/,https://textileconnect.com/directory/latasa-limited-of-thomasville/,,,manufacturer,Textile Connect: apparel-and-product-manufacturing,Contact for quote,Textile Connect,https://textileconnect.com/directory/
Latimer Alexander LLC,High Point,NC,https://textileconnect.com/directory/latimer-alexander-llc/,https://textileconnect.com/directory/latimer-alexander-llc/,https://textileconnect.com/directory/latimer-alexander-llc/,,,manufacturer,Textile Connect: apparel-and-product-manufacturing,Contact for quote,Textile Connect,https://textileconnect.com/directory/
Laura & Kiran,Berkeley,CA,https://textileconnect.com/directory/laura-kiran/,https://textileconnect.com/directory/laura-kiran/,https://textileconnect.com/directory/laura-kiran/,,,manufacturer,Textile Connect: apparel-and-product-manufacturing,Contact for quote,Textile Connect,https://textileconnect.com/directory/
Laurel Trading,Pelzer,SC,https://textileconnect.com/directory/laurel-trading/,https://textileconnect.com/directory/laurel-trading/,https://textileconnect.com/directory/laurel-trading/,,,manufacturer,Textile Connect: apparel-and-product-manufacturing,Contact for quote,Textile Connect,https://textileconnect.com/directory/
Lauscha Fibron Intl,Summerville,SC,https://textileconnect.com/directory/lauscha-fibron-intl/,https://textileconnect.com/directory/lauscha-fibron-intl/,https://textileconnect.com/directory/lauscha-fibron-intl/,,,manufacturer,Textile Connect: apparel-and-product-manufacturing,Contact for quote,Textile Connect,https://textileconnect.com/directory/
L C Welch Sewing,Thomasville,NC,https://textileconnect.com/directory/l-c-welch-sewing/,https://textileconnect.com/directory/l-c-welch-sewing/,https://textileconnect.com/directory/l-c-welch-sewing/,,,manufacturer,Textile Connect: apparel-and-product-manufacturing,Contact for quote,Textile Connect,https://textileconnect.com/directory/
"Lea & Sachs, Inc.",Des Plaines,IL,https://textileconnect.com/directory/lea-sachs-inc/,https://textileconnect.com/directory/lea-sachs-inc/,https://textileconnect.com/directory/lea-sachs-inc/,,,manufacturer,Textile Connect: apparel-and-product-manufacturing,Contact for quote,Textile Connect,https://textileconnect.com/directory/
Leader Thread Corp.,New York,NY,https://textileconnect.com/directory/leader-thread-corp/,https://textileconnect.com/directory/leader-thread-corp/,https://textileconnect.com/directory/leader-thread-corp/,,,manufacturer,Textile Connect: apparel-and-product-manufacturing,Contact for quote,Textile Connect,https://textileconnect.com/directory/
Leading Edge Products Inc.,San Diego,CA,https://textileconnect.com/directory/leading-edge-products-inc/,https://textileconnect.com/directory/leading-edge-products-inc/,https://textileconnect.com/directory/leading-edge-products-inc/,,,manufacturer,Textile Connect: apparel-and-product-manufacturing,Contact for quote,Textile Connect,https://textileconnect.com/directory/
"Leather, Suede, Skins Inc.",New York,NY,https://textileconnect.com/directory/leather-suede-skins-inc/,https://textileconnect.com/directory/leather-suede-skins-inc/,https://textileconnect.com/directory/leather-suede-skins-inc/,,,manufacturer,Textile Connect: apparel-and-product-manufacturing,Contact for quote,Textile Connect,https://textileconnect.com/directory/
Leather Collection,Hickory,NC,https://textileconnect.com/directory/leather-collection/,https://textileconnect.com/directory/leather-collection/,https://textileconnect.com/directory/leather-collection/,,,manufacturer,Textile Connect: apparel-and-product-manufacturing,Contact for quote,Textile Connect,https://textileconnect.com/directory/
Leather Italia USA,Leland,NC,https://textileconnect.com/directory/leather-italia-usa/,https://textileconnect.com/directory/leather-italia-usa/,https://textileconnect.com/directory/leather-italia-usa/,,,manufacturer,Textile Connect: apparel-and-product-manufacturing,Contact for quote,Textile Connect,https://textileconnect.com/directory/
Leather Resource,Greensboro,NC,https://textileconnect.com/directory/leather-resource/,https://textileconnect.com/directory/leather-resource/,https://textileconnect.com/directory/leather-resource/,,,manufacturer,Textile Connect: apparel-and-product-manufacturing,Contact for quote,Textile Connect,https://textileconnect.com/directory/
Leatherworks,Miami,FL,https://textileconnect.com/directory/leatherworks/,https://textileconnect.com/directory/leatherworks/,https://textileconnect.com/directory/leatherworks/,,,manufacturer,Textile Connect: apparel-and-product-manufacturing,Contact for quote,Textile Connect,https://textileconnect.com/directory/
Lebo’s Inc,Charlotte,NC,https://textileconnect.com/directory/lebos-inc/,https://textileconnect.com/directory/lebos-inc/,https://textileconnect.com/directory/lebos-inc/,,,manufacturer,Textile Connect: apparel-and-product-manufacturing,Contact for quote,Textile Connect,https://textileconnect.com/directory/
Lecreuset Of America,Early Branch,SC,https://textileconnect.com/directory/lecreuset-of-america/,https://textileconnect.com/directory/lecreuset-of-america/,https://textileconnect.com/directory/lecreuset-of-america/,,,manufacturer,Textile Connect: apparel-and-product-manufacturing,Contact for quote,Textile Connect,https://textileconnect.com/directory/
Lee Apparel Co,Winston Salem,NC,https://textileconnect.com/directory/lee-apparel-co/,https://textileconnect.com/directory/lee-apparel-co/,https://textileconnect.com/directory/lee-apparel-co/,,,manufacturer,Textile Connect: apparel-and-product-manufacturing,Contact for quote,Textile Connect,https://textileconnect.com/directory/
Lee Fabrics Inc,Sanford,NC,https://textileconnect.com/directory/lee-fabrics-inc/,https://textileconnect.com/directory/lee-fabrics-inc/,https://textileconnect.com/directory/lee-fabrics-inc/,,,manufacturer,Textile Connect: apparel-and-product-manufacturing,Contact for quote,Textile Connect,https://textileconnect.com/directory/
Lees Carpets,Chantilly,VA,https://textileconnect.com/directory/lees-carpets/,https://textileconnect.com/directory/lees-carpets/,https://textileconnect.com/directory/lees-carpets/,,,manufacturer,Textile Connect: apparel-and-product-manufacturing,Contact for quote,Textile Connect,https://textileconnect.com/directory/
Leg Resource Inc,Concord,NC,https://textileconnect.com/directory/leg-resource-inc/,https://textileconnect.com/directory/leg-resource-inc/,https://textileconnect.com/directory/leg-resource-inc/,,,manufacturer,Textile Connect: apparel-and-product-manufacturing,Contact for quote,Textile Connect,https://textileconnect.com/directory/
"Lehigh Group, The",Macungie,PA,https://textileconnect.com/directory/lehigh-group-the/,https://textileconnect.com/directory/lehigh-group-the/,https://textileconnect.com/directory/lehigh-group-the/,,,manufacturer,Textile Connect: apparel-and-product-manufacturing,Contact for quote,Textile Connect,https://textileconnect.com/directory/
Leigh Ashley Enterprises Inc,Greensboro,NC,https://textileconnect.com/directory/leigh-ashley-enterprises-inc/,https://textileconnect.com/directory/leigh-ashley-enterprises-inc/,https://textileconnect.com/directory/leigh-ashley-enterprises-inc/,,,manufacturer,Textile Connect: apparel-and-product-manufacturing,Contact for quote,Textile Connect,https://textileconnect.com/directory/
"Leigh Fibers, Inc. MA",Rockland,MA,https://textileconnect.com/directory/leigh-fibers-inc-ma/,https://textileconnect.com/directory/leigh-fibers-inc-ma/,https://textileconnect.com/directory/leigh-fibers-inc-ma/,,,manufacturer,Textile Connect: apparel-and-product-manufacturing,Contact for quote,Textile Connect,https://textileconnect.com/directory/
Leigh Fibers Inc – SC,"Wellford, SC",SC,https://textileconnect.com/directory/leigh-fibers-inc-sc/,https://textileconnect.com/directory/leigh-fibers-inc-sc/,https://textileconnect.com/directory/leigh-fibers-inc-sc/,,,manufacturer,Textile Connect: apparel-and-product-manufacturing,Contact for quote,Textile Connect,https://textileconnect.com/directory/
Leisure Time,Staley,NC,https://textileconnect.com/directory/leisure-time/,https://textileconnect.com/directory/leisure-time/,https://textileconnect.com/directory/leisure-time/,,,manufacturer,Textile Connect: apparel-and-product-manufacturing,Contact for quote,Textile Connect,https://textileconnect.com/directory/
Leisure Upholstery & Drapery,High Point,NC,https://textileconnect.com/directory/leisure-upholstery-drapery/,https://textileconnect.com/directory/leisure-upholstery-drapery/,https://textileconnect.com/directory/leisure-upholstery-drapery/,,,manufacturer,Textile Connect: apparel-and-product-manufacturing,Contact for quote,Textile Connect,https://textileconnect.com/directory/
Leiterman Felt & Nonwovens Textiles,Woodland Hills,CA,https://textileconnect.com/directory/leiterman-felt-nonwovens-textiles/,https://textileconnect.com/directory/leiterman-felt-nonwovens-textiles/,https://textileconnect.com/directory/leiterman-felt-nonwovens-textiles/,,,manufacturer,Textile Connect: apparel-and-product-manufacturing,Contact for quote,Textile Connect,https://textileconnect.com/directory/
LEKOS Dye and Finishing Inc.,Rancho Dominguez,CA,https://textileconnect.com/directory/lekos-dye-and-finishing-inc/,https://textileconnect.com/directory/lekos-dye-and-finishing-inc/,https://textileconnect.com/directory/lekos-dye-and-finishing-inc/,,,manufacturer,Textile Connect: apparel-and-product-manufacturing,Contact for quote,Textile Connect,https://textileconnect.com/directory/
Lemco Mills Inc,Burlington,NC,https://textileconnect.com/directory/lemco-mills-inc/,https://textileconnect.com/directory/lemco-mills-inc/,https://textileconnect.com/directory/lemco-mills-inc/,,,manufacturer,Textile Connect: apparel-and-product-manufacturing,Contact for quote,Textile Connect,https://textileconnect.com/directory/
"Lending Trimming Co., Inc.",New York,NY,https://textileconnect.com/directory/lending-trimming-co-inc/,https://textileconnect.com/directory/lending-trimming-co-inc/,https://textileconnect.com/directory/lending-trimming-co-inc/,,,manufacturer,Textile Connect: apparel-and-product-manufacturing,Contact for quote,Textile Connect,https://textileconnect.com/directory/
Lenora B Moore Entp,Wilmington,NC,https://textileconnect.com/directory/lenora-b-moore-entp/,https://textileconnect.com/directory/lenora-b-moore-entp/,https://textileconnect.com/directory/lenora-b-moore-entp/,,,manufacturer,Textile Connect: apparel-and-product-manufacturing,Contact for quote,Textile Connect,https://textileconnect.com/directory/
"Lenzing Fibers – Axis, AL","Axis, AL",AL,https://textileconnect.com/directory/lenzing-fibers-axis-al/,https://textileconnect.com/directory/lenzing-fibers-axis-al/,https://textileconnect.com/directory/lenzing-fibers-axis-al/,,,manufacturer,Textile Connect: apparel-and-product-manufacturing,Contact for quote,Textile Connect,https://textileconnect.com/directory/
"Lenzing Fibers – New York, NY",New York,NY,https://textileconnect.com/directory/lenzing-fibers-new-york-ny/,https://textileconnect.com/directory/lenzing-fibers-new-york-ny/,https://textileconnect.com/directory/lenzing-fibers-new-york-ny/,,,manufacturer,Textile Connect: apparel-and-product-manufacturing,Contact for quote,Textile Connect,https://textileconnect.com/directory/
Lesesne Industries Inc,West Columbia,SC,https://textileconnect.com/directory/lesesne-industries-inc/,https://textileconnect.com/directory/lesesne-industries-inc/,https://textileconnect.com/directory/lesesne-industries-inc/,,,manufacturer,Textile Connect: apparel-and-product-manufacturing,Contact for quote,Textile Connect,https://textileconnect.com/directory/
Le Souk,New York,NY,https://textileconnect.com/directory/le-souk/,https://textileconnect.com/directory/le-souk/,https://textileconnect.com/directory/le-souk/,,,manufacturer,Textile Connect: apparel-and-product-manufacturing,Contact for quote,Textile Connect,https://textileconnect.com/directory/
Les Petites,Charlotte,NC,https://textileconnect.com/directory/les-petites/,https://textileconnect.com/directory/les-petites/,https://textileconnect.com/directory/les-petites/,,,manufacturer,Textile Connect: apparel-and-product-manufacturing,Contact for quote,Textile Connect,https://textileconnect.com/directory/
Levi Strauss & Co,Blowing Rock,NC,https://textileconnect.com/directory/levi-strauss-co/,https://textileconnect.com/directory/levi-strauss-co/,https://textileconnect.com/directory/levi-strauss-co/,,,manufacturer,Textile Connect: apparel-and-product-manufacturing,Contact for quote,Textile Connect,https://textileconnect.com/directory/
Leviton Manufacturing Co,Jefferson,NC,https://textileconnect.com/directory/leviton-manufacturing-co/,https://textileconnect.com/directory/leviton-manufacturing-co/,https://textileconnect.com/directory/leviton-manufacturing-co/,,,manufacturer,Textile Connect: apparel-and-product-manufacturing,Contact for quote,Textile Connect,https://textileconnect.com/directory/
Lewis J Moore Assoc,Charlotte,NC,https://textileconnect.com/directory/lewis-j-moore-assoc/,https://textileconnect.com/directory/lewis-j-moore-assoc/,https://textileconnect.com/directory/lewis-j-moore-assoc/,,,manufacturer,Textile Connect: apparel-and-product-manufacturing,Contact for quote,Textile Connect,https://textileconnect.com/directory/
Lewis Manufacturing,Greensboro,NC,https://textileconnect.com/directory/lewis-manufacturing/,https://textileconnect.com/directory/lewis-manufacturing/,https://textileconnect.com/directory/lewis-manufacturing/,,,manufacturer,Textile Connect: apparel-and-product-manufacturing,Contact for quote,Textile Connect,https://textileconnect.com/directory/
Lexington Abrasive Belts,Lexington,NC,https://textileconnect.com/directory/lexington-abrasive-belts/,https://textileconnect.com/directory/lexington-abrasive-belts/,https://textileconnect.com/directory/lexington-abrasive-belts/,,,manufacturer,Textile Connect: apparel-and-product-manufacturing,Contact for quote,Textile Connect,https://textileconnect.com/directory/
Lexington Industries Inc,Lexington,NC,https://textileconnect.com/directory/lexington-industries-inc/,https://textileconnect.com/directory/lexington-industries-inc/,https://textileconnect.com/directory/lexington-industries-inc/,,,manufacturer,Textile Connect: apparel-and-product-manufacturing,Contact for quote,Textile Connect,https://textileconnect.com/directory/
L Fishman & Son Inc,Charlotte,NC,https://textileconnect.com/directory/l-fishman-son-inc/,https://textileconnect.com/directory/l-fishman-son-inc/,https://textileconnect.com/directory/l-fishman-son-inc/,,,manufacturer,Textile Connect: apparel-and-product-manufacturing,Contact for quote,Textile Connect,https://textileconnect.com/directory/
Liba Fabrics,New York,NY,https://textileconnect.com/directory/liba-fabrics/,https://textileconnect.com/directory/liba-fabrics/,https://textileconnect.com/directory/liba-fabrics/,,,manufacturer,Textile Connect: apparel-and-product-manufacturing,Contact for quote,Textile Connect,https://textileconnect.com/directory/
Libas Ltd,Los Angeles,CA,https://textileconnect.com/directory/libas-ltd/,https://textileconnect.com/directory/libas-ltd/,https://textileconnect.com/directory/libas-ltd/,,,manufacturer,Textile Connect: apparel-and-product-manufacturing,Contact for quote,Textile Connect,https://textileconnect.com/directory/
Libeco – Lagae,New York,NY,https://textileconnect.com/directory/libeco-lagae/,https://textileconnect.com/directory/libeco-lagae/,https://textileconnect.com/directory/libeco-lagae/,,,manufacturer,Textile Connect: apparel-and-product-manufacturing,Contact for quote,Textile Connect,https://textileconnect.com/directory/
Liberty Reed Co,Spartanburg,SC,https://textileconnect.com/directory/liberty-reed-co/,https://textileconnect.com/directory/liberty-reed-co/,https://textileconnect.com/directory/liberty-reed-co/,,,manufacturer,Textile Connect: apparel-and-product-manufacturing,Contact for quote,Textile Connect,https://textileconnect.com/directory/
Liberty Screenprint,Madison,NC,https://textileconnect.com/directory/liberty-screenprint/,https://textileconnect.com/directory/liberty-screenprint/,https://textileconnect.com/directory/liberty-screenprint/,,,manufacturer,Textile Connect: apparel-and-product-manufacturing,Contact for quote,Textile Connect,https://textileconnect.com/directory/
Liberty Textiles,Eden,NC,https://textileconnect.com/directory/liberty-textiles/,https://textileconnect.com/directory/liberty-textiles/,https://textileconnect.com/directory/liberty-textiles/,,,manufacturer,Textile Connect: apparel-and-product-manufacturing,Contact for quote,Textile Connect,https://textileconnect.com/directory/
Liberty Throwing Co.,Kingston,PA,https://textileconnect.com/directory/liberty-throwing-co/,https://textileconnect.com/directory/liberty-throwing-co/,https://textileconnect.com/directory/liberty-throwing-co/,,,manufacturer,Textile Connect: apparel-and-product-manufacturing,Contact for quote,Textile Connect,https://textileconnect.com/directory/
Liberty Uniform Mfg Co,Spartanburg,SC,https://textileconnect.com/directory/liberty-uniform-mfg-co/,https://textileconnect.com/directory/liberty-uniform-mfg-co/,https://textileconnect.com/directory/liberty-uniform-mfg-co/,,,manufacturer,Textile Connect: apparel-and-product-manufacturing,Contact for quote,Textile Connect,https://textileconnect.com/directory/
Libra Leather Inc.,New York,NY,https://textileconnect.com/directory/libra-leather-inc/,https://textileconnect.com/directory/libra-leather-inc/,https://textileconnect.com/directory/libra-leather-inc/,,,manufacturer,Textile Connect: apparel-and-product-manufacturing,Contact for quote,Textile Connect,https://textileconnect.com/directory/
"M.J Soffe, LLC",Fayetville,NC,https://textileconnect.com/directory/m-j-soffe-llc-2/,https://textileconnect.com/directory/m-j-soffe-llc-2/,https://textileconnect.com/directory/m-j-soffe-llc-2/,,,manufacturer,Textile Connect: apparel-and-product-manufacturing,Contact for quote,Textile Connect,https://textileconnect.com/directory/
M & H Enterprise,Vanceboro,NC,https://textileconnect.com/directory/m-h-enterprise/,https://textileconnect.com/directory/m-h-enterprise/,https://textileconnect.com/directory/m-h-enterprise/,,,manufacturer,Textile Connect: apparel-and-product-manufacturing,Contact for quote,Textile Connect,https://textileconnect.com/directory/
M & J Trimming,New York,NY,https://textileconnect.com/directory/m-j-trimming/,https://textileconnect.com/directory/m-j-trimming/,https://textileconnect.com/directory/m-j-trimming/,,,manufacturer,Textile Connect: apparel-and-product-manufacturing,Contact for quote,Textile Connect,https://textileconnect.com/directory/
M & M Electric Svc,Gastonia,NC,https://textileconnect.com/directory/m-m-electric-svc/,https://textileconnect.com/directory/m-m-electric-svc/,https://textileconnect.com/directory/m-m-electric-svc/,,,manufacturer,Textile Connect: apparel-and-product-manufacturing,Contact for quote,Textile Connect,https://textileconnect.com/directory/
M & M Eletric Svc Inc,Gastonia,NC,https://textileconnect.com/directory/m-m-eletric-svc-inc/,https://textileconnect.com/directory/m-m-eletric-svc-inc/,https://textileconnect.com/directory/m-m-eletric-svc-inc/,,,manufacturer,Textile Connect: apparel-and-product-manufacturing,Contact for quote,Textile Connect,https://textileconnect.com/directory/
M & M Knitting,Biscoe,NC,https://textileconnect.com/directory/m-m-knitting/,https://textileconnect.com/directory/m-m-knitting/,https://textileconnect.com/directory/m-m-knitting/,,,manufacturer,Textile Connect: apparel-and-product-manufacturing,Contact for quote,Textile Connect,https://textileconnect.com/directory/
M & M Textile,King,NC,https://textileconnect.com/directory/m-m-textile/,https://textileconnect.com/directory/m-m-textile/,https://textileconnect.com/directory/m-m-textile/,,,manufacturer,Textile Connect: apparel-and-product-manufacturing,Contact for quote,Textile Connect,https://textileconnect.com/directory/
M & S Processing Inc,Asheville,NC,https://textileconnect.com/directory/m-s-processing-inc/,https://textileconnect.com/directory/m-s-processing-inc/,https://textileconnect.com/directory/m-s-processing-inc/,,,manufacturer,Textile Connect: apparel-and-product-manufacturing,Contact for quote,Textile Connect,https://textileconnect.com/directory/
MABRY Industries,Elon College,NC,https://textileconnect.com/directory/mabry-industries/,https://textileconnect.com/directory/mabry-industries/,https://textileconnect.com/directory/mabry-industries/,,,manufacturer,Textile Connect: apparel-and-product-manufacturing,Contact for quote,Textile Connect,https://textileconnect.com/directory/
Mack & Co LLC,Greensboro,NC,https://textileconnect.com/directory/mack-co-llc/,https://textileconnect.com/directory/mack-co-llc/,https://textileconnect.com/directory/mack-co-llc/,,,manufacturer,Textile Connect: apparel-and-product-manufacturing,Contact for quote,Textile Connect,https://textileconnect.com/directory/
Mack and Mack Inc,Greensboro,NC,https://textileconnect.com/directory/mack-and-mack-inc/,https://textileconnect.com/directory/mack-and-mack-inc/,https://textileconnect.com/directory/mack-and-mack-inc/,,,manufacturer,Textile Connect: apparel-and-product-manufacturing,Contact for quote,Textile Connect,https://textileconnect.com/directory/
MacLean Power Systems,Newberry,SC,https://textileconnect.com/directory/maclean-power-systems/,https://textileconnect.com/directory/maclean-power-systems/,https://textileconnect.com/directory/maclean-power-systems/,,,manufacturer,Textile Connect: apparel-and-product-manufacturing,Contact for quote,Textile Connect,https://textileconnect.com/directory/
Macshore Classics Inc,Greenville,SC,https://textileconnect.com/directory/macshore-classics-inc/,https://textileconnect.com/directory/macshore-classics-inc/,https://textileconnect.com/directory/macshore-classics-inc/,,,manufacturer,Textile Connect: apparel-and-product-manufacturing,Contact for quote,Textile Connect,https://textileconnect.com/directory/
Madeira USA – Central,Village,IL,https://textileconnect.com/directory/madeira-usa-central/,https://textileconnect.com/directory/madeira-usa-central/,https://textileconnect.com/directory/madeira-usa-central/,,,manufacturer,Textile Connect: apparel-and-product-manufacturing,Contact for quote,Textile Connect,https://textileconnect.com/directory/
Madeira USA – Great Lakes,Columbus,OH,https://textileconnect.com/directory/madeira-usa-great-lakes/,https://textileconnect.com/directory/madeira-usa-great-lakes/,https://textileconnect.com/directory/madeira-usa-great-lakes/,,,manufacturer,Textile Connect: apparel-and-product-manufacturing,Contact for quote,Textile Connect,https://textileconnect.com/directory/
Madeira USA – Great Plains,Lenexa,KS,https://textileconnect.com/directory/madeira-usa-great-plains/,https://textileconnect.com/directory/madeira-usa-great-plains/,https://textileconnect.com/directory/madeira-usa-great-plains/,,,manufacturer,Textile Connect: apparel-and-product-manufacturing,Contact for quote,Textile Connect,https://textileconnect.com/directory/
Madeira USA – Gulf Region,Birmingham,AL,https://textileconnect.com/directory/madeira-usa-gulf-region/,https://textileconnect.com/directory/madeira-usa-gulf-region/,https://textileconnect.com/directory/madeira-usa-gulf-region/,,,manufacturer,Textile Connect: apparel-and-product-manufacturing,Contact for quote,Textile Connect,https://textileconnect.com/directory/
Madeira USA – Headquarters,Laconia,NH,https://textileconnect.com/directory/madeira-usa-headquarters/,https://textileconnect.com/directory/madeira-usa-headquarters/,https://textileconnect.com/directory/madeira-usa-headquarters/,,,manufacturer,Textile Connect: apparel-and-product-manufacturing,Contact for quote,Textile Connect,https://textileconnect.com/directory/
Madeira USA – Mid Atlantic,Charlotte,NC,https://textileconnect.com/directory/madeira-usa-mid-atlantic/,https://textileconnect.com/directory/madeira-usa-mid-atlantic/,https://textileconnect.com/directory/madeira-usa-mid-atlantic/,,,manufacturer,Textile Connect: apparel-and-product-manufacturing,Contact for quote,Textile Connect,https://textileconnect.com/directory/
Madeira USA – Northwest,Auburn,WA,https://textileconnect.com/directory/madeira-usa-northwest/,https://textileconnect.com/directory/madeira-usa-northwest/,https://textileconnect.com/directory/madeira-usa-northwest/,,,manufacturer,Textile Connect: apparel-and-product-manufacturing,Contact for quote,Textile Connect,https://textileconnect.com/directory/
Madeira USA – Rocky Mountains,Denver,CO,https://textileconnect.com/directory/madeira-usa-rocky-mountains/,https://textileconnect.com/directory/madeira-usa-rocky-mountains/,https://textileconnect.com/directory/madeira-usa-rocky-mountains/,,,manufacturer,Textile Connect: apparel-and-product-manufacturing,Contact for quote,Textile Connect,https://textileconnect.com/directory/
Madeira USA – Southeast,Jacksonville,FL,https://textileconnect.com/directory/madeira-usa-southeast/,https://textileconnect.com/directory/madeira-usa-southeast/,https://textileconnect.com/directory/madeira-usa-southeast/,,,manufacturer,Textile Connect: apparel-and-product-manufacturing,Contact for quote,Textile Connect,https://textileconnect.com/directory/
Madeira USA – Southern Florida,Medley,FL,https://textileconnect.com/directory/madeira-usa-southern-florida/,https://textileconnect.com/directory/madeira-usa-southern-florida/,https://textileconnect.com/directory/madeira-usa-southern-florida/,,,manufacturer,Textile Connect: apparel-and-product-manufacturing,Contact for quote,Textile Connect,https://textileconnect.com/directory/
Madeira USA – Southwest,Arlington,TX,https://textileconnect.com/directory/madeira-usa-southwest/,https://textileconnect.com/directory/madeira-usa-southwest/,https://textileconnect.com/directory/madeira-usa-southwest/,,,manufacturer,Textile Connect: apparel-and-product-manufacturing,Contact for quote,Textile Connect,https://textileconnect.com/directory/
Madeira USA – Tri-State,Sterling,PA,https://textileconnect.com/directory/madeira-usa-tri-state/,https://textileconnect.com/directory/madeira-usa-tri-state/,https://textileconnect.com/directory/madeira-usa-tri-state/,,,manufacturer,Textile Connect: apparel-and-product-manufacturing,Contact for quote,Textile Connect,https://textileconnect.com/directory/
Madeira USA – West Coast,Fresno,CA,https://textileconnect.com/directory/madeira-usa-west-coast/,https://textileconnect.com/directory/madeira-usa-west-coast/,https://textileconnect.com/directory/madeira-usa-west-coast/,,,manufacturer,Textile Connect: apparel-and-product-manufacturing,Contact for quote,Textile Connect,https://textileconnect.com/directory/
Mad Hatter,Fuquay Varina,NC,https://textileconnect.com/directory/mad-hatter/,https://textileconnect.com/directory/mad-hatter/,https://textileconnect.com/directory/mad-hatter/,,,manufacturer,Textile Connect: apparel-and-product-manufacturing,Contact for quote,Textile Connect,https://textileconnect.com/directory/
Magic Touch Enterprises,West Columbia,SC,https://textileconnect.com/directory/magic-touch-enterprises/,https://textileconnect.com/directory/magic-touch-enterprises/,https://textileconnect.com/directory/magic-touch-enterprises/,,,manufacturer,Textile Connect: apparel-and-product-manufacturing,Contact for quote,Textile Connect,https://textileconnect.com/directory/
Magitex Decor,Miami,FL,https://textileconnect.com/directory/magitex-decor/,https://textileconnect.com/directory/magitex-decor/,https://textileconnect.com/directory/magitex-decor/,,,manufacturer,Textile Connect: apparel-and-product-manufacturing,Contact for quote,Textile Connect,https://textileconnect.com/directory/
Magna Fabrics Inc.,Creskill,NJ,https://textileconnect.com/directory/magna-fabrics-inc/,https://textileconnect.com/directory/magna-fabrics-inc/,https://textileconnect.com/directory/magna-fabrics-inc/,,,manufacturer,Textile Connect: apparel-and-product-manufacturing,Contact for quote,Textile Connect,https://textileconnect.com/directory/
Magnolia Home Fashions,Carrollton,GA,https://textileconnect.com/directory/magnolia-home-fashions/,https://textileconnect.com/directory/magnolia-home-fashions/,https://textileconnect.com/directory/magnolia-home-fashions/,,,manufacturer,Textile Connect: apparel-and-product-manufacturing,Contact for quote,Textile Connect,https://textileconnect.com/directory/
Magnolia Upholstery & Fabric,Hilton Head Isle,SC,https://textileconnect.com/directory/magnolia-upholstery-fabric/,https://textileconnect.com/directory/magnolia-upholstery-fabric/,https://textileconnect.com/directory/magnolia-upholstery-fabric/,,,manufacturer,Textile Connect: apparel-and-product-manufacturing,Contact for quote,Textile Connect,https://textileconnect.com/directory/
Magruder Window Coverings,Columbia,SC,https://textileconnect.com/directory/magruder-window-coverings/,https://textileconnect.com/directory/magruder-window-coverings/,https://textileconnect.com/directory/magruder-window-coverings/,,,manufacturer,Textile Connect: apparel-and-product-manufacturing,Contact for quote,Textile Connect,https://textileconnect.com/directory/
Mahan Oven & Engineering Co,Spartanburg,SC,https://textileconnect.com/directory/mahan-oven-engineering-co/,https://textileconnect.com/directory/mahan-oven-engineering-co/,https://textileconnect.com/directory/mahan-oven-engineering-co/,,,manufacturer,Textile Connect: apparel-and-product-manufacturing,Contact for quote,Textile Connect,https://textileconnect.com/directory/
Mahlo America Inc,Spartanburg,SC,https://textileconnect.com/directory/mahlo-america-inc/,https://textileconnect.com/directory/mahlo-america-inc/,https://textileconnect.com/directory/mahlo-america-inc/,,,manufacturer,Textile Connect: apparel-and-product-manufacturing,Contact for quote,Textile Connect,https://textileconnect.com/directory/
"Maidenform, Inc.",Fayetteville,NC,https://textileconnect.com/directory/maidenform-inc/,https://textileconnect.com/directory/maidenform-inc/,https://textileconnect.com/directory/maidenform-inc/,,,manufacturer,Textile Connect: apparel-and-product-manufacturing,Contact for quote,Textile Connect,https://textileconnect.com/directory/
Maiden Specialties,Newton,NC,https://textileconnect.com/directory/maiden-specialties/,https://textileconnect.com/directory/maiden-specialties/,https://textileconnect.com/directory/maiden-specialties/,,,manufacturer,Textile Connect: apparel-and-product-manufacturing,Contact for quote,Textile Connect,https://textileconnect.com/directory/
Maine Brand Manufacturing Inc,Wilkesboro,NC,https://textileconnect.com/directory/maine-brand-manufacturing-inc/,https://textileconnect.com/directory/maine-brand-manufacturing-inc/,https://textileconnect.com/directory/maine-brand-manufacturing-inc/,,,manufacturer,Textile Connect: apparel-and-product-manufacturing,Contact for quote,Textile Connect,https://textileconnect.com/directory/
Mainzer Minton LLC,Chester,NJ,https://textileconnect.com/directory/mainzer-minton-llc/,https://textileconnect.com/directory/mainzer-minton-llc/,https://textileconnect.com/directory/mainzer-minton-llc/,,,manufacturer,Textile Connect: apparel-and-product-manufacturing,Contact for quote,Textile Connect,https://textileconnect.com/directory/
Majestic Fabric Inc.,Los Angeles,CA,https://textileconnect.com/directory/majestic-fabric-inc/,https://textileconnect.com/directory/majestic-fabric-inc/,https://textileconnect.com/directory/majestic-fabric-inc/,,,manufacturer,Textile Connect: apparel-and-product-manufacturing,Contact for quote,Textile Connect,https://textileconnect.com/directory/
Majilite Corporation,Dracut,MA,https://textileconnect.com/directory/majilite-corporation/,https://textileconnect.com/directory/majilite-corporation/,https://textileconnect.com/directory/majilite-corporation/,,,manufacturer,Textile Connect: apparel-and-product-manufacturing,Contact for quote,Textile Connect,https://textileconnect.com/directory/
MAJIQ,Redmond,WA,https://textileconnect.com/directory/majiq/,https://textileconnect.com/directory/majiq/,https://textileconnect.com/directory/majiq/,,,manufacturer,Textile Connect: apparel-and-product-manufacturing,Contact for quote,Textile Connect,https://textileconnect.com/directory/
"Mako, Inc.",Monterey Park,CA,https://textileconnect.com/directory/mako-inc/,https://textileconnect.com/directory/mako-inc/,https://textileconnect.com/directory/mako-inc/,,,manufacturer,Textile Connect: apparel-and-product-manufacturing,Contact for quote,Textile Connect,https://textileconnect.com/directory/
Mallard Creek Polymers Inc,Charlotte,NC,https://textileconnect.com/directory/mallard-creek-polymers-inc/,https://textileconnect.com/directory/mallard-creek-polymers-inc/,https://textileconnect.com/directory/mallard-creek-polymers-inc/,,,manufacturer,Textile Connect: apparel-and-product-manufacturing,Contact for quote,Textile Connect,https://textileconnect.com/directory/
Maloney Enterprises,Sharon,SC,https://textileconnect.com/directory/maloney-enterprises/,https://textileconnect.com/directory/maloney-enterprises/,https://textileconnect.com/directory/maloney-enterprises/,,,manufacturer,Textile Connect: apparel-and-product-manufacturing,Contact for quote,Textile Connect,https://textileconnect.com/directory/
Manart-Hirsch Co. Inc.,Lynbrook,NY,https://textileconnect.com/directory/manart-hirsch-co-inc/,https://textileconnect.com/directory/manart-hirsch-co-inc/,https://textileconnect.com/directory/manart-hirsch-co-inc/,,,manufacturer,Textile Connect: apparel-and-product-manufacturing,Contact for quote,Textile Connect,https://textileconnect.com/directory/
Manning & Company,Pinehurst,NC,https://textileconnect.com/directory/manning-company/,https://textileconnect.com/directory/manning-company/,https://textileconnect.com/directory/manning-company/,,,manufacturer,Textile Connect: apparel-and-product-manufacturing,Contact for quote,Textile Connect,https://textileconnect.com/directory/
Mantissa Corp,Charlotte,NC,https://textileconnect.com/directory/mantissa-corp/,https://textileconnect.com/directory/mantissa-corp/,https://textileconnect.com/directory/mantissa-corp/,,,manufacturer,Textile Connect: apparel-and-product-manufacturing,Contact for quote,Textile Connect,https://textileconnect.com/directory/
Manufacturers Exchange,New York,NY,https://textileconnect.com/directory/manufacturers-exchange/,https://textileconnect.com/directory/manufacturers-exchange/,https://textileconnect.com/directory/manufacturers-exchange/,,,manufacturer,Textile Connect: apparel-and-product-manufacturing,Contact for quote,Textile Connect,https://textileconnect.com/directory/
N.C. Biotechnology Center,Research Triangle Park,NC,https://textileconnect.com/directory/n-c-biotechnology-center/,https://textileconnect.com/directory/n-c-biotechnology-center/,https://textileconnect.com/directory/n-c-biotechnology-center/,,,manufacturer,Textile Connect: apparel-and-product-manufacturing,Contact for quote,Textile Connect,https://textileconnect.com/directory/
N.C. Cotton Producers Association,Nashville,NC,https://textileconnect.com/directory/n-c-cotton-producers-association/,https://textileconnect.com/directory/n-c-cotton-producers-association/,https://textileconnect.com/directory/n-c-cotton-producers-association/,,,manufacturer,Textile Connect: apparel-and-product-manufacturing,Contact for quote,Textile Connect,https://textileconnect.com/directory/
N.C. Department of Commerce,Raleigh,NC,https://textileconnect.com/directory/n-c-department-of-commerce/,https://textileconnect.com/directory/n-c-department-of-commerce/,https://textileconnect.com/directory/n-c-department-of-commerce/,,,manufacturer,Textile Connect: apparel-and-product-manufacturing,Contact for quote,Textile Connect,https://textileconnect.com/directory/
N.C. Military Business Center,Fayetteville,NC,https://textileconnect.com/directory/n-c-military-business-center/,https://textileconnect.com/directory/n-c-military-business-center/,https://textileconnect.com/directory/n-c-military-business-center/,,,manufacturer,Textile Connect: apparel-and-product-manufacturing,Contact for quote,Textile Connect,https://textileconnect.com/directory/
N.C. Retail Merchants Association,Raleigh,NC,https://textileconnect.com/directory/n-c-retail-merchants-association/,https://textileconnect.com/directory/n-c-retail-merchants-association/,https://textileconnect.com/directory/n-c-retail-merchants-association/,,,manufacturer,Textile Connect: apparel-and-product-manufacturing,Contact for quote,Textile Connect,https://textileconnect.com/directory/
"Name Maker, Inc.",Norcross,GA,https://textileconnect.com/directory/name-maker-inc/,https://textileconnect.com/directory/name-maker-inc/,https://textileconnect.com/directory/name-maker-inc/,,,manufacturer,Textile Connect: apparel-and-product-manufacturing,Contact for quote,Textile Connect,https://textileconnect.com/directory/
NAMPAC Packaging Div,Raleigh,NC,https://textileconnect.com/directory/nampac-packaging-div/,https://textileconnect.com/directory/nampac-packaging-div/,https://textileconnect.com/directory/nampac-packaging-div/,,,manufacturer,Textile Connect: apparel-and-product-manufacturing,Contact for quote,Textile Connect,https://textileconnect.com/directory/
Nan-Seas Custom Canvas,Hilton Head Isle,SC,https://textileconnect.com/directory/nan-seas-custom-canvas/,https://textileconnect.com/directory/nan-seas-custom-canvas/,https://textileconnect.com/directory/nan-seas-custom-canvas/,,,manufacturer,Textile Connect: apparel-and-product-manufacturing,Contact for quote,Textile Connect,https://textileconnect.com/directory/
Nance Cotton Co.,Lubbock,TX,https://textileconnect.com/directory/nance-cotton-co/,https://textileconnect.com/directory/nance-cotton-co/,https://textileconnect.com/directory/nance-cotton-co/,,,manufacturer,Textile Connect: apparel-and-product-manufacturing,Contact for quote,Textile Connect,https://textileconnect.com/directory/
Nancy’s Knit Knacks LLC,Hickory,NC,https://textileconnect.com/directory/nancys-knit-knacks-llc/,https://textileconnect.com/directory/nancys-knit-knacks-llc/,https://textileconnect.com/directory/nancys-knit-knacks-llc/,,,manufacturer,Textile Connect: apparel-and-product-manufacturing,Contact for quote,Textile Connect,https://textileconnect.com/directory/
Nancy King Textile Co,North Wilkesboro,NC,https://textileconnect.com/directory/nancy-king-textile-co/,https://textileconnect.com/directory/nancy-king-textile-co/,https://textileconnect.com/directory/nancy-king-textile-co/,,,manufacturer,Textile Connect: apparel-and-product-manufacturing,Contact for quote,Textile Connect,https://textileconnect.com/directory/
Nandana Enterprises,Apex,NC,https://textileconnect.com/directory/nandana-enterprises/,https://textileconnect.com/directory/nandana-enterprises/,https://textileconnect.com/directory/nandana-enterprises/,,,manufacturer,Textile Connect: apparel-and-product-manufacturing,Contact for quote,Textile Connect,https://textileconnect.com/directory/
Nanofiber Technology Inc,Aberdeen,NC,https://textileconnect.com/directory/nanofiber-technology-inc/,https://textileconnect.com/directory/nanofiber-technology-inc/,https://textileconnect.com/directory/nanofiber-technology-inc/,,,manufacturer,Textile Connect: apparel-and-product-manufacturing,Contact for quote,Textile Connect,https://textileconnect.com/directory/
Nan Ya Plastics,Lake,SC,https://textileconnect.com/directory/nan-ya-plastics/,https://textileconnect.com/directory/nan-ya-plastics/,https://textileconnect.com/directory/nan-ya-plastics/,,,manufacturer,Textile Connect: apparel-and-product-manufacturing,Contact for quote,Textile Connect,https://textileconnect.com/directory/
Nap-Time Furniture,High Point,NC,https://textileconnect.com/directory/nap-time-furniture/,https://textileconnect.com/directory/nap-time-furniture/,https://textileconnect.com/directory/nap-time-furniture/,,,manufacturer,Textile Connect: apparel-and-product-manufacturing,Contact for quote,Textile Connect,https://textileconnect.com/directory/
"Narroflex, Inc. Co.",Stuart,VA,https://textileconnect.com/directory/narroflex-inc-co/,https://textileconnect.com/directory/narroflex-inc-co/,https://textileconnect.com/directory/narroflex-inc-co/,,,manufacturer,Textile Connect: apparel-and-product-manufacturing,Contact for quote,Textile Connect,https://textileconnect.com/directory/
Narrow Fabric Industries,Matthews,NC,https://textileconnect.com/directory/narrow-fabric-industries/,https://textileconnect.com/directory/narrow-fabric-industries/,https://textileconnect.com/directory/narrow-fabric-industries/,,,manufacturer,Textile Connect: apparel-and-product-manufacturing,Contact for quote,Textile Connect,https://textileconnect.com/directory/
Nash Garment Company Inc,Nashville,NC,https://textileconnect.com/directory/nash-garment-company-inc/,https://textileconnect.com/directory/nash-garment-company-inc/,https://textileconnect.com/directory/nash-garment-company-inc/,,,manufacturer,Textile Connect: apparel-and-product-manufacturing,Contact for quote,Textile Connect,https://textileconnect.com/directory/
Nassimi Corp.,New York,NY,https://textileconnect.com/directory/nassimi-corp/,https://textileconnect.com/directory/nassimi-corp/,https://textileconnect.com/directory/nassimi-corp/,,,manufacturer,Textile Connect: apparel-and-product-manufacturing,Contact for quote,Textile Connect,https://textileconnect.com/directory/
Natco Inc.,"LaSalle, QC",,https://textileconnect.com/directory/natco-inc/,https://textileconnect.com/directory/natco-inc/,https://textileconnect.com/directory/natco-inc/,,,manufacturer,Textile Connect: apparel-and-product-manufacturing,Contact for quote,Textile Connect,https://textileconnect.com/directory/
Natex Inc,Huntersville,NC,https://textileconnect.com/directory/natex-inc/,https://textileconnect.com/directory/natex-inc/,https://textileconnect.com/directory/natex-inc/,,,manufacturer,Textile Connect: apparel-and-product-manufacturing,Contact for quote,Textile Connect,https://textileconnect.com/directory/
National Association-Continent,Charleston,SC,https://textileconnect.com/directory/national-association-continent/,https://textileconnect.com/directory/national-association-continent/,https://textileconnect.com/directory/national-association-continent/,,,manufacturer,Textile Connect: apparel-and-product-manufacturing,Contact for quote,Textile Connect,https://textileconnect.com/directory/
National Coating Corp,Rockland,MA,https://textileconnect.com/directory/national-coating-corp/,https://textileconnect.com/directory/national-coating-corp/,https://textileconnect.com/directory/national-coating-corp/,,,manufacturer,Textile Connect: apparel-and-product-manufacturing,Contact for quote,Textile Connect,https://textileconnect.com/directory/
National Cotton Council,Cordova,TN,https://textileconnect.com/directory/national-cotton-council/,https://textileconnect.com/directory/national-cotton-council/,https://textileconnect.com/directory/national-cotton-council/,,,manufacturer,Textile Connect: apparel-and-product-manufacturing,Contact for quote,Textile Connect,https://textileconnect.com/directory/
National Cotton Ginners Association,Memphis,TN,https://textileconnect.com/directory/national-cotton-ginners-association/,https://textileconnect.com/directory/national-cotton-ginners-association/,https://textileconnect.com/directory/national-cotton-ginners-association/,,,manufacturer,Textile Connect: apparel-and-product-manufacturing,Contact for quote,Textile Connect,https://textileconnect.com/directory/
National Council of Textile Organizations (NCTO),NW Washington,District of Columbia (DC),https://textileconnect.com/directory/national-council-of-textile-organizations-ncto/,https://textileconnect.com/directory/national-council-of-textile-organizations-ncto/,https://textileconnect.com/directory/national-council-of-textile-organizations-ncto/,,,manufacturer,Textile Connect: apparel-and-product-manufacturing,Contact for quote,Textile Connect,https://textileconnect.com/directory/
National Filter Media Corp.,Wallingford,CT,https://textileconnect.com/directory/national-filter-media-corp/,https://textileconnect.com/directory/national-filter-media-corp/,https://textileconnect.com/directory/national-filter-media-corp/,,,manufacturer,Textile Connect: apparel-and-product-manufacturing,Contact for quote,Textile Connect,https://textileconnect.com/directory/
"National Filters, Inc.",Harbor Beach,MI,https://textileconnect.com/directory/national-filters-inc/,https://textileconnect.com/directory/national-filters-inc/,https://textileconnect.com/directory/national-filters-inc/,,,manufacturer,Textile Connect: apparel-and-product-manufacturing,Contact for quote,Textile Connect,https://textileconnect.com/directory/
National Gypsum Co,Charlotte,NC,https://textileconnect.com/directory/national-gypsum-co/,https://textileconnect.com/directory/national-gypsum-co/,https://textileconnect.com/directory/national-gypsum-co/,,,manufacturer,Textile Connect: apparel-and-product-manufacturing,Contact for quote,Textile Connect,https://textileconnect.com/directory/
National Home Furnishings Association,High Point,NC,https://textileconnect.com/directory/national-home-furnishings-association/,https://textileconnect.com/directory/national-home-furnishings-association/,https://textileconnect.com/directory/national-home-furnishings-association/,,,manufacturer,Textile Connect: apparel-and-product-manufacturing,Contact for quote,Textile Connect,https://textileconnect.com/directory/
National Mastercraft Inds Inc,Raleigh,NC,https://textileconnect.com/directory/national-mastercraft-inds-inc/,https://textileconnect.com/directory/national-mastercraft-inds-inc/,https://textileconnect.com/directory/national-mastercraft-inds-inc/,,,manufacturer,Textile Connect: apparel-and-product-manufacturing,Contact for quote,Textile Connect,https://textileconnect.com/directory/
National Mills,Merriam,KS,https://textileconnect.com/directory/national-mills/,https://textileconnect.com/directory/national-mills/,https://textileconnect.com/directory/national-mills/,,,manufacturer,Textile Connect: apparel-and-product-manufacturing,Contact for quote,Textile Connect,https://textileconnect.com/directory/
National Nonwovens Inc.,Easthampton,MA,https://textileconnect.com/directory/national-nonwovens-inc/,https://textileconnect.com/directory/national-nonwovens-inc/,https://textileconnect.com/directory/national-nonwovens-inc/,,,manufacturer,Textile Connect: apparel-and-product-manufacturing,Contact for quote,Textile Connect,https://textileconnect.com/directory/
National Petrochemical & Refiners Association,NW Washington,District of Columbia (DC),https://textileconnect.com/directory/national-petrochemical-refiners-association/,https://textileconnect.com/directory/national-petrochemical-refiners-association/,https://textileconnect.com/directory/national-petrochemical-refiners-association/,,,manufacturer,Textile Connect: apparel-and-product-manufacturing,Contact for quote,Textile Connect,https://textileconnect.com/directory/
National Retailer Federation,NW Washington,District of Columbia (DC),https://textileconnect.com/directory/national-retailer-federation/,https://textileconnect.com/directory/national-retailer-federation/,https://textileconnect.com/directory/national-retailer-federation/,,,manufacturer,Textile Connect: apparel-and-product-manufacturing,Contact for quote,Textile Connect,https://textileconnect.com/directory/
National Robe Co,Greensboro,NC,https://textileconnect.com/directory/national-robe-co/,https://textileconnect.com/directory/national-robe-co/,https://textileconnect.com/directory/national-robe-co/,,,manufacturer,Textile Connect: apparel-and-product-manufacturing,Contact for quote,Textile Connect,https://textileconnect.com/directory/
National Spinning Company – Burlington,Burlington,NC,https://textileconnect.com/directory/national-spinning-company-burlington/,https://textileconnect.com/directory/national-spinning-company-burlington/,https://textileconnect.com/directory/national-spinning-company-burlington/,,,manufacturer,Textile Connect: apparel-and-product-manufacturing,Contact for quote,Textile Connect,https://textileconnect.com/directory/
National Spinning Company – Headquarters,Washington,NC,https://textileconnect.com/directory/national-spinning-company-headquarters/,https://textileconnect.com/directory/national-spinning-company-headquarters/,https://textileconnect.com/directory/national-spinning-company-headquarters/,,,manufacturer,Textile Connect: apparel-and-product-manufacturing,Contact for quote,Textile Connect,https://textileconnect.com/directory/
National Spinning Company – New York City,New York,NY,https://textileconnect.com/directory/national-spinning-company-new-york-city/,https://textileconnect.com/directory/national-spinning-company-new-york-city/,https://textileconnect.com/directory/national-spinning-company-new-york-city/,,,manufacturer,Textile Connect: apparel-and-product-manufacturing,Contact for quote,Textile Connect,https://textileconnect.com/directory/
National Spinning Company – Whiteville Plant,Whiteville,NC,https://textileconnect.com/directory/national-spinning-company-whiteville-plant/,https://textileconnect.com/directory/national-spinning-company-whiteville-plant/,https://textileconnect.com/directory/national-spinning-company-whiteville-plant/,,,manufacturer,Textile Connect: apparel-and-product-manufacturing,Contact for quote,Textile Connect,https://textileconnect.com/directory/
National Sporting Goods Association (NSGA),Mount Prospect,IL,https://textileconnect.com/directory/national-sporting-goods-association-nsga/,https://textileconnect.com/directory/national-sporting-goods-association-nsga/,https://textileconnect.com/directory/national-sporting-goods-association-nsga/,,,manufacturer,Textile Connect: apparel-and-product-manufacturing,Contact for quote,Textile Connect,https://textileconnect.com/directory/
National Textile Association (NTA),Boston,MA,https://textileconnect.com/directory/national-textile-association-nta/,https://textileconnect.com/directory/national-textile-association-nta/,https://textileconnect.com/directory/national-textile-association-nta/,,,manufacturer,Textile Connect: apparel-and-product-manufacturing,Contact for quote,Textile Connect,https://textileconnect.com/directory/
National Textile Industries,Brooklyn,NY,https://textileconnect.com/directory/national-textile-industries/,https://textileconnect.com/directory/national-textile-industries/,https://textileconnect.com/directory/national-textile-industries/,,,manufacturer,Textile Connect: apparel-and-product-manufacturing,Contact for quote,Textile Connect,https://textileconnect.com/directory/
"National Textile Sales Co., Inc.",Lawrence,MA,https://textileconnect.com/directory/national-textile-sales-co-inc/,https://textileconnect.com/directory/national-textile-sales-co-inc/,https://textileconnect.com/directory/national-textile-sales-co-inc/,,,manufacturer,Textile Connect: apparel-and-product-manufacturing,Contact for quote,Textile Connect,https://textileconnect.com/directory/
National Webbing Products (NWP) Co.,Plainview,NY,https://textileconnect.com/directory/national-webbing-products-nwp-co/,https://textileconnect.com/directory/national-webbing-products-nwp-co/,https://textileconnect.com/directory/national-webbing-products-nwp-co/,,,manufacturer,Textile Connect: apparel-and-product-manufacturing,Contact for quote,Textile Connect,https://textileconnect.com/directory/
"National Wiper Alliance, Inc.",Swannanoa,NC,https://textileconnect.com/directory/national-wiper-alliance-inc/,https://textileconnect.com/directory/national-wiper-alliance-inc/,https://textileconnect.com/directory/national-wiper-alliance-inc/,,,manufacturer,Textile Connect: apparel-and-product-manufacturing,Contact for quote,Textile Connect,https://textileconnect.com/directory/
Nations Catalog,Lexington,NC,https://textileconnect.com/directory/nations-catalog/,https://textileconnect.com/directory/nations-catalog/,https://textileconnect.com/directory/nations-catalog/,,,manufacturer,Textile Connect: apparel-and-product-manufacturing,Contact for quote,Textile Connect,https://textileconnect.com/directory/
Native River Apparel,High Point,NC,https://textileconnect.com/directory/native-river-apparel/,https://textileconnect.com/directory/native-river-apparel/,https://textileconnect.com/directory/native-river-apparel/,,,manufacturer,Textile Connect: apparel-and-product-manufacturing,Contact for quote,Textile Connect,https://textileconnect.com/directory/
Native Sons Screenprint,Myrtle Beach,SC,https://textileconnect.com/directory/native-sons-screenprint/,https://textileconnect.com/directory/native-sons-screenprint/,https://textileconnect.com/directory/native-sons-screenprint/,,,manufacturer,Textile Connect: apparel-and-product-manufacturing,Contact for quote,Textile Connect,https://textileconnect.com/directory/
Naturally Knit Inc,Bessemer,NC,https://textileconnect.com/directory/naturally-knit-inc/,https://textileconnect.com/directory/naturally-knit-inc/,https://textileconnect.com/directory/naturally-knit-inc/,,,manufacturer,Textile Connect: apparel-and-product-manufacturing,Contact for quote,Textile Connect,https://textileconnect.com/directory/
Natural Neutrals,Commerce,CA,https://textileconnect.com/directory/natural-neutrals/,https://textileconnect.com/directory/natural-neutrals/,https://textileconnect.com/directory/natural-neutrals/,,,manufacturer,Textile Connect: apparel-and-product-manufacturing,Contact for quote,Textile Connect,https://textileconnect.com/directory/
Natural Textiles Solutions,Macungie,PA,https://textileconnect.com/directory/natural-textiles-solutions/,https://textileconnect.com/directory/natural-textiles-solutions/,https://textileconnect.com/directory/natural-textiles-solutions/,,,manufacturer,Textile Connect: apparel-and-product-manufacturing,Contact for quote,Textile Connect,https://textileconnect.com/directory/
NatureWorks LLC,Minnetonka,MN,https://textileconnect.com/directory/natureworks-llc/,https://textileconnect.com/directory/natureworks-llc/,https://textileconnect.com/directory/natureworks-llc/,,,manufacturer,Textile Connect: apparel-and-product-manufacturing,Contact for quote,Textile Connect,https://textileconnect.com/directory/
Natvar,Clayton,NC,https://textileconnect.com/directory/natvar/,https://textileconnect.com/directory/natvar/,https://textileconnect.com/directory/natvar/,,,manufacturer,Textile Connect: apparel-and-product-manufacturing,Contact for quote,Textile Connect,https://textileconnect.com/directory/
Naugahyde Sales,High Point,NC,https://textileconnect.com/directory/naugahyde-sales/,https://textileconnect.com/directory/naugahyde-sales/,https://textileconnect.com/directory/naugahyde-sales/,,,manufacturer,Textile Connect: apparel-and-product-manufacturing,Contact for quote,Textile Connect,https://textileconnect.com/directory/
"Nautica International, Inc",Concord,NC,https://textileconnect.com/directory/nautica-international-inc/,https://textileconnect.com/directory/nautica-international-inc/,https://textileconnect.com/directory/nautica-international-inc/,,,manufacturer,Textile Connect: apparel-and-product-manufacturing,Contact for quote,Textile Connect,https://textileconnect.com/directory/
Nautical Needle LLC,Holland,MI,https://textileconnect.com/directory/nautical-needle-llc/,https://textileconnect.com/directory/nautical-needle-llc/,https://textileconnect.com/directory/nautical-needle-llc/,,,manufacturer,Textile Connect: apparel-and-product-manufacturing,Contact for quote,Textile Connect,https://textileconnect.com/directory/
Nautilux Custom Canvas LLC,Hazlet,NJ,https://textileconnect.com/directory/nautilux-custom-canvas-llc/,https://textileconnect.com/directory/nautilux-custom-canvas-llc/,https://textileconnect.com/directory/nautilux-custom-canvas-llc/,,,manufacturer,Textile Connect: apparel-and-product-manufacturing,Contact for quote,Textile Connect,https://textileconnect.com/directory/
Navajo Fabrics,Westerly,RI,https://textileconnect.com/directory/navajo-fabrics/,https://textileconnect.com/directory/navajo-fabrics/,https://textileconnect.com/directory/navajo-fabrics/,,,manufacturer,Textile Connect: apparel-and-product-manufacturing,Contact for quote,Textile Connect,https://textileconnect.com/directory/
Navis TubeTex,Lexington,NC,https://textileconnect.com/directory/navis-tubetex/,https://textileconnect.com/directory/navis-tubetex/,https://textileconnect.com/directory/navis-tubetex/,,,manufacturer,Textile Connect: apparel-and-product-manufacturing,Contact for quote,Textile Connect,https://textileconnect.com/directory/
N C Fibers,Scotland Neck,NC,https://textileconnect.com/directory/n-c-fibers/,https://textileconnect.com/directory/n-c-fibers/,https://textileconnect.com/directory/n-c-fibers/,,,manufacturer,Textile Connect: apparel-and-product-manufacturing,Contact for quote,Textile Connect,https://textileconnect.com/directory/
N C Filtration Corp,Gastonia,NC,https://textileconnect.com/directory/n-c-filtration-corp/,https://textileconnect.com/directory/n-c-filtration-corp/,https://textileconnect.com/directory/n-c-filtration-corp/,,,manufacturer,Textile Connect: apparel-and-product-manufacturing,Contact for quote,Textile Connect,https://textileconnect.com/directory/
NCFI Polyurethanes – Mt Airy,Mt. Airy,NC,https://textileconnect.com/directory/ncfi-polyurethanes-mt-airy/,https://textileconnect.com/directory/ncfi-polyurethanes-mt-airy/,https://textileconnect.com/directory/ncfi-polyurethanes-mt-airy/,,,manufacturer,Textile Connect: apparel-and-product-manufacturing,Contact for quote,Textile Connect,https://textileconnect.com/directory/
N C Merchantile Co,Connellys Spgs,NC,https://textileconnect.com/directory/n-c-merchantile-co/,https://textileconnect.com/directory/n-c-merchantile-co/,https://textileconnect.com/directory/n-c-merchantile-co/,,,manufacturer,Textile Connect: apparel-and-product-manufacturing,Contact for quote,Textile Connect,https://textileconnect.com/directory/
"NC Sock Co, Inc",Hickory,NC,https://textileconnect.com/directory/nc-sock-co-inc/,https://textileconnect.com/directory/nc-sock-co-inc/,https://textileconnect.com/directory/nc-sock-co-inc/,,,manufacturer,Textile Connect: apparel-and-product-manufacturing,Contact for quote,Textile Connect,https://textileconnect.com/directory/
N C Sock Co (The Sock Factory),Hickory,NC,https://textileconnect.com/directory/n-c-sock-co-the-sock-factory/,https://textileconnect.com/directory/n-c-sock-co-the-sock-factory/,https://textileconnect.com/directory/n-c-sock-co-the-sock-factory/,,,manufacturer,Textile Connect: apparel-and-product-manufacturing,Contact for quote,Textile Connect,https://textileconnect.com/directory/
NCSU College of Textiles Off Campus Programs,Raleigh,NC,https://textileconnect.com/directory/ncsu-college-of-textiles-off-campus-programs/,https://textileconnect.com/directory/ncsu-college-of-textiles-off-campus-programs/,https://textileconnect.com/directory/ncsu-college-of-textiles-off-campus-programs/,,,manufacturer,Textile Connect: apparel-and-product-manufacturing,Contact for quote,Textile Connect,https://textileconnect.com/directory/
NCSU Industrial Expansion Services,Raleigh,NC,https://textileconnect.com/directory/ncsu-industrial-expansion-services/,https://textileconnect.com/directory/ncsu-industrial-expansion-services/,https://textileconnect.com/directory/ncsu-industrial-expansion-services/,,,manufacturer,Textile Connect: apparel-and-product-manufacturing,Contact for quote,Textile Connect,https://textileconnect.com/directory/
NDN Software,San Diego,CA,https://textileconnect.com/directory/ndn-software/,https://textileconnect.com/directory/ndn-software/,https://textileconnect.com/directory/ndn-software/,,,manufacturer,Textile Connect: apparel-and-product-manufacturing,Contact for quote,Textile Connect,https://textileconnect.com/directory/
Neagle Choice,Cedar,UT,https://textileconnect.com/directory/neagle-choice/,https://textileconnect.com/directory/neagle-choice/,https://textileconnect.com/directory/neagle-choice/,,,manufacturer,Textile Connect: apparel-and-product-manufacturing,Contact for quote,Textile Connect,https://textileconnect.com/directory/
Neat Feet Hosiery Inc,Stoneville,NC,https://textileconnect.com/directory/neat-feet-hosiery-inc/,https://textileconnect.com/directory/neat-feet-hosiery-inc/,https://textileconnect.com/directory/neat-feet-hosiery-inc/,,,manufacturer,Textile Connect: apparel-and-product-manufacturing,Contact for quote,Textile Connect,https://textileconnect.com/directory/
Nederman Americas,Charlotte,NC,https://textileconnect.com/directory/nederman-americas/,https://textileconnect.com/directory/nederman-americas/,https://textileconnect.com/directory/nederman-americas/,,,manufacturer,Textile Connect: apparel-and-product-manufacturing,Contact for quote,Textile Connect,https://textileconnect.com/directory/
Nedia Enterprises Inc.,Ashburn,VA,https://textileconnect.com/directory/nedia-enterprises-inc/,https://textileconnect.com/directory/nedia-enterprises-inc/,https://textileconnect.com/directory/nedia-enterprises-inc/,,,manufacturer,Textile Connect: apparel-and-product-manufacturing,Contact for quote,Textile Connect,https://textileconnect.com/directory/
Needle Nacks LTD,Madison,NC,https://textileconnect.com/directory/needle-nacks-ltd/,https://textileconnect.com/directory/needle-nacks-ltd/,https://textileconnect.com/directory/needle-nacks-ltd/,,,manufacturer,Textile Connect: apparel-and-product-manufacturing,Contact for quote,Textile Connect,https://textileconnect.com/directory/
Nehemiah Manufacturing Company,Cincinnati,OH,https://textileconnect.com/directory/nehemiah-manufacturing-company/,https://textileconnect.com/directory/nehemiah-manufacturing-company/,https://textileconnect.com/directory/nehemiah-manufacturing-company/,,,manufacturer,Textile Connect: apparel-and-product-manufacturing,Contact for quote,Textile Connect,https://textileconnect.com/directory/
Nell’s Fabrics,Hickory,NC,https://textileconnect.com/directory/nells-fabrics/,https://textileconnect.com/directory/nells-fabrics/,https://textileconnect.com/directory/nells-fabrics/,,,manufacturer,Textile Connect: apparel-and-product-manufacturing,Contact for quote,Textile Connect,https://textileconnect.com/directory/
Neocorp,Pawtucket,RI,https://textileconnect.com/directory/neocorp/,https://textileconnect.com/directory/neocorp/,https://textileconnect.com/directory/neocorp/,,,manufacturer,Textile Connect: apparel-and-product-manufacturing,Contact for quote,Textile Connect,https://textileconnect.com/directory/
Neo Fabrics Inc.,New Orleans,LA,https://textileconnect.com/directory/neo-fabrics-inc/,https://textileconnect.com/directory/neo-fabrics-inc/,https://textileconnect.com/directory/neo-fabrics-inc/,,,manufacturer,Textile Connect: apparel-and-product-manufacturing,Contact for quote,Textile Connect,https://textileconnect.com/directory/
Neogen Corporation,Lansing,MI,https://textileconnect.com/directory/neogen-corporation/,https://textileconnect.com/directory/neogen-corporation/,https://textileconnect.com/directory/neogen-corporation/,,,manufacturer,Textile Connect: apparel-and-product-manufacturing,Contact for quote,Textile Connect,https://textileconnect.com/directory/
Neptco Inc – Granite Falls Facility,Granite Falls,NC,https://textileconnect.com/directory/neptco-inc-granite-falls-facility/,https://textileconnect.com/directory/neptco-inc-granite-falls-facility/,https://textileconnect.com/directory/neptco-inc-granite-falls-facility/,,,manufacturer,Textile Connect: apparel-and-product-manufacturing,Contact for quote,Textile Connect,https://textileconnect.com/directory/
Neptune Incorp,Lenoir,NC,https://textileconnect.com/directory/neptune-incorp/,https://textileconnect.com/directory/neptune-incorp/,https://textileconnect.com/directory/neptune-incorp/,,,manufacturer,Textile Connect: apparel-and-product-manufacturing,Contact for quote,Textile Connect,https://textileconnect.com/directory/
Ness Disposables,Asheville,NC,https://textileconnect.com/directory/ness-disposables/,https://textileconnect.com/directory/ness-disposables/,https://textileconnect.com/directory/ness-disposables/,,,manufacturer,Textile Connect: apparel-and-product-manufacturing,Contact for quote,Textile Connect,https://textileconnect.com/directory/
Nester Hosiery LLC,Mount Airy,NC,https://textileconnect.com/directory/nester-hosiery-llc/,https://textileconnect.com/directory/nester-hosiery-llc/,https://textileconnect.com/directory/nester-hosiery-llc/,,,manufacturer,Textile Connect: apparel-and-product-manufacturing,Contact for quote,Textile Connect,https://textileconnect.com/directory/
Nettexx,Greenville,SC,https://textileconnect.com/directory/nettexx/,https://textileconnect.com/directory/nettexx/,https://textileconnect.com/directory/nettexx/,,,manufacturer,Textile Connect: apparel-and-product-manufacturing,Contact for quote,Textile Connect,https://textileconnect.com/directory/
Network Systems International,Greensboro,NC,https://textileconnect.com/directory/network-systems-international/,https://textileconnect.com/directory/network-systems-international/,https://textileconnect.com/directory/network-systems-international/,,,manufacturer,Textile Connect: apparel-and-product-manufacturing,Contact for quote,Textile Connect,https://textileconnect.com/directory/
Neuville Industries Inc,Hildebran,NC,https://textileconnect.com/directory/neuville-industries-inc/,https://textileconnect.com/directory/neuville-industries-inc/,https://textileconnect.com/directory/neuville-industries-inc/,,,manufacturer,Textile Connect: apparel-and-product-manufacturing,Contact for quote,Textile Connect,https://textileconnect.com/directory/
Nevins Center Inc,Charlotte,NC,https://textileconnect.com/directory/nevins-center-inc/,https://textileconnect.com/directory/nevins-center-inc/,https://textileconnect.com/directory/nevins-center-inc/,,,manufacturer,Textile Connect: apparel-and-product-manufacturing,Contact for quote,Textile Connect,https://textileconnect.com/directory/
Nevown Inc (Inactive),Greer,SC,https://textileconnect.com/directory/nevown-inc-inactive/,https://textileconnect.com/directory/nevown-inc-inactive/,https://textileconnect.com/directory/nevown-inc-inactive/,,,manufacturer,Textile Connect: apparel-and-product-manufacturing,Contact for quote,Textile Connect,https://textileconnect.com/directory/
New American Embroidery,Travelers Rest,SC,https://textileconnect.com/directory/new-american-embroidery/,https://textileconnect.com/directory/new-american-embroidery/,https://textileconnect.com/directory/new-american-embroidery/,,,manufacturer,Textile Connect: apparel-and-product-manufacturing,Contact for quote,Textile Connect,https://textileconnect.com/directory/
"New Bedford Thread Co., Inc.",Fairhaven,MA,https://textileconnect.com/directory/new-bedford-thread-co-inc/,https://textileconnect.com/directory/new-bedford-thread-co-inc/,https://textileconnect.com/directory/new-bedford-thread-co-inc/,,,manufacturer,Textile Connect: apparel-and-product-manufacturing,Contact for quote,Textile Connect,https://textileconnect.com/directory/
"New Bern Garment Co., Inc.",New Bern,NC,https://textileconnect.com/directory/new-bern-garment-co-inc/,https://textileconnect.com/directory/new-bern-garment-co-inc/,https://textileconnect.com/directory/new-bern-garment-co-inc/,,,manufacturer,Textile Connect: apparel-and-product-manufacturing,Contact for quote,Textile Connect,https://textileconnect.com/directory/
Newbold Corporation (Admin Dissolved),Huntersville,NC,https://textileconnect.com/directory/newbold-corporation-admin-dissolved/,https://textileconnect.com/directory/newbold-corporation-admin-dissolved/,https://textileconnect.com/directory/newbold-corporation-admin-dissolved/,,,manufacturer,Textile Connect: apparel-and-product-manufacturing,Contact for quote,Textile Connect,https://textileconnect.com/directory/
New Century Yarns,Burlington,NC,https://textileconnect.com/directory/new-century-yarns/,https://textileconnect.com/directory/new-century-yarns/,https://textileconnect.com/directory/new-century-yarns/,,,manufacturer,Textile Connect: apparel-and-product-manufacturing,Contact for quote,Textile Connect,https://textileconnect.com/directory/
Newell & Sons,Roxboro,NC,https://textileconnect.com/directory/newell-sons/,https://textileconnect.com/directory/newell-sons/,https://textileconnect.com/directory/newell-sons/,,,manufacturer,Textile Connect: apparel-and-product-manufacturing,Contact for quote,Textile Connect,https://textileconnect.com/directory/
Newell Rubbermaid Inc,High Point,NC,https://textileconnect.com/directory/newell-rubbermaid-inc/,https://textileconnect.com/directory/newell-rubbermaid-inc/,https://textileconnect.com/directory/newell-rubbermaid-inc/,,,manufacturer,Textile Connect: apparel-and-product-manufacturing,Contact for quote,Textile Connect,https://textileconnect.com/directory/
New Era Embroidery,Gastonia,NC,https://textileconnect.com/directory/new-era-embroidery/,https://textileconnect.com/directory/new-era-embroidery/,https://textileconnect.com/directory/new-era-embroidery/,,,manufacturer,Textile Connect: apparel-and-product-manufacturing,Contact for quote,Textile Connect,https://textileconnect.com/directory/
Newgard Industries Inc,Monroe,NC,https://textileconnect.com/directory/newgard-industries-inc/,https://textileconnect.com/directory/newgard-industries-inc/,https://textileconnect.com/directory/newgard-industries-inc/,,,manufacturer,Textile Connect: apparel-and-product-manufacturing,Contact for quote,Textile Connect,https://textileconnect.com/directory/
New Generation Yarns,Gibsonville,NC,https://textileconnect.com/directory/new-generation-yarns/,https://textileconnect.com/directory/new-generation-yarns/,https://textileconnect.com/directory/new-generation-yarns/,,,manufacturer,Textile Connect: apparel-and-product-manufacturing,Contact for quote,Textile Connect,https://textileconnect.com/directory/
New Haven Moving Equipment,Los Angeles,CA,https://textileconnect.com/directory/new-haven-moving-equipment/,https://textileconnect.com/directory/new-haven-moving-equipment/,https://textileconnect.com/directory/new-haven-moving-equipment/,,,manufacturer,Textile Connect: apparel-and-product-manufacturing,Contact for quote,Textile Connect,https://textileconnect.com/directory/
"New Jersey Textiles, Inc.",Clifton,NJ,https://textileconnect.com/directory/new-jersey-textiles-inc/,https://textileconnect.com/directory/new-jersey-textiles-inc/,https://textileconnect.com/directory/new-jersey-textiles-inc/,,,manufacturer,Textile Connect: apparel-and-product-manufacturing,Contact for quote,Textile Connect,https://textileconnect.com/directory/
New Power Designs Inc,Laurens,SC,https://textileconnect.com/directory/new-power-designs-inc/,https://textileconnect.com/directory/new-power-designs-inc/,https://textileconnect.com/directory/new-power-designs-inc/,,,manufacturer,Textile Connect: apparel-and-product-manufacturing,Contact for quote,Textile Connect,https://textileconnect.com/directory/
New River Artisan’s Inc,Piney Creek,NC,https://textileconnect.com/directory/new-river-artisans-inc/,https://textileconnect.com/directory/new-river-artisans-inc/,https://textileconnect.com/directory/new-river-artisans-inc/,,,manufacturer,Textile Connect: apparel-and-product-manufacturing,Contact for quote,Textile Connect,https://textileconnect.com/directory/
New River Fabrics Inc,Newton,NC,https://textileconnect.com/directory/new-river-fabrics-inc/,https://textileconnect.com/directory/new-river-fabrics-inc/,https://textileconnect.com/directory/new-river-fabrics-inc/,,,manufacturer,Textile Connect: apparel-and-product-manufacturing,Contact for quote,Textile Connect,https://textileconnect.com/directory/
New South Athletic,Dallas,NC,https://textileconnect.com/directory/new-south-athletic/,https://textileconnect.com/directory/new-south-athletic/,https://textileconnect.com/directory/new-south-athletic/,,,manufacturer,Textile Connect: apparel-and-product-manufacturing,Contact for quote,Textile Connect,https://textileconnect.com/directory/
New South Wales Trading Co,Greensboro,NC,https://textileconnect.com/directory/new-south-wales-trading-co/,https://textileconnect.com/directory/new-south-wales-trading-co/,https://textileconnect.com/directory/new-south-wales-trading-co/,,,manufacturer,Textile Connect: apparel-and-product-manufacturing,Contact for quote,Textile Connect,https://textileconnect.com/directory/
Newtex Industries Inc.,Victor,NY,https://textileconnect.com/directory/newtex-industries-inc/,https://textileconnect.com/directory/newtex-industries-inc/,https://textileconnect.com/directory/newtex-industries-inc/,,,manufacturer,Textile Connect: apparel-and-product-manufacturing,Contact for quote,Textile Connect,https://textileconnect.com/directory/
New Wave Embroidery,Myrtle Beach,SC,https://textileconnect.com/directory/new-wave-embroidery/,https://textileconnect.com/directory/new-wave-embroidery/,https://textileconnect.com/directory/new-wave-embroidery/,,,manufacturer,Textile Connect: apparel-and-product-manufacturing,Contact for quote,Textile Connect,https://textileconnect.com/directory/
Nexis Fibers Ltd.,Summerville,SC,https://textileconnect.com/directory/nexis-fibers-ltd/,https://textileconnect.com/directory/nexis-fibers-ltd/,https://textileconnect.com/directory/nexis-fibers-ltd/,,,manufacturer,Textile Connect: apparel-and-product-manufacturing,Contact for quote,Textile Connect,https://textileconnect.com/directory/
Nexis Fibers Trading and Services Ltd.,Social Circle,GA,https://textileconnect.com/directory/nexis-fibers-trading-and-services-ltd/,https://textileconnect.com/directory/nexis-fibers-trading-and-services-ltd/,https://textileconnect.com/directory/nexis-fibers-trading-and-services-ltd/,,,manufacturer,Textile Connect: apparel-and-product-manufacturing,Contact for quote,Textile Connect,https://textileconnect.com/directory/
Nexsen Textiles Inc,Spartanburg,SC,https://textileconnect.com/directory/nexsen-textiles-inc/,https://textileconnect.com/directory/nexsen-textiles-inc/,https://textileconnect.com/directory/nexsen-textiles-inc/,,,manufacturer,Textile Connect: apparel-and-product-manufacturing,Contact for quote,Textile Connect,https://textileconnect.com/directory/
Nibrol,Lancaster,SC,https://textileconnect.com/directory/nibrol/,https://textileconnect.com/directory/nibrol/,https://textileconnect.com/directory/nibrol/,,,manufacturer,Textile Connect: apparel-and-product-manufacturing,Contact for quote,Textile Connect,https://textileconnect.com/directory/
Nice-Pak,Orangeburg,NY,https://textileconnect.com/directory/nice-pak/,https://textileconnect.com/directory/nice-pak/,https://textileconnect.com/directory/nice-pak/,,,manufacturer,Textile Connect: apparel-and-product-manufacturing,Contact for quote,Textile Connect,https://textileconnect.com/directory/
Nice-Pak/PDI,Orangeburg,NY,https://textileconnect.com/directory/nice-pak-pdi/,https://textileconnect.com/directory/nice-pak-pdi/,https://textileconnect.com/directory/nice-pak-pdi/,,,manufacturer,Textile Connect: apparel-and-product-manufacturing,Contact for quote,Textile Connect,https://textileconnect.com/directory/
Niche Graphic Flooring,Dalton,GA,https://textileconnect.com/directory/niche-graphic-flooring/,https://textileconnect.com/directory/niche-graphic-flooring/,https://textileconnect.com/directory/niche-graphic-flooring/,,,manufacturer,Textile Connect: apparel-and-product-manufacturing,Contact for quote,Textile Connect,https://textileconnect.com/directory/
Nicole M Haynes,Holly Springs,NC,https://textileconnect.com/directory/nicole-m-haynes/,https://textileconnect.com/directory/nicole-m-haynes/,https://textileconnect.com/directory/nicole-m-haynes/,,,manufacturer,Textile Connect: apparel-and-product-manufacturing,Contact for quote,Textile Connect,https://textileconnect.com/directory/
Nightmare Ventures,Greensboro,NC,https://textileconnect.com/directory/nightmare-ventures/,https://textileconnect.com/directory/nightmare-ventures/,https://textileconnect.com/directory/nightmare-ventures/,,,manufacturer,Textile Connect: apparel-and-product-manufacturing,Contact for quote,Textile Connect,https://textileconnect.com/directory/
Nilit America Corp,Greensboro,NC,https://textileconnect.com/directory/nilit-america-corp/,https://textileconnect.com/directory/nilit-america-corp/,https://textileconnect.com/directory/nilit-america-corp/,,,manufacturer,Textile Connect: apparel-and-product-manufacturing,Contact for quote,Textile Connect,https://textileconnect.com/directory/
Nipkow & Kobelt Inc.,New York,NY,https://textileconnect.com/directory/nipkow-kobelt-inc/,https://textileconnect.com/directory/nipkow-kobelt-inc/,https://textileconnect.com/directory/nipkow-kobelt-inc/,,,manufacturer,Textile Connect: apparel-and-product-manufacturing,Contact for quote,Textile Connect,https://textileconnect.com/directory/
N J Enterprises,Stanley,NC,https://textileconnect.com/directory/n-j-enterprises/,https://textileconnect.com/directory/n-j-enterprises/,https://textileconnect.com/directory/n-j-enterprises/,,,manufacturer,Textile Connect: apparel-and-product-manufacturing,Contact for quote,Textile Connect,https://textileconnect.com/directory/
Noah Lamport Inc.,Los Angeles,CA,https://textileconnect.com/directory/noah-lamport-inc/,https://textileconnect.com/directory/noah-lamport-inc/,https://textileconnect.com/directory/noah-lamport-inc/,,,manufacturer,Textile Connect: apparel-and-product-manufacturing,Contact for quote,Textile Connect,https://textileconnect.com/directory/
"Noble Biomaterials, Inc.",Scranton,PA,https://textileconnect.com/directory/noble-biomaterials-inc/,https://textileconnect.com/directory/noble-biomaterials-inc/,https://textileconnect.com/directory/noble-biomaterials-inc/,,,manufacturer,Textile Connect: apparel-and-product-manufacturing,Contact for quote,Textile Connect,https://textileconnect.com/directory/
Nolen Machine Co,Gastonia,NC,https://textileconnect.com/directory/nolen-machine-co/,https://textileconnect.com/directory/nolen-machine-co/,https://textileconnect.com/directory/nolen-machine-co/,,,manufacturer,Textile Connect: apparel-and-product-manufacturing,Contact for quote,Textile Connect,https://textileconnect.com/directory/
"NOMAR LLC, Northern Marine Canvas Products",Homer,AK,https://textileconnect.com/directory/nomar-llc-northern-marine-canvas-products/,https://textileconnect.com/directory/nomar-llc-northern-marine-canvas-products/,https://textileconnect.com/directory/nomar-llc-northern-marine-canvas-products/,,,manufacturer,Textile Connect: apparel-and-product-manufacturing,Contact for quote,Textile Connect,https://textileconnect.com/directory/
Nonwoven Industries USA LLC,Fountain Inn,SC,https://textileconnect.com/directory/nonwoven-industries-usa-llc/,https://textileconnect.com/directory/nonwoven-industries-usa-llc/,https://textileconnect.com/directory/nonwoven-industries-usa-llc/,,,manufacturer,Textile Connect: apparel-and-product-manufacturing,Contact for quote,Textile Connect,https://textileconnect.com/directory/
Nonwoven Resource Metrics LLC,Beach Haven,NJ,https://textileconnect.com/directory/nonwoven-resource-metrics-llc/,https://textileconnect.com/directory/nonwoven-resource-metrics-llc/,https://textileconnect.com/directory/nonwoven-resource-metrics-llc/,,,manufacturer,Textile Connect: apparel-and-product-manufacturing,Contact for quote,Textile Connect,https://textileconnect.com/directory/
Nonwovens By Design,Seneca,SC,https://textileconnect.com/directory/nonwovens-by-design/,https://textileconnect.com/directory/nonwovens-by-design/,https://textileconnect.com/directory/nonwovens-by-design/,,,manufacturer,Textile Connect: apparel-and-product-manufacturing,Contact for quote,Textile Connect,https://textileconnect.com/directory/
Nonwovens Cooperative Research Center (NCRC),Raleigh,NC,https://textileconnect.com/directory/nonwovens-cooperative-research-center-ncrc/,https://textileconnect.com/directory/nonwovens-cooperative-research-center-ncrc/,https://textileconnect.com/directory/nonwovens-cooperative-research-center-ncrc/,,,manufacturer,Textile Connect: apparel-and-product-manufacturing,Contact for quote,Textile Connect,https://textileconnect.com/directory/
Nonwovens Intelligence LLC,Salem,NH,https://textileconnect.com/directory/nonwovens-intelligence-llc/,https://textileconnect.com/directory/nonwovens-intelligence-llc/,https://textileconnect.com/directory/nonwovens-intelligence-llc/,,,manufacturer,Textile Connect: apparel-and-product-manufacturing,Contact for quote,Textile Connect,https://textileconnect.com/directory/
Nonwoven Source,Georgetown,TX,https://textileconnect.com/directory/nonwoven-source/,https://textileconnect.com/directory/nonwoven-source/,https://textileconnect.com/directory/nonwoven-source/,,,manufacturer,Textile Connect: apparel-and-product-manufacturing,Contact for quote,Textile Connect,https://textileconnect.com/directory/
Nonwoven Technology Associates LLC,Fort Mill,SC,https://textileconnect.com/directory/nonwoven-technology-associates-llc/,https://textileconnect.com/directory/nonwoven-technology-associates-llc/,https://textileconnect.com/directory/nonwoven-technology-associates-llc/,,,manufacturer,Textile Connect: apparel-and-product-manufacturing,Contact for quote,Textile Connect,https://textileconnect.com/directory/
Norafin Inc. – Asheville,Asheville,NC,https://textileconnect.com/directory/norafin-inc-asheville/,https://textileconnect.com/directory/norafin-inc-asheville/,https://textileconnect.com/directory/norafin-inc-asheville/,,,manufacturer,Textile Connect: apparel-and-product-manufacturing,Contact for quote,Textile Connect,https://textileconnect.com/directory/
Norafin Inc. – Mills River,Mills River,NC,https://textileconnect.com/directory/norafin-inc-mills-river/,https://textileconnect.com/directory/norafin-inc-mills-river/,https://textileconnect.com/directory/norafin-inc-mills-river/,,,manufacturer,Textile Connect: apparel-and-product-manufacturing,Contact for quote,Textile Connect,https://textileconnect.com/directory/
Norco Textiles Inc,Morganton,NC,https://textileconnect.com/directory/norco-textiles-inc/,https://textileconnect.com/directory/norco-textiles-inc/,https://textileconnect.com/directory/norco-textiles-inc/,,,manufacturer,Textile Connect: apparel-and-product-manufacturing,Contact for quote,Textile Connect,https://textileconnect.com/directory/
"Norman C. Shatz Co., Inc.",Bensalem,PA,https://textileconnect.com/directory/norman-c-shatz-co-inc/,https://textileconnect.com/directory/norman-c-shatz-co-inc/,https://textileconnect.com/directory/norman-c-shatz-co-inc/,,,manufacturer,Textile Connect: apparel-and-product-manufacturing,Contact for quote,Textile Connect,https://textileconnect.com/directory/
"Norman W. Paschall Co., Inc.",Peachtree,GA,https://textileconnect.com/directory/norman-w-paschall-co-inc/,https://textileconnect.com/directory/norman-w-paschall-co-inc/,https://textileconnect.com/directory/norman-w-paschall-co-inc/,,,manufacturer,Textile Connect: apparel-and-product-manufacturing,Contact for quote,Textile Connect,https://textileconnect.com/directory/
Normtex Inc,Maiden,NC,https://textileconnect.com/directory/normtex-inc/,https://textileconnect.com/directory/normtex-inc/,https://textileconnect.com/directory/normtex-inc/,,,manufacturer,Textile Connect: apparel-and-product-manufacturing,Contact for quote,Textile Connect,https://textileconnect.com/directory/
North American Aerodynamics,Roxboro,NC,https://textileconnect.com/directory/north-american-aerodynamics/,https://textileconnect.com/directory/north-american-aerodynamics/,https://textileconnect.com/directory/north-american-aerodynamics/,,,manufacturer,Textile Connect: apparel-and-product-manufacturing,Contact for quote,Textile Connect,https://textileconnect.com/directory/
North American Athleticwear,Indian Trail,NC,https://textileconnect.com/directory/north-american-athleticwear/,https://textileconnect.com/directory/north-american-athleticwear/,https://textileconnect.com/directory/north-american-athleticwear/,,,manufacturer,Textile Connect: apparel-and-product-manufacturing,Contact for quote,Textile Connect,https://textileconnect.com/directory/
North American Green,Poseyville,IN,https://textileconnect.com/directory/north-american-green/,https://textileconnect.com/directory/north-american-green/,https://textileconnect.com/directory/north-american-green/,,,manufacturer,Textile Connect: apparel-and-product-manufacturing,Contact for quote,Textile Connect,https://textileconnect.com/directory/
North American Insulation Manufacturers Association,Alexandria,VA,https://textileconnect.com/directory/north-american-insulation-manufacturers-association/,https://textileconnect.com/directory/north-american-insulation-manufacturers-association/,https://textileconnect.com/directory/north-american-insulation-manufacturers-association/,,,manufacturer,Textile Connect: apparel-and-product-manufacturing,Contact for quote,Textile Connect,https://textileconnect.com/directory/
North American Manufacturing,Scranton,PA,https://textileconnect.com/directory/north-american-manufacturing/,https://textileconnect.com/directory/north-american-manufacturing/,https://textileconnect.com/directory/north-american-manufacturing/,,,manufacturer,Textile Connect: apparel-and-product-manufacturing,Contact for quote,Textile Connect,https://textileconnect.com/directory/
North American Trading Co,Spartanburg,SC,https://textileconnect.com/directory/north-american-trading-co/,https://textileconnect.com/directory/north-american-trading-co/,https://textileconnect.com/directory/north-american-trading-co/,,,manufacturer,Textile Connect: apparel-and-product-manufacturing,Contact for quote,Textile Connect,https://textileconnect.com/directory/
Northampton Warehouse,Jackson,NC,https://textileconnect.com/directory/northampton-warehouse/,https://textileconnect.com/directory/northampton-warehouse/,https://textileconnect.com/directory/northampton-warehouse/,,,manufacturer,Textile Connect: apparel-and-product-manufacturing,Contact for quote,Textile Connect,https://textileconnect.com/directory/
North Beach Marine Canvas,San Francisco,CA,https://textileconnect.com/directory/north-beach-marine-canvas/,https://textileconnect.com/directory/north-beach-marine-canvas/,https://textileconnect.com/directory/north-beach-marine-canvas/,,,manufacturer,Textile Connect: apparel-and-product-manufacturing,Contact for quote,Textile Connect,https://textileconnect.com/directory/
North Carolina Chamber,Raleigh,NC,https://textileconnect.com/directory/north-carolina-chamber/,https://textileconnect.com/directory/north-carolina-chamber/,https://textileconnect.com/directory/north-carolina-chamber/,,,manufacturer,Textile Connect: apparel-and-product-manufacturing,Contact for quote,Textile Connect,https://textileconnect.com/directory/
North Carolina Foam Industries,Mount Airy,NC,https://textileconnect.com/directory/north-carolina-foam-industries/,https://textileconnect.com/directory/north-carolina-foam-industries/,https://textileconnect.com/directory/north-carolina-foam-industries/,,,manufacturer,Textile Connect: apparel-and-product-manufacturing,Contact for quote,Textile Connect,https://textileconnect.com/directory/
North Carolina Manufacturers Association,Raleigh,NC,https://textileconnect.com/directory/north-carolina-manufacturers-association/,https://textileconnect.com/directory/north-carolina-manufacturers-association/,https://textileconnect.com/directory/north-carolina-manufacturers-association/,,,manufacturer,Textile Connect: apparel-and-product-manufacturing,Contact for quote,Textile Connect,https://textileconnect.com/directory/
North Carolina Motorsports Association,Concord,NC,https://textileconnect.com/directory/north-carolina-motorsports-association/,https://textileconnect.com/directory/north-carolina-motorsports-association/,https://textileconnect.com/directory/north-carolina-motorsports-association/,,,manufacturer,Textile Connect: apparel-and-product-manufacturing,Contact for quote,Textile Connect,https://textileconnect.com/directory/
North Carolina Sewn,Morganton,NC,https://textileconnect.com/directory/north-carolina-sewn/,https://textileconnect.com/directory/north-carolina-sewn/,https://textileconnect.com/directory/north-carolina-sewn/,,,manufacturer,Textile Connect: apparel-and-product-manufacturing,Contact for quote,Textile Connect,https://textileconnect.com/directory/
North Carolina Spinning Mills,Lincolnton,NC,https://textileconnect.com/directory/north-carolina-spinning-mills/,https://textileconnect.com/directory/north-carolina-spinning-mills/,https://textileconnect.com/directory/north-carolina-spinning-mills/,,,manufacturer,Textile Connect: apparel-and-product-manufacturing,Contact for quote,Textile Connect,https://textileconnect.com/directory/
North Carolina Textile Foundation,Raleigh,NC,https://textileconnect.com/directory/north-carolina-textile-foundation/,https://textileconnect.com/directory/north-carolina-textile-foundation/,https://textileconnect.com/directory/north-carolina-textile-foundation/,,,manufacturer,Textile Connect: apparel-and-product-manufacturing,Contact for quote,Textile Connect,https://textileconnect.com/directory/
"Northeastern Nonwovens, Inc.",Rochester,NH,https://textileconnect.com/directory/northeastern-nonwovens-inc/,https://textileconnect.com/directory/northeastern-nonwovens-inc/,https://textileconnect.com/directory/northeastern-nonwovens-inc/,,,manufacturer,Textile Connect: apparel-and-product-manufacturing,Contact for quote,Textile Connect,https://textileconnect.com/directory/
"North East Knittings, Inc.",Pawtucket,RI,https://textileconnect.com/directory/north-east-knittings-inc/,https://textileconnect.com/directory/north-east-knittings-inc/,https://textileconnect.com/directory/north-east-knittings-inc/,,,manufacturer,Textile Connect: apparel-and-product-manufacturing,Contact for quote,Textile Connect,https://textileconnect.com/directory/
Northeast Textile,Clover,SC,https://textileconnect.com/directory/northeast-textile/,https://textileconnect.com/directory/northeast-textile/,https://textileconnect.com/directory/northeast-textile/,,,manufacturer,Textile Connect: apparel-and-product-manufacturing,Contact for quote,Textile Connect,https://textileconnect.com/directory/
"Northern Spinning, S.A. de C.V.",,,https://textileconnect.com/directory/northern-spinning-s-a-de-c-v/,https://textileconnect.com/directory/northern-spinning-s-a-de-c-v/,https://textileconnect.com/directory/northern-spinning-s-a-de-c-v/,,,manufacturer,Textile Connect: apparel-and-product-manufacturing,Contact for quote,Textile Connect,https://textileconnect.com/directory/
"Northern Textiles, S.A. de C.V.",,,https://textileconnect.com/directory/northern-textiles-s-a-de-c-v/,https://textileconnect.com/directory/northern-textiles-s-a-de-c-v/,https://textileconnect.com/directory/northern-textiles-s-a-de-c-v/,,,manufacturer,Textile Connect: apparel-and-product-manufacturing,Contact for quote,Textile Connect,https://textileconnect.com/directory/
Northfield Trading Co Inc,Mt Pleasant,SC,https://textileconnect.com/directory/northfield-trading-co-inc/,https://textileconnect.com/directory/northfield-trading-co-inc/,https://textileconnect.com/directory/northfield-trading-co-inc/,,,manufacturer,Textile Connect: apparel-and-product-manufacturing,Contact for quote,Textile Connect,https://textileconnect.com/directory/
North Georgia Textile,Summerville,GA,https://textileconnect.com/directory/north-georgia-textile/,https://textileconnect.com/directory/north-georgia-textile/,https://textileconnect.com/directory/north-georgia-textile/,,,manufacturer,Textile Connect: apparel-and-product-manufacturing,Contact for quote,Textile Connect,https://textileconnect.com/directory/
North Safety Products,Maiden,NC,https://textileconnect.com/directory/north-safety-products/,https://textileconnect.com/directory/north-safety-products/,https://textileconnect.com/directory/north-safety-products/,,,manufacturer,Textile Connect: apparel-and-product-manufacturing,Contact for quote,Textile Connect,https://textileconnect.com/directory/
North Sails,Beaufort,NC,https://textileconnect.com/directory/north-sails/,https://textileconnect.com/directory/north-sails/,https://textileconnect.com/directory/north-sails/,,,manufacturer,Textile Connect: apparel-and-product-manufacturing,Contact for quote,Textile Connect,https://textileconnect.com/directory/
North Sails South Carolina,North Charleston,SC,https://textileconnect.com/directory/north-sails-south-carolina/,https://textileconnect.com/directory/north-sails-south-carolina/,https://textileconnect.com/directory/north-sails-south-carolina/,,,manufacturer,Textile Connect: apparel-and-product-manufacturing,Contact for quote,Textile Connect,https://textileconnect.com/directory/
NorthShore Care Supply,Buffalo Grove,IL,https://textileconnect.com/directory/northshore-care-supply/,https://textileconnect.com/directory/northshore-care-supply/,https://textileconnect.com/directory/northshore-care-supply/,,,manufacturer,Textile Connect: apparel-and-product-manufacturing,Contact for quote,Textile Connect,https://textileconnect.com/directory/
Northstar Flag & Flagpole Co – Charlotte,Charlotte,NC,https://textileconnect.com/directory/northstar-flag-flagpole-co-charlotte/,https://textileconnect.com/directory/northstar-flag-flagpole-co-charlotte/,https://textileconnect.com/directory/northstar-flag-flagpole-co-charlotte/,,,manufacturer,Textile Connect: apparel-and-product-manufacturing,Contact for quote,Textile Connect,https://textileconnect.com/directory/
Northstar Flag & Flagpole Co – Greensboro,Greensboro,NC,https://textileconnect.com/directory/northstar-flag-flagpole-co-greensboro/,https://textileconnect.com/directory/northstar-flag-flagpole-co-greensboro/,https://textileconnect.com/directory/northstar-flag-flagpole-co-greensboro/,,,manufacturer,Textile Connect: apparel-and-product-manufacturing,Contact for quote,Textile Connect,https://textileconnect.com/directory/
North State Textiles,High Point,NC,https://textileconnect.com/directory/north-state-textiles/,https://textileconnect.com/directory/north-state-textiles/,https://textileconnect.com/directory/north-state-textiles/,,,manufacturer,Textile Connect: apparel-and-product-manufacturing,Contact for quote,Textile Connect,https://textileconnect.com/directory/
North Texas Tarp & Awning LLC,Denton,TX,https://textileconnect.com/directory/north-texas-tarp-awning-llc/,https://textileconnect.com/directory/north-texas-tarp-awning-llc/,https://textileconnect.com/directory/north-texas-tarp-awning-llc/,,,manufacturer,Textile Connect: apparel-and-product-manufacturing,Contact for quote,Textile Connect,https://textileconnect.com/directory/
Northwest Co,Ash,NC,https://textileconnect.com/directory/northwest-co/,https://textileconnect.com/directory/northwest-co/,https://textileconnect.com/directory/northwest-co/,,,manufacturer,Textile Connect: apparel-and-product-manufacturing,Contact for quote,Textile Connect,https://textileconnect.com/directory/
"Northwest Woolen Mills, Inc.",Woonsocket,RI,https://textileconnect.com/directory/northwest-woolen-mills-inc/,https://textileconnect.com/directory/northwest-woolen-mills-inc/,https://textileconnect.com/directory/northwest-woolen-mills-inc/,,,manufacturer,Textile Connect: apparel-and-product-manufacturing,Contact for quote,Textile Connect,https://textileconnect.com/directory/
Norvell Tent Mfg Co,Greensboro,NC,https://textileconnect.com/directory/norvell-tent-mfg-co/,https://textileconnect.com/directory/norvell-tent-mfg-co/,https://textileconnect.com/directory/norvell-tent-mfg-co/,,,manufacturer,Textile Connect: apparel-and-product-manufacturing,Contact for quote,Textile Connect,https://textileconnect.com/directory/
Norwood Yarn Sales,Norwood,NC,https://textileconnect.com/directory/norwood-yarn-sales/,https://textileconnect.com/directory/norwood-yarn-sales/,https://textileconnect.com/directory/norwood-yarn-sales/,,,manufacturer,Textile Connect: apparel-and-product-manufacturing,Contact for quote,Textile Connect,https://textileconnect.com/directory/
Nova Design Inc,Chapel Hill,NC,https://textileconnect.com/directory/nova-design-inc/,https://textileconnect.com/directory/nova-design-inc/,https://textileconnect.com/directory/nova-design-inc/,,,manufacturer,Textile Connect: apparel-and-product-manufacturing,Contact for quote,Textile Connect,https://textileconnect.com/directory/
Nova Engineering Machinery,Monroe,NC,https://textileconnect.com/directory/nova-engineering-machinery/,https://textileconnect.com/directory/nova-engineering-machinery/,https://textileconnect.com/directory/nova-engineering-machinery/,,,manufacturer,Textile Connect: apparel-and-product-manufacturing,Contact for quote,Textile Connect,https://textileconnect.com/directory/
Novalace S.A. de C.V.,,,https://textileconnect.com/directory/novalace-s-a-de-c-v/,https://textileconnect.com/directory/novalace-s-a-de-c-v/,https://textileconnect.com/directory/novalace-s-a-de-c-v/,,,manufacturer,Textile Connect: apparel-and-product-manufacturing,Contact for quote,Textile Connect,https://textileconnect.com/directory/
Nova Tech International LLC,Graham,NC,https://textileconnect.com/directory/nova-tech-international-llc/,https://textileconnect.com/directory/nova-tech-international-llc/,https://textileconnect.com/directory/nova-tech-international-llc/,,,manufacturer,Textile Connect: apparel-and-product-manufacturing,Contact for quote,Textile Connect,https://textileconnect.com/directory/
Novatex International Inc.,Vernon,CA,https://textileconnect.com/directory/novatex-international-inc/,https://textileconnect.com/directory/novatex-international-inc/,https://textileconnect.com/directory/novatex-international-inc/,,,manufacturer,Textile Connect: apparel-and-product-manufacturing,Contact for quote,Textile Connect,https://textileconnect.com/directory/
Nova Yarns,Eden,NC,https://textileconnect.com/directory/nova-yarns/,https://textileconnect.com/directory/nova-yarns/,https://textileconnect.com/directory/nova-yarns/,,,manufacturer,Textile Connect: apparel-and-product-manufacturing,Contact for quote,Textile Connect,https://textileconnect.com/directory/
Noveltex Inc.,Los Angeles,CA,https://textileconnect.com/directory/noveltex-inc/,https://textileconnect.com/directory/noveltex-inc/,https://textileconnect.com/directory/noveltex-inc/,,,manufacturer,Textile Connect: apparel-and-product-manufacturing,Contact for quote,Textile Connect,https://textileconnect.com/directory/
Novelty Bias Binding Co.,Cumberland,RI,https://textileconnect.com/directory/novelty-bias-binding-co/,https://textileconnect.com/directory/novelty-bias-binding-co/,https://textileconnect.com/directory/novelty-bias-binding-co/,,,manufacturer,Textile Connect: apparel-and-product-manufacturing,Contact for quote,Textile Connect,https://textileconnect.com/directory/
Novelty Pom Pom Co.,New York,NY,https://textileconnect.com/directory/novelty-pom-pom-co/,https://textileconnect.com/directory/novelty-pom-pom-co/,https://textileconnect.com/directory/novelty-pom-pom-co/,,,manufacturer,Textile Connect: apparel-and-product-manufacturing,Contact for quote,Textile Connect,https://textileconnect.com/directory/
Noveon Inc,Gastonia,NC,https://textileconnect.com/directory/noveon-inc/,https://textileconnect.com/directory/noveon-inc/,https://textileconnect.com/directory/noveon-inc/,,,manufacturer,Textile Connect: apparel-and-product-manufacturing,Contact for quote,Textile Connect,https://textileconnect.com/directory/
NSC USA Inc,Fort Mill,SC,https://textileconnect.com/directory/nsc-usa-inc/,https://textileconnect.com/directory/nsc-usa-inc/,https://textileconnect.com/directory/nsc-usa-inc/,,,manufacturer,Textile Connect: apparel-and-product-manufacturing,Contact for quote,Textile Connect,https://textileconnect.com/directory/
NTI Global,Amsterdam,NY,https://textileconnect.com/directory/nti-global/,https://textileconnect.com/directory/nti-global/,https://textileconnect.com/directory/nti-global/,,,manufacturer,Textile Connect: apparel-and-product-manufacturing,Contact for quote,Textile Connect,https://textileconnect.com/directory/
Nufabrx,Conover,NC,https://textileconnect.com/directory/nufabrx/,https://textileconnect.com/directory/nufabrx/,https://textileconnect.com/directory/nufabrx/,,,manufacturer,Textile Connect: apparel-and-product-manufacturing,Contact for quote,Textile Connect,https://textileconnect.com/directory/
Nutek Custom Hosiery Inc,Hickory,NC,https://textileconnect.com/directory/nutek-custom-hosiery-inc/,https://textileconnect.com/directory/nutek-custom-hosiery-inc/,https://textileconnect.com/directory/nutek-custom-hosiery-inc/,,,manufacturer,Textile Connect: apparel-and-product-manufacturing,Contact for quote,Textile Connect,https://textileconnect.com/directory/
NuTex Concepts,Lenoir,NC,https://textileconnect.com/directory/nutex-concepts/,https://textileconnect.com/directory/nutex-concepts/,https://textileconnect.com/directory/nutex-concepts/,,,manufacturer,Textile Connect: apparel-and-product-manufacturing,Contact for quote,Textile Connect,https://textileconnect.com/directory/
Nutripeak,Charlotte,NC,https://textileconnect.com/directory/nutripeak/,https://textileconnect.com/directory/nutripeak/,https://textileconnect.com/directory/nutripeak/,,,manufacturer,Textile Connect: apparel-and-product-manufacturing,Contact for quote,Textile Connect,https://textileconnect.com/directory/
NYC Mensware,Fayetville,NC,https://textileconnect.com/directory/nyc-mensware/,https://textileconnect.com/directory/nyc-mensware/,https://textileconnect.com/directory/nyc-mensware/,,,manufacturer,Textile Connect: apparel-and-product-manufacturing,Contact for quote,Textile Connect,https://textileconnect.com/directory/
Nylon Dye Works,Asheboro,NC,https://textileconnect.com/directory/nylon-dye-works/,https://textileconnect.com/directory/nylon-dye-works/,https://textileconnect.com/directory/nylon-dye-works/,,,manufacturer,Textile Connect: apparel-and-product-manufacturing,Contact for quote,Textile Connect,https://textileconnect.com/directory/
NYP Corp – MO,St. Louis,MO,https://textileconnect.com/directory/nyp-corp-mo/,https://textileconnect.com/directory/nyp-corp-mo/,https://textileconnect.com/directory/nyp-corp-mo/,,,manufacturer,Textile Connect: apparel-and-product-manufacturing,Contact for quote,Textile Connect,https://textileconnect.com/directory/
NYP Corp – NC,Lumberton,NC,https://textileconnect.com/directory/nyp-corp-nc/,https://textileconnect.com/directory/nyp-corp-nc/,https://textileconnect.com/directory/nyp-corp-nc/,,,manufacturer,Textile Connect: apparel-and-product-manufacturing,Contact for quote,Textile Connect,https://textileconnect.com/directory/
NYP Corp – NJ,Elizabeth,NJ,https://textileconnect.com/directory/nyp-corp-nj/,https://textileconnect.com/directory/nyp-corp-nj/,https://textileconnect.com/directory/nyp-corp-nj/,,,manufacturer,Textile Connect: apparel-and-product-manufacturing,Contact for quote,Textile Connect,https://textileconnect.com/directory/
NYP Corp – OH,Madison,OH,https://textileconnect.com/directory/nyp-corp-oh/,https://textileconnect.com/directory/nyp-corp-oh/,https://textileconnect.com/directory/nyp-corp-oh/,,,manufacturer,Textile Connect: apparel-and-product-manufacturing,Contact for quote,Textile Connect,https://textileconnect.com/directory/
NYP Corp – PA,Leola,PA,https://textileconnect.com/directory/nyp-corp-pa/,https://textileconnect.com/directory/nyp-corp-pa/,https://textileconnect.com/directory/nyp-corp-pa/,,,manufacturer,Textile Connect: apparel-and-product-manufacturing,Contact for quote,Textile Connect,https://textileconnect.com/directory/
NYP Corp – TN,McMinnville,TN,https://textileconnect.com/directory/nyp-corp-tn/,https://textileconnect.com/directory/nyp-corp-tn/,https://textileconnect.com/directory/nyp-corp-tn/,,,manufacturer,Textile Connect: apparel-and-product-manufacturing,Contact for quote,Textile Connect,https://textileconnect.com/directory/
O-E Products,Simpsonville,SC,https://textileconnect.com/directory/o-e-products/,https://textileconnect.com/directory/o-e-products/,https://textileconnect.com/directory/o-e-products/,,,manufacturer,Textile Connect: apparel-and-product-manufacturing,Contact for quote,Textile Connect,https://textileconnect.com/directory/
O’Brian Manufacturing Co,Wilson,NC,https://textileconnect.com/directory/obrian-manufacturing-co/,https://textileconnect.com/directory/obrian-manufacturing-co/,https://textileconnect.com/directory/obrian-manufacturing-co/,,,manufacturer,Textile Connect: apparel-and-product-manufacturing,Contact for quote,Textile Connect,https://textileconnect.com/directory/
O’Connor & Sons Inc,Rock Hill,SC,https://textileconnect.com/directory/oconnor-sons-inc/,https://textileconnect.com/directory/oconnor-sons-inc/,https://textileconnect.com/directory/oconnor-sons-inc/,,,manufacturer,Textile Connect: apparel-and-product-manufacturing,Contact for quote,Textile Connect,https://textileconnect.com/directory/
O’Connor Monogram Embroidery & Apparel,Charleston,SC,https://textileconnect.com/directory/oconnor-monogram-embroidery-apparel/,https://textileconnect.com/directory/oconnor-monogram-embroidery-apparel/,https://textileconnect.com/directory/oconnor-monogram-embroidery-apparel/,,,manufacturer,Textile Connect: apparel-and-product-manufacturing,Contact for quote,Textile Connect,https://textileconnect.com/directory/
O’Dell Corp,Ware Shoals,SC,https://textileconnect.com/directory/odell-corp/,https://textileconnect.com/directory/odell-corp/,https://textileconnect.com/directory/odell-corp/,,,manufacturer,Textile Connect: apparel-and-product-manufacturing,Contact for quote,Textile Connect,https://textileconnect.com/directory/
O’Mara Incorporated,Rutherford College,NC,https://textileconnect.com/directory/omara-incorporated/,https://textileconnect.com/directory/omara-incorporated/,https://textileconnect.com/directory/omara-incorporated/,,,manufacturer,Textile Connect: apparel-and-product-manufacturing,Contact for quote,Textile Connect,https://textileconnect.com/directory/
"O’Neal, Inc.",Greenville,NC,https://textileconnect.com/directory/oneal-inc/,https://textileconnect.com/directory/oneal-inc/,https://textileconnect.com/directory/oneal-inc/,,,manufacturer,Textile Connect: apparel-and-product-manufacturing,Contact for quote,Textile Connect,https://textileconnect.com/directory/
Oakbrook Custom Embroidery Inc,Summerville,SC,https://textileconnect.com/directory/oakbrook-custom-embroidery-inc/,https://textileconnect.com/directory/oakbrook-custom-embroidery-inc/,https://textileconnect.com/directory/oakbrook-custom-embroidery-inc/,,,manufacturer,Textile Connect: apparel-and-product-manufacturing,Contact for quote,Textile Connect,https://textileconnect.com/directory/
Oakdale Cotton Mills,Jamestown,NC,https://textileconnect.com/directory/oakdale-cotton-mills/,https://textileconnect.com/directory/oakdale-cotton-mills/,https://textileconnect.com/directory/oakdale-cotton-mills/,,,manufacturer,Textile Connect: apparel-and-product-manufacturing,Contact for quote,Textile Connect,https://textileconnect.com/directory/
Oakhurst Textiles Inc,Browns Summit,NC,https://textileconnect.com/directory/oakhurst-textiles-inc/,https://textileconnect.com/directory/oakhurst-textiles-inc/,https://textileconnect.com/directory/oakhurst-textiles-inc/,,,manufacturer,Textile Connect: apparel-and-product-manufacturing,Contact for quote,Textile Connect,https://textileconnect.com/directory/
Oak Tree Industries Inc,Hilton Head Island,SC,https://textileconnect.com/directory/oak-tree-industries-inc/,https://textileconnect.com/directory/oak-tree-industries-inc/,https://textileconnect.com/directory/oak-tree-industries-inc/,,,manufacturer,Textile Connect: apparel-and-product-manufacturing,Contact for quote,Textile Connect,https://textileconnect.com/directory/
Octo Rose LLC,Elk Grove,CA,https://textileconnect.com/directory/octo-rose-llc/,https://textileconnect.com/directory/octo-rose-llc/,https://textileconnect.com/directory/octo-rose-llc/,,,manufacturer,Textile Connect: apparel-and-product-manufacturing,Contact for quote,Textile Connect,https://textileconnect.com/directory/
Odell Mill Supply Co,Greensboro,NC,https://textileconnect.com/directory/odell-mill-supply-co/,https://textileconnect.com/directory/odell-mill-supply-co/,https://textileconnect.com/directory/odell-mill-supply-co/,,,manufacturer,Textile Connect: apparel-and-product-manufacturing,Contact for quote,Textile Connect,https://textileconnect.com/directory/
OEC Fluid Handling,Spartanburg,SC,https://textileconnect.com/directory/oec-fluid-handling/,https://textileconnect.com/directory/oec-fluid-handling/,https://textileconnect.com/directory/oec-fluid-handling/,,,manufacturer,Textile Connect: apparel-and-product-manufacturing,Contact for quote,Textile Connect,https://textileconnect.com/directory/
OEM Sales & Svc Co,Winston Salem,NC,https://textileconnect.com/directory/oem-sales-svc-co/,https://textileconnect.com/directory/oem-sales-svc-co/,https://textileconnect.com/directory/oem-sales-svc-co/,,,manufacturer,Textile Connect: apparel-and-product-manufacturing,Contact for quote,Textile Connect,https://textileconnect.com/directory/
Oerlikon Textile Inc.,Charlotte,NC,https://textileconnect.com/directory/oerlikon-textile-inc/,https://textileconnect.com/directory/oerlikon-textile-inc/,https://textileconnect.com/directory/oerlikon-textile-inc/,,,manufacturer,Textile Connect: apparel-and-product-manufacturing,Contact for quote,Textile Connect,https://textileconnect.com/directory/
Office of Textiles & Apparel (OTEXA),Washington,District of Columbia (DC),https://textileconnect.com/directory/office-of-textiles-apparel-otexa/,https://textileconnect.com/directory/office-of-textiles-apparel-otexa/,https://textileconnect.com/directory/office-of-textiles-apparel-otexa/,,,manufacturer,Textile Connect: apparel-and-product-manufacturing,Contact for quote,Textile Connect,https://textileconnect.com/directory/
Of the Young and the Restless,Charleston,SC,https://textileconnect.com/directory/of-the-young-and-the-restless/,https://textileconnect.com/directory/of-the-young-and-the-restless/,https://textileconnect.com/directory/of-the-young-and-the-restless/,,,manufacturer,Textile Connect: apparel-and-product-manufacturing,Contact for quote,Textile Connect,https://textileconnect.com/directory/
Ohco Inc,Covington,GA,https://textileconnect.com/directory/ohco-inc/,https://textileconnect.com/directory/ohco-inc/,https://textileconnect.com/directory/ohco-inc/,,,manufacturer,Textile Connect: apparel-and-product-manufacturing,Contact for quote,Textile Connect,https://textileconnect.com/directory/
Oh Suzannah Apparel Mfg,Spindale,NC,https://textileconnect.com/directory/oh-suzannah-apparel-mfg/,https://textileconnect.com/directory/oh-suzannah-apparel-mfg/,https://textileconnect.com/directory/oh-suzannah-apparel-mfg/,,,manufacturer,Textile Connect: apparel-and-product-manufacturing,Contact for quote,Textile Connect,https://textileconnect.com/directory/
Oilcloth International Inc.,Los Angeles,CA,https://textileconnect.com/directory/oilcloth-international-inc/,https://textileconnect.com/directory/oilcloth-international-inc/,https://textileconnect.com/directory/oilcloth-international-inc/,,,manufacturer,Textile Connect: apparel-and-product-manufacturing,Contact for quote,Textile Connect,https://textileconnect.com/directory/
Oklahoma Cotton Co-Op Assn.,Altus,OK,https://textileconnect.com/directory/oklahoma-cotton-co-op-assn/,https://textileconnect.com/directory/oklahoma-cotton-co-op-assn/,https://textileconnect.com/directory/oklahoma-cotton-co-op-assn/,,,manufacturer,Textile Connect: apparel-and-product-manufacturing,Contact for quote,Textile Connect,https://textileconnect.com/directory/
"Okonite Co., The",Ramsey,NJ,https://textileconnect.com/directory/okonite-co-the/,https://textileconnect.com/directory/okonite-co-the/,https://textileconnect.com/directory/okonite-co-the/,,,manufacturer,Textile Connect: apparel-and-product-manufacturing,Contact for quote,Textile Connect,https://textileconnect.com/directory/
Old Dell Design’s,Magnolia,NC,https://textileconnect.com/directory/old-dell-designs/,https://textileconnect.com/directory/old-dell-designs/,https://textileconnect.com/directory/old-dell-designs/,,,manufacturer,Textile Connect: apparel-and-product-manufacturing,Contact for quote,Textile Connect,https://textileconnect.com/directory/
Old Town Drapery Shop Inc,Winston Salem,NC,https://textileconnect.com/directory/old-town-drapery-shop-inc/,https://textileconnect.com/directory/old-town-drapery-shop-inc/,https://textileconnect.com/directory/old-town-drapery-shop-inc/,,,manufacturer,Textile Connect: apparel-and-product-manufacturing,Contact for quote,Textile Connect,https://textileconnect.com/directory/
Oldtown Drapery Shop Inc,Winston Salem,NC,https://textileconnect.com/directory/oldtown-drapery-shop-inc/,https://textileconnect.com/directory/oldtown-drapery-shop-inc/,https://textileconnect.com/directory/oldtown-drapery-shop-inc/,,,manufacturer,Textile Connect: apparel-and-product-manufacturing,Contact for quote,Textile Connect,https://textileconnect.com/directory/
Oliver Rubber Co,Asheboro,NC,https://textileconnect.com/directory/oliver-rubber-co/,https://textileconnect.com/directory/oliver-rubber-co/,https://textileconnect.com/directory/oliver-rubber-co/,,,manufacturer,Textile Connect: apparel-and-product-manufacturing,Contact for quote,Textile Connect,https://textileconnect.com/directory/
Omara Inc,Spartanburg,SC,https://textileconnect.com/directory/omara-inc/,https://textileconnect.com/directory/omara-inc/,https://textileconnect.com/directory/omara-inc/,,,manufacturer,Textile Connect: apparel-and-product-manufacturing,Contact for quote,Textile Connect,https://textileconnect.com/directory/
Omar Sailmakers LTD,New Bern,NC,https://textileconnect.com/directory/omar-sailmakers-ltd/,https://textileconnect.com/directory/omar-sailmakers-ltd/,https://textileconnect.com/directory/omar-sailmakers-ltd/,,,manufacturer,Textile Connect: apparel-and-product-manufacturing,Contact for quote,Textile Connect,https://textileconnect.com/directory/
Omega InterTrade,Naperville,IL,https://textileconnect.com/directory/omega-intertrade/,https://textileconnect.com/directory/omega-intertrade/,https://textileconnect.com/directory/omega-intertrade/,,,manufacturer,Textile Connect: apparel-and-product-manufacturing,Contact for quote,Textile Connect,https://textileconnect.com/directory/
Omnia Products,Oxford,NC,https://textileconnect.com/directory/omnia-products/,https://textileconnect.com/directory/omnia-products/,https://textileconnect.com/directory/omnia-products/,,,manufacturer,Textile Connect: apparel-and-product-manufacturing,Contact for quote,Textile Connect,https://textileconnect.com/directory/
Omni International LLC,Albertson,NY,https://textileconnect.com/directory/omni-international-llc/,https://textileconnect.com/directory/omni-international-llc/,https://textileconnect.com/directory/omni-international-llc/,,,manufacturer,Textile Connect: apparel-and-product-manufacturing,Contact for quote,Textile Connect,https://textileconnect.com/directory/
Omni Supply Inc,Patterson,NC,https://textileconnect.com/directory/omni-supply-inc/,https://textileconnect.com/directory/omni-supply-inc/,https://textileconnect.com/directory/omni-supply-inc/,,,manufacturer,Textile Connect: apparel-and-product-manufacturing,Contact for quote,Textile Connect,https://textileconnect.com/directory/
Omnova Solutions,Beachwood,OH,https://textileconnect.com/directory/omnova-solutions/,https://textileconnect.com/directory/omnova-solutions/,https://textileconnect.com/directory/omnova-solutions/,,,manufacturer,Textile Connect: apparel-and-product-manufacturing,Contact for quote,Textile Connect,https://textileconnect.com/directory/
OMNOVA Solutions Inc,Chester,SC,https://textileconnect.com/directory/omnova-solutions-inc/,https://textileconnect.com/directory/omnova-solutions-inc/,https://textileconnect.com/directory/omnova-solutions-inc/,,,manufacturer,Textile Connect: apparel-and-product-manufacturing,Contact for quote,Textile Connect,https://textileconnect.com/directory/
"One Stop Resource, Inc.",Thomasville,NC,https://textileconnect.com/directory/one-stop-resource-inc/,https://textileconnect.com/directory/one-stop-resource-inc/,https://textileconnect.com/directory/one-stop-resource-inc/,,,manufacturer,Textile Connect: apparel-and-product-manufacturing,Contact for quote,Textile Connect,https://textileconnect.com/directory/
"Onyx Specialty Papers, Inc.",South Lee,MA,https://textileconnect.com/directory/onyx-specialty-papers-inc/,https://textileconnect.com/directory/onyx-specialty-papers-inc/,https://textileconnect.com/directory/onyx-specialty-papers-inc/,,,manufacturer,Textile Connect: apparel-and-product-manufacturing,Contact for quote,Textile Connect,https://textileconnect.com/directory/
Oobe Apparel Design Group,Greenville,SC,https://textileconnect.com/directory/oobe-apparel-design-group/,https://textileconnect.com/directory/oobe-apparel-design-group/,https://textileconnect.com/directory/oobe-apparel-design-group/,,,manufacturer,Textile Connect: apparel-and-product-manufacturing,Contact for quote,Textile Connect,https://textileconnect.com/directory/
Oppermann Webbing Inc,Piedmont,SC,https://textileconnect.com/directory/oppermann-webbing-inc/,https://textileconnect.com/directory/oppermann-webbing-inc/,https://textileconnect.com/directory/oppermann-webbing-inc/,,,manufacturer,Textile Connect: apparel-and-product-manufacturing,Contact for quote,Textile Connect,https://textileconnect.com/directory/
Opportunity Threads – Morganton,Morganton,NC,https://textileconnect.com/directory/opportunity-threads-morganton/,https://textileconnect.com/directory/opportunity-threads-morganton/,https://textileconnect.com/directory/opportunity-threads-morganton/,,,manufacturer,Textile Connect: apparel-and-product-manufacturing,Contact for quote,Textile Connect,https://textileconnect.com/directory/
Opportunity Threads – Valdese,Valdese,NC,https://textileconnect.com/directory/opportunity-threads-valdese/,https://textileconnect.com/directory/opportunity-threads-valdese/,https://textileconnect.com/directory/opportunity-threads-valdese/,,,manufacturer,Textile Connect: apparel-and-product-manufacturing,Contact for quote,Textile Connect,https://textileconnect.com/directory/
Optima Machinery Corporation,Green Bay,WI,https://textileconnect.com/directory/optima-machinery-corporation/,https://textileconnect.com/directory/optima-machinery-corporation/,https://textileconnect.com/directory/optima-machinery-corporation/,,,manufacturer,Textile Connect: apparel-and-product-manufacturing,Contact for quote,Textile Connect,https://textileconnect.com/directory/
Optimer Labs,Wilmington,DE,https://textileconnect.com/directory/optimer-labs/,https://textileconnect.com/directory/optimer-labs/,https://textileconnect.com/directory/optimer-labs/,,,manufacturer,Textile Connect: apparel-and-product-manufacturing,Contact for quote,Textile Connect,https://textileconnect.com/directory/
Optimum Filtration Co,Washington,NC,https://textileconnect.com/directory/optimum-filtration-co/,https://textileconnect.com/directory/optimum-filtration-co/,https://textileconnect.com/directory/optimum-filtration-co/,,,manufacturer,Textile Connect: apparel-and-product-manufacturing,Contact for quote,Textile Connect,https://textileconnect.com/directory/
Opus Air Craft LLC,Stoneville,NC,https://textileconnect.com/directory/opus-air-craft-llc/,https://textileconnect.com/directory/opus-air-craft-llc/,https://textileconnect.com/directory/opus-air-craft-llc/,,,manufacturer,Textile Connect: apparel-and-product-manufacturing,Contact for quote,Textile Connect,https://textileconnect.com/directory/
Orca,Mt Pleasant,SC,https://textileconnect.com/directory/orca/,https://textileconnect.com/directory/orca/,https://textileconnect.com/directory/orca/,,,manufacturer,Textile Connect: apparel-and-product-manufacturing,Contact for quote,Textile Connect,https://textileconnect.com/directory/
Orco Organic Dyes and Pigments,Union,SC,https://textileconnect.com/directory/orco-organic-dyes-and-pigments/,https://textileconnect.com/directory/orco-organic-dyes-and-pigments/,https://textileconnect.com/directory/orco-organic-dyes-and-pigments/,,,manufacturer,Textile Connect: apparel-and-product-manufacturing,Contact for quote,Textile Connect,https://textileconnect.com/directory/
Orders Distributing Co Inc,Greenville,SC,https://textileconnect.com/directory/orders-distributing-co-inc/,https://textileconnect.com/directory/orders-distributing-co-inc/,https://textileconnect.com/directory/orders-distributing-co-inc/,,,manufacturer,Textile Connect: apparel-and-product-manufacturing,Contact for quote,Textile Connect,https://textileconnect.com/directory/
Oreck,Winston Salem,NC,https://textileconnect.com/directory/oreck/,https://textileconnect.com/directory/oreck/,https://textileconnect.com/directory/oreck/,,,manufacturer,Textile Connect: apparel-and-product-manufacturing,Contact for quote,Textile Connect,https://textileconnect.com/directory/
Organic Textiles,Santa Ana,CA,https://textileconnect.com/directory/organic-textiles/,https://textileconnect.com/directory/organic-textiles/,https://textileconnect.com/directory/organic-textiles/,,,manufacturer,Textile Connect: apparel-and-product-manufacturing,Contact for quote,Textile Connect,https://textileconnect.com/directory/
"Organization of American States, Foreign Trade Information System",NW Washington,District of Columbia (DC),https://textileconnect.com/directory/organization-of-american-states-foreign-trade-information-system/,https://textileconnect.com/directory/organization-of-american-states-foreign-trade-information-system/,https://textileconnect.com/directory/organization-of-american-states-foreign-trade-information-system/,,,manufacturer,Textile Connect: apparel-and-product-manufacturing,Contact for quote,Textile Connect,https://textileconnect.com/directory/
Orian Rugs,Anderson,SC,https://textileconnect.com/directory/orian-rugs/,https://textileconnect.com/directory/orian-rugs/,https://textileconnect.com/directory/orian-rugs/,,,manufacturer,Textile Connect: apparel-and-product-manufacturing,Contact for quote,Textile Connect,https://textileconnect.com/directory/
Oriental Sailmakers,Oriental,NC,https://textileconnect.com/directory/oriental-sailmakers/,https://textileconnect.com/directory/oriental-sailmakers/,https://textileconnect.com/directory/oriental-sailmakers/,,,manufacturer,Textile Connect: apparel-and-product-manufacturing,Contact for quote,Textile Connect,https://textileconnect.com/directory/
Oriole Textile Co. Inc.,New York,NY,https://textileconnect.com/directory/oriole-textile-co-inc/,https://textileconnect.com/directory/oriole-textile-co-inc/,https://textileconnect.com/directory/oriole-textile-co-inc/,,,manufacturer,Textile Connect: apparel-and-product-manufacturing,Contact for quote,Textile Connect,https://textileconnect.com/directory/
Orion Finishing Corp,Travelers Rest,SC,https://textileconnect.com/directory/orion-finishing-corp/,https://textileconnect.com/directory/orion-finishing-corp/,https://textileconnect.com/directory/orion-finishing-corp/,,,manufacturer,Textile Connect: apparel-and-product-manufacturing,Contact for quote,Textile Connect,https://textileconnect.com/directory/
Orr Lyons Industries,Iva,SC,https://textileconnect.com/directory/orr-lyons-industries/,https://textileconnect.com/directory/orr-lyons-industries/,https://textileconnect.com/directory/orr-lyons-industries/,,,manufacturer,Textile Connect: apparel-and-product-manufacturing,Contact for quote,Textile Connect,https://textileconnect.com/directory/
Oscar Chandler & Co. Inc.,Syosset,NY,https://textileconnect.com/directory/oscar-chandler-co-inc/,https://textileconnect.com/directory/oscar-chandler-co-inc/,https://textileconnect.com/directory/oscar-chandler-co-inc/,,,manufacturer,Textile Connect: apparel-and-product-manufacturing,Contact for quote,Textile Connect,https://textileconnect.com/directory/
Osgood Textiles,West Springfield,MA,https://textileconnect.com/directory/osgood-textiles/,https://textileconnect.com/directory/osgood-textiles/,https://textileconnect.com/directory/osgood-textiles/,,,manufacturer,Textile Connect: apparel-and-product-manufacturing,Contact for quote,Textile Connect,https://textileconnect.com/directory/
Osprey Corporation,NE Atlanta,GA,https://textileconnect.com/directory/osprey-corporation/,https://textileconnect.com/directory/osprey-corporation/,https://textileconnect.com/directory/osprey-corporation/,,,manufacturer,Textile Connect: apparel-and-product-manufacturing,Contact for quote,Textile Connect,https://textileconnect.com/directory/
"OTEX Specialty Narrow Fabrics, Inc.",Bernardsville,NJ,https://textileconnect.com/directory/otex-specialty-narrow-fabrics-inc/,https://textileconnect.com/directory/otex-specialty-narrow-fabrics-inc/,https://textileconnect.com/directory/otex-specialty-narrow-fabrics-inc/,,,manufacturer,Textile Connect: apparel-and-product-manufacturing,Contact for quote,Textile Connect,https://textileconnect.com/directory/
O T Sports,Burlington,NC,https://textileconnect.com/directory/o-t-sports/,https://textileconnect.com/directory/o-t-sports/,https://textileconnect.com/directory/o-t-sports/,,,manufacturer,Textile Connect: apparel-and-product-manufacturing,Contact for quote,Textile Connect,https://textileconnect.com/directory/
Otto Zollinger Inc,Spartanburg,SC,https://textileconnect.com/directory/otto-zollinger-inc/,https://textileconnect.com/directory/otto-zollinger-inc/,https://textileconnect.com/directory/otto-zollinger-inc/,,,manufacturer,Textile Connect: apparel-and-product-manufacturing,Contact for quote,Textile Connect,https://textileconnect.com/directory/
Our Daily Threads,Rockingham,NC,https://textileconnect.com/directory/our-daily-threads/,https://textileconnect.com/directory/our-daily-threads/,https://textileconnect.com/directory/our-daily-threads/,,,manufacturer,Textile Connect: apparel-and-product-manufacturing,Contact for quote,Textile Connect,https://textileconnect.com/directory/
Outer Banks,Lumberton,NC,https://textileconnect.com/directory/outer-banks/,https://textileconnect.com/directory/outer-banks/,https://textileconnect.com/directory/outer-banks/,,,manufacturer,Textile Connect: apparel-and-product-manufacturing,Contact for quote,Textile Connect,https://textileconnect.com/directory/
Outer Banks T’s,Kitty Hawk,NC,https://textileconnect.com/directory/outer-banks-ts/,https://textileconnect.com/directory/outer-banks-ts/,https://textileconnect.com/directory/outer-banks-ts/,,,manufacturer,Textile Connect: apparel-and-product-manufacturing,Contact for quote,Textile Connect,https://textileconnect.com/directory/
OVASCO Industries,Louisville,KY,https://textileconnect.com/directory/ovasco-industries/,https://textileconnect.com/directory/ovasco-industries/,https://textileconnect.com/directory/ovasco-industries/,,,manufacturer,Textile Connect: apparel-and-product-manufacturing,Contact for quote,Textile Connect,https://textileconnect.com/directory/
Overnight Sofa Corp,Hickory,NC,https://textileconnect.com/directory/overnight-sofa-corp/,https://textileconnect.com/directory/overnight-sofa-corp/,https://textileconnect.com/directory/overnight-sofa-corp/,,,manufacturer,Textile Connect: apparel-and-product-manufacturing,Contact for quote,Textile Connect,https://textileconnect.com/directory/
Owens Corning,Duncan,SC,https://textileconnect.com/directory/owens-corning/,https://textileconnect.com/directory/owens-corning/,https://textileconnect.com/directory/owens-corning/,,,manufacturer,Textile Connect: apparel-and-product-manufacturing,Contact for quote,Textile Connect,https://textileconnect.com/directory/
Owens Corning Sales LLC,Starr,SC,https://textileconnect.com/directory/owens-corning-sales-llc/,https://textileconnect.com/directory/owens-corning-sales-llc/,https://textileconnect.com/directory/owens-corning-sales-llc/,,,manufacturer,Textile Connect: apparel-and-product-manufacturing,Contact for quote,Textile Connect,https://textileconnect.com/directory/
Owens Quilting,Newton,NC,https://textileconnect.com/directory/owens-quilting/,https://textileconnect.com/directory/owens-quilting/,https://textileconnect.com/directory/owens-quilting/,,,manufacturer,Textile Connect: apparel-and-product-manufacturing,Contact for quote,Textile Connect,https://textileconnect.com/directory/
Oxco Inc,Charlotte,NC,https://textileconnect.com/directory/oxco-inc/,https://textileconnect.com/directory/oxco-inc/,https://textileconnect.com/directory/oxco-inc/,,,manufacturer,Textile Connect: apparel-and-product-manufacturing,Contact for quote,Textile Connect,https://textileconnect.com/directory/
Oxford Industries Inc,Atlanta,GA,https://textileconnect.com/directory/oxford-industries-inc/,https://textileconnect.com/directory/oxford-industries-inc/,https://textileconnect.com/directory/oxford-industries-inc/,,,manufacturer,Textile Connect: apparel-and-product-manufacturing,Contact for quote,Textile Connect,https://textileconnect.com/directory/
Oyster Clothing Co,Charlotte,NC,https://textileconnect.com/directory/oyster-clothing-co/,https://textileconnect.com/directory/oyster-clothing-co/,https://textileconnect.com/directory/oyster-clothing-co/,,,manufacturer,Textile Connect: apparel-and-product-manufacturing,Contact for quote,Textile Connect,https://textileconnect.com/directory/
P-D Interglas Technologies Ltd,Springfield,IL,https://textileconnect.com/directory/p-d-interglas-technologies-ltd/,https://textileconnect.com/directory/p-d-interglas-technologies-ltd/,https://textileconnect.com/directory/p-d-interglas-technologies-ltd/,,,manufacturer,Textile Connect: apparel-and-product-manufacturing,Contact for quote,Textile Connect,https://textileconnect.com/directory/
P & B Fabrics Inc,High Point,NC,https://textileconnect.com/directory/p-b-fabrics-inc/,https://textileconnect.com/directory/p-b-fabrics-inc/,https://textileconnect.com/directory/p-b-fabrics-inc/,,,manufacturer,Textile Connect: apparel-and-product-manufacturing,Contact for quote,Textile Connect,https://textileconnect.com/directory/
P & F Equipment Co,Stokesdale,NC,https://textileconnect.com/directory/p-f-equipment-co/,https://textileconnect.com/directory/p-f-equipment-co/,https://textileconnect.com/directory/p-f-equipment-co/,,,manufacturer,Textile Connect: apparel-and-product-manufacturing,Contact for quote,Textile Connect,https://textileconnect.com/directory/
P & R Canvas LLC,Ft Lauderdale,FL,https://textileconnect.com/directory/p-r-canvas-llc/,https://textileconnect.com/directory/p-r-canvas-llc/,https://textileconnect.com/directory/p-r-canvas-llc/,,,manufacturer,Textile Connect: apparel-and-product-manufacturing,Contact for quote,Textile Connect,https://textileconnect.com/directory/
Paceline,Matthews,NC,https://textileconnect.com/directory/paceline/,https://textileconnect.com/directory/paceline/,https://textileconnect.com/directory/paceline/,,,manufacturer,Textile Connect: apparel-and-product-manufacturing,Contact for quote,Textile Connect,https://textileconnect.com/directory/
Pacific Coast Bach Label Co.,Los Angeles,CA,https://textileconnect.com/directory/pacific-coast-bach-label-co/,https://textileconnect.com/directory/pacific-coast-bach-label-co/,https://textileconnect.com/directory/pacific-coast-bach-label-co/,,,manufacturer,Textile Connect: apparel-and-product-manufacturing,Contact for quote,Textile Connect,https://textileconnect.com/directory/
Pacific Coast Fabrics,Gardena,CA,https://textileconnect.com/directory/pacific-coast-fabrics/,https://textileconnect.com/directory/pacific-coast-fabrics/,https://textileconnect.com/directory/pacific-coast-fabrics/,,,manufacturer,Textile Connect: apparel-and-product-manufacturing,Contact for quote,Textile Connect,https://textileconnect.com/directory/
Pacific Coast Feather Co,Henderson,NC,https://textileconnect.com/directory/pacific-coast-feather-co/,https://textileconnect.com/directory/pacific-coast-feather-co/,https://textileconnect.com/directory/pacific-coast-feather-co/,,,manufacturer,Textile Connect: apparel-and-product-manufacturing,Contact for quote,Textile Connect,https://textileconnect.com/directory/
Pacific Coast Feather Cushion,High Point,NC,https://textileconnect.com/directory/pacific-coast-feather-cushion/,https://textileconnect.com/directory/pacific-coast-feather-cushion/,https://textileconnect.com/directory/pacific-coast-feather-cushion/,,,manufacturer,Textile Connect: apparel-and-product-manufacturing,Contact for quote,Textile Connect,https://textileconnect.com/directory/
Pacific Domes,Ashland,OR,https://textileconnect.com/directory/pacific-domes/,https://textileconnect.com/directory/pacific-domes/,https://textileconnect.com/directory/pacific-domes/,,,manufacturer,Textile Connect: apparel-and-product-manufacturing,Contact for quote,Textile Connect,https://textileconnect.com/directory/
"Pacific Fibre & Rope Co., Inc.",Wilmington,CA,https://textileconnect.com/directory/pacific-fibre-rope-co-inc/,https://textileconnect.com/directory/pacific-fibre-rope-co-inc/,https://textileconnect.com/directory/pacific-fibre-rope-co-inc/,,,manufacturer,Textile Connect: apparel-and-product-manufacturing,Contact for quote,Textile Connect,https://textileconnect.com/directory/
Pacific Membrane Group,Tauranga,,https://textileconnect.com/directory/pacific-membrane-group/,https://textileconnect.com/directory/pacific-membrane-group/,https://textileconnect.com/directory/pacific-membrane-group/,,,manufacturer,Textile Connect: apparel-and-product-manufacturing,Contact for quote,Textile Connect,https://textileconnect.com/directory/
Pacific Tent & Awning,Fresno,CA,https://textileconnect.com/directory/pacific-tent-awning/,https://textileconnect.com/directory/pacific-tent-awning/,https://textileconnect.com/directory/pacific-tent-awning/,,,manufacturer,Textile Connect: apparel-and-product-manufacturing,Contact for quote,Textile Connect,https://textileconnect.com/directory/
Pacific Yurts Inc.,Cottage Grove,OR,https://textileconnect.com/directory/pacific-yurts-inc/,https://textileconnect.com/directory/pacific-yurts-inc/,https://textileconnect.com/directory/pacific-yurts-inc/,,,manufacturer,Textile Connect: apparel-and-product-manufacturing,Contact for quote,Textile Connect,https://textileconnect.com/directory/
Packaging Express,Durham,NC,https://textileconnect.com/directory/packaging-express/,https://textileconnect.com/directory/packaging-express/,https://textileconnect.com/directory/packaging-express/,,,manufacturer,Textile Connect: apparel-and-product-manufacturing,Contact for quote,Textile Connect,https://textileconnect.com/directory/
Pacon Manufacturing Corp.,Leland,NC,https://textileconnect.com/directory/pacon-manufacturing-corp/,https://textileconnect.com/directory/pacon-manufacturing-corp/,https://textileconnect.com/directory/pacon-manufacturing-corp/,,,manufacturer,Textile Connect: apparel-and-product-manufacturing,Contact for quote,Textile Connect,https://textileconnect.com/directory/
Pa Co Sales Co,Raleigh,NC,https://textileconnect.com/directory/pa-co-sales-co/,https://textileconnect.com/directory/pa-co-sales-co/,https://textileconnect.com/directory/pa-co-sales-co/,,,manufacturer,Textile Connect: apparel-and-product-manufacturing,Contact for quote,Textile Connect,https://textileconnect.com/directory/
Pac Tell-U.S. Fibers,Laurens,SC,https://textileconnect.com/directory/pac-tell-u-s-fibers/,https://textileconnect.com/directory/pac-tell-u-s-fibers/,https://textileconnect.com/directory/pac-tell-u-s-fibers/,,,manufacturer,Textile Connect: apparel-and-product-manufacturing,Contact for quote,Textile Connect,https://textileconnect.com/directory/
Padfab Inc,Kershaw,SC,https://textileconnect.com/directory/padfab-inc/,https://textileconnect.com/directory/padfab-inc/,https://textileconnect.com/directory/padfab-inc/,,,manufacturer,Textile Connect: apparel-and-product-manufacturing,Contact for quote,Textile Connect,https://textileconnect.com/directory/
Pageant Parade,Washington,NC,https://textileconnect.com/directory/pageant-parade/,https://textileconnect.com/directory/pageant-parade/,https://textileconnect.com/directory/pageant-parade/,,,manufacturer,Textile Connect: apparel-and-product-manufacturing,Contact for quote,Textile Connect,https://textileconnect.com/directory/
Page Holding Company,Mount Airy,NC,https://textileconnect.com/directory/page-holding-company/,https://textileconnect.com/directory/page-holding-company/,https://textileconnect.com/directory/page-holding-company/,,,manufacturer,Textile Connect: apparel-and-product-manufacturing,Contact for quote,Textile Connect,https://textileconnect.com/directory/
Pageland Screen Printers,Pageland,SC,https://textileconnect.com/directory/pageland-screen-printers/,https://textileconnect.com/directory/pageland-screen-printers/,https://textileconnect.com/directory/pageland-screen-printers/,,,manufacturer,Textile Connect: apparel-and-product-manufacturing,Contact for quote,Textile Connect,https://textileconnect.com/directory/
Page One,Spartanburg,SC,https://textileconnect.com/directory/page-one/,https://textileconnect.com/directory/page-one/,https://textileconnect.com/directory/page-one/,,,manufacturer,Textile Connect: apparel-and-product-manufacturing,Contact for quote,Textile Connect,https://textileconnect.com/directory/
PA Group USA,Chattanooga,TN,https://textileconnect.com/directory/pa-group-usa/,https://textileconnect.com/directory/pa-group-usa/,https://textileconnect.com/directory/pa-group-usa/,,,manufacturer,Textile Connect: apparel-and-product-manufacturing,Contact for quote,Textile Connect,https://textileconnect.com/directory/
Paiho North America Inc.,Chino,CA,https://textileconnect.com/directory/paiho-north-america-inc/,https://textileconnect.com/directory/paiho-north-america-inc/,https://textileconnect.com/directory/paiho-north-america-inc/,,,manufacturer,Textile Connect: apparel-and-product-manufacturing,Contact for quote,Textile Connect,https://textileconnect.com/directory/
PAK Unlimited Inc.,Cornelia,GA,https://textileconnect.com/directory/pak-unlimited-inc/,https://textileconnect.com/directory/pak-unlimited-inc/,https://textileconnect.com/directory/pak-unlimited-inc/,,,manufacturer,Textile Connect: apparel-and-product-manufacturing,Contact for quote,Textile Connect,https://textileconnect.com/directory/
Palmetto Apparel Svc,Andrews,SC,https://textileconnect.com/directory/palmetto-apparel-svc/,https://textileconnect.com/directory/palmetto-apparel-svc/,https://textileconnect.com/directory/palmetto-apparel-svc/,,,manufacturer,Textile Connect: apparel-and-product-manufacturing,Contact for quote,Textile Connect,https://textileconnect.com/directory/
Palmetto Cotton & Embroidery,Greenville,SC,https://textileconnect.com/directory/palmetto-cotton-embroidery/,https://textileconnect.com/directory/palmetto-cotton-embroidery/,https://textileconnect.com/directory/palmetto-cotton-embroidery/,,,manufacturer,Textile Connect: apparel-and-product-manufacturing,Contact for quote,Textile Connect,https://textileconnect.com/directory/
Palmetto Embroidery,Charleston,SC,https://textileconnect.com/directory/palmetto-embroidery/,https://textileconnect.com/directory/palmetto-embroidery/,https://textileconnect.com/directory/palmetto-embroidery/,,,manufacturer,Textile Connect: apparel-and-product-manufacturing,Contact for quote,Textile Connect,https://textileconnect.com/directory/
Palmetto Finishing,Easley,SC,https://textileconnect.com/directory/palmetto-finishing/,https://textileconnect.com/directory/palmetto-finishing/,https://textileconnect.com/directory/palmetto-finishing/,,,manufacturer,Textile Connect: apparel-and-product-manufacturing,Contact for quote,Textile Connect,https://textileconnect.com/directory/
Palmetto Garment Co Inc,Greenville,SC,https://textileconnect.com/directory/palmetto-garment-co-inc/,https://textileconnect.com/directory/palmetto-garment-co-inc/,https://textileconnect.com/directory/palmetto-garment-co-inc/,,,manufacturer,Textile Connect: apparel-and-product-manufacturing,Contact for quote,Textile Connect,https://textileconnect.com/directory/
Palmetto Loom Reed Company,Greenville,SC,https://textileconnect.com/directory/palmetto-loom-reed-company/,https://textileconnect.com/directory/palmetto-loom-reed-company/,https://textileconnect.com/directory/palmetto-loom-reed-company/,,,manufacturer,Textile Connect: apparel-and-product-manufacturing,Contact for quote,Textile Connect,https://textileconnect.com/directory/
Palmetto Synthetics LLC,Kingstree,SC,https://textileconnect.com/directory/palmetto-synthetics-llc/,https://textileconnect.com/directory/palmetto-synthetics-llc/,https://textileconnect.com/directory/palmetto-synthetics-llc/,,,manufacturer,Textile Connect: apparel-and-product-manufacturing,Contact for quote,Textile Connect,https://textileconnect.com/directory/
Palmetto Textiles Inc,Spartanburg,SC,https://textileconnect.com/directory/palmetto-textiles-inc/,https://textileconnect.com/directory/palmetto-textiles-inc/,https://textileconnect.com/directory/palmetto-textiles-inc/,,,manufacturer,Textile Connect: apparel-and-product-manufacturing,Contact for quote,Textile Connect,https://textileconnect.com/directory/
"Palmetto Threads & Fabrics, Inc.",Myrtle Beach,SC,https://textileconnect.com/directory/palmetto-threads-fabrics-inc/,https://textileconnect.com/directory/palmetto-threads-fabrics-inc/,https://textileconnect.com/directory/palmetto-threads-fabrics-inc/,,,manufacturer,Textile Connect: apparel-and-product-manufacturing,Contact for quote,Textile Connect,https://textileconnect.com/directory/
Pam Narrow Fabrics Corp,Freeport,NY,https://textileconnect.com/directory/pam-narrow-fabrics-corp/,https://textileconnect.com/directory/pam-narrow-fabrics-corp/,https://textileconnect.com/directory/pam-narrow-fabrics-corp/,,,manufacturer,Textile Connect: apparel-and-product-manufacturing,Contact for quote,Textile Connect,https://textileconnect.com/directory/
Pam Trading Corp,Greensboro,NC,https://textileconnect.com/directory/pam-trading-corp/,https://textileconnect.com/directory/pam-trading-corp/,https://textileconnect.com/directory/pam-trading-corp/,,,manufacturer,Textile Connect: apparel-and-product-manufacturing,Contact for quote,Textile Connect,https://textileconnect.com/directory/
Paola Yarns Inc,Statesville,NC,https://textileconnect.com/directory/paola-yarns-inc/,https://textileconnect.com/directory/paola-yarns-inc/,https://textileconnect.com/directory/paola-yarns-inc/,,,manufacturer,Textile Connect: apparel-and-product-manufacturing,Contact for quote,Textile Connect,https://textileconnect.com/directory/
PapaShop Ltd.,Sherburn-in-Elmet,,https://textileconnect.com/directory/papashop-ltd/,https://textileconnect.com/directory/papashop-ltd/,https://textileconnect.com/directory/papashop-ltd/,,,manufacturer,Textile Connect: apparel-and-product-manufacturing,Contact for quote,Textile Connect,https://textileconnect.com/directory/
Paper Converting Machine Company,Green Bay,WI,https://textileconnect.com/directory/paper-converting-machine-company/,https://textileconnect.com/directory/paper-converting-machine-company/,https://textileconnect.com/directory/paper-converting-machine-company/,,,manufacturer,Textile Connect: apparel-and-product-manufacturing,Contact for quote,Textile Connect,https://textileconnect.com/directory/
Paper Pak,Greenville,NC,https://textileconnect.com/directory/paper-pak/,https://textileconnect.com/directory/paper-pak/,https://textileconnect.com/directory/paper-pak/,,,manufacturer,Textile Connect: apparel-and-product-manufacturing,Contact for quote,Textile Connect,https://textileconnect.com/directory/
Papillon Ribbon & Bow,Clifton,NJ,https://textileconnect.com/directory/papillon-ribbon-bow/,https://textileconnect.com/directory/papillon-ribbon-bow/,https://textileconnect.com/directory/papillon-ribbon-bow/,,,manufacturer,Textile Connect: apparel-and-product-manufacturing,Contact for quote,Textile Connect,https://textileconnect.com/directory/
Para-Chem Southern Inc,Simpsonville,SC,https://textileconnect.com/directory/para-chem-southern-inc/,https://textileconnect.com/directory/para-chem-southern-inc/,https://textileconnect.com/directory/para-chem-southern-inc/,,,manufacturer,Textile Connect: apparel-and-product-manufacturing,Contact for quote,Textile Connect,https://textileconnect.com/directory/
Paraclete Armor & Equipment,St Pauls,NC,https://textileconnect.com/directory/paraclete-armor-equipment/,https://textileconnect.com/directory/paraclete-armor-equipment/,https://textileconnect.com/directory/paraclete-armor-equipment/,,,manufacturer,Textile Connect: apparel-and-product-manufacturing,Contact for quote,Textile Connect,https://textileconnect.com/directory/
Paradise Printers,Burlington,NC,https://textileconnect.com/directory/paradise-printers/,https://textileconnect.com/directory/paradise-printers/,https://textileconnect.com/directory/paradise-printers/,,,manufacturer,Textile Connect: apparel-and-product-manufacturing,Contact for quote,Textile Connect,https://textileconnect.com/directory/
Paragon Mop Co,Charlotte,NC,https://textileconnect.com/directory/paragon-mop-co/,https://textileconnect.com/directory/paragon-mop-co/,https://textileconnect.com/directory/paragon-mop-co/,,,manufacturer,Textile Connect: apparel-and-product-manufacturing,Contact for quote,Textile Connect,https://textileconnect.com/directory/
Paragon Plastics Inc,Union,SC,https://textileconnect.com/directory/paragon-plastics-inc/,https://textileconnect.com/directory/paragon-plastics-inc/,https://textileconnect.com/directory/paragon-plastics-inc/,,,manufacturer,Textile Connect: apparel-and-product-manufacturing,Contact for quote,Textile Connect,https://textileconnect.com/directory/
Para Loft Inc.,Elizabethtown,PA,https://textileconnect.com/directory/para-loft-inc/,https://textileconnect.com/directory/para-loft-inc/,https://textileconnect.com/directory/para-loft-inc/,,,manufacturer,Textile Connect: apparel-and-product-manufacturing,Contact for quote,Textile Connect,https://textileconnect.com/directory/
"Paramount Wire Co., Inc.",East Orange,NJ,https://textileconnect.com/directory/paramount-wire-co-inc/,https://textileconnect.com/directory/paramount-wire-co-inc/,https://textileconnect.com/directory/paramount-wire-co-inc/,,,manufacturer,Textile Connect: apparel-and-product-manufacturing,Contact for quote,Textile Connect,https://textileconnect.com/directory/
Par Global Mktg Co.,John's Creek,GA,https://textileconnect.com/directory/par-global-mktg-co/,https://textileconnect.com/directory/par-global-mktg-co/,https://textileconnect.com/directory/par-global-mktg-co/,,,manufacturer,Textile Connect: apparel-and-product-manufacturing,Contact for quote,Textile Connect,https://textileconnect.com/directory/
Parkdale America,Edgefield,SC,https://textileconnect.com/directory/parkdale-america/,https://textileconnect.com/directory/parkdale-america/,https://textileconnect.com/directory/parkdale-america/,,,manufacturer,Textile Connect: apparel-and-product-manufacturing,Contact for quote,Textile Connect,https://textileconnect.com/directory/
Parkdale Mills – Galax VA (Plant 22),Galax,VA,https://textileconnect.com/directory/parkdale-mills-galax-va-plant-22/,https://textileconnect.com/directory/parkdale-mills-galax-va-plant-22/,https://textileconnect.com/directory/parkdale-mills-galax-va-plant-22/,,,manufacturer,Textile Connect: apparel-and-product-manufacturing,Contact for quote,Textile Connect,https://textileconnect.com/directory/
"Parkdale Mills de Honduras, S. de R.L. de C.V.",,,https://textileconnect.com/directory/parkdale-mills-de-honduras-s-de-r-l-de-c-v/,https://textileconnect.com/directory/parkdale-mills-de-honduras-s-de-r-l-de-c-v/,https://textileconnect.com/directory/parkdale-mills-de-honduras-s-de-r-l-de-c-v/,,,manufacturer,Textile Connect: apparel-and-product-manufacturing,Contact for quote,Textile Connect,https://textileconnect.com/directory/
Parkdale Mills Inc (Belmont – Cason St),Belmont,NC,https://textileconnect.com/directory/parkdale-mills-inc-belmont-cason-st/,https://textileconnect.com/directory/parkdale-mills-inc-belmont-cason-st/,https://textileconnect.com/directory/parkdale-mills-inc-belmont-cason-st/,,,manufacturer,Textile Connect: apparel-and-product-manufacturing,Contact for quote,Textile Connect,https://textileconnect.com/directory/
Parkdale Mills Inc (Belmont – Miller St),Belmont,NC,https://textileconnect.com/directory/parkdale-mills-inc-belmont-miller-st/,https://textileconnect.com/directory/parkdale-mills-inc-belmont-miller-st/,https://textileconnect.com/directory/parkdale-mills-inc-belmont-miller-st/,,,manufacturer,Textile Connect: apparel-and-product-manufacturing,Contact for quote,Textile Connect,https://textileconnect.com/directory/
Parkdale Mills Inc (Belmont – Plant 15),Belmont,NC,https://textileconnect.com/directory/parkdale-mills-inc-belmont-plant-15/,https://textileconnect.com/directory/parkdale-mills-inc-belmont-plant-15/,https://textileconnect.com/directory/parkdale-mills-inc-belmont-plant-15/,,,manufacturer,Textile Connect: apparel-and-product-manufacturing,Contact for quote,Textile Connect,https://textileconnect.com/directory/
Parkdale Mills Inc (Belmont – Research & Distr.),Belmont,NC,https://textileconnect.com/directory/parkdale-mills-inc-belmont-research-distr/,https://textileconnect.com/directory/parkdale-mills-inc-belmont-research-distr/,https://textileconnect.com/directory/parkdale-mills-inc-belmont-research-distr/,,,manufacturer,Textile Connect: apparel-and-product-manufacturing,Contact for quote,Textile Connect,https://textileconnect.com/directory/
Parkdale Mills Inc (Charlotte),Charlotte,NC,https://textileconnect.com/directory/parkdale-mills-inc-charlotte/,https://textileconnect.com/directory/parkdale-mills-inc-charlotte/,https://textileconnect.com/directory/parkdale-mills-inc-charlotte/,,,manufacturer,Textile Connect: apparel-and-product-manufacturing,Contact for quote,Textile Connect,https://textileconnect.com/directory/
Parkdale Mills Inc (China Grove),China Grove,NC,https://textileconnect.com/directory/parkdale-mills-inc-china-grove/,https://textileconnect.com/directory/parkdale-mills-inc-china-grove/,https://textileconnect.com/directory/parkdale-mills-inc-china-grove/,,,manufacturer,Textile Connect: apparel-and-product-manufacturing,Contact for quote,Textile Connect,https://textileconnect.com/directory/
Parkdale Mills Inc (Gastonia – HQ),Gastonia,NC,https://textileconnect.com/directory/parkdale-mills-inc-gastonia-hq/,https://textileconnect.com/directory/parkdale-mills-inc-gastonia-hq/,https://textileconnect.com/directory/parkdale-mills-inc-gastonia-hq/,,,manufacturer,Textile Connect: apparel-and-product-manufacturing,Contact for quote,Textile Connect,https://textileconnect.com/directory/
Parkdale Mills Inc (HQ),Gastonia,NC,https://textileconnect.com/directory/parkdale-mills-inc-hq/,https://textileconnect.com/directory/parkdale-mills-inc-hq/,https://textileconnect.com/directory/parkdale-mills-inc-hq/,,,manufacturer,Textile Connect: apparel-and-product-manufacturing,Contact for quote,Textile Connect,https://textileconnect.com/directory/
Parkdale Mills Inc (Kings Mountain),Kings Mountain,NC,https://textileconnect.com/directory/parkdale-mills-inc-kings-mountain/,https://textileconnect.com/directory/parkdale-mills-inc-kings-mountain/,https://textileconnect.com/directory/parkdale-mills-inc-kings-mountain/,,,manufacturer,Textile Connect: apparel-and-product-manufacturing,Contact for quote,Textile Connect,https://textileconnect.com/directory/
Parkdale Mills Inc (Lexington – Plant 3),Lexington,NC,https://textileconnect.com/directory/parkdale-mills-inc-lexington-plant-3/,https://textileconnect.com/directory/parkdale-mills-inc-lexington-plant-3/,https://textileconnect.com/directory/parkdale-mills-inc-lexington-plant-3/,,,manufacturer,Textile Connect: apparel-and-product-manufacturing,Contact for quote,Textile Connect,https://textileconnect.com/directory/
Parkdale Mills Inc (Lowell),Lowell,NC,https://textileconnect.com/directory/parkdale-mills-inc-lowell/,https://textileconnect.com/directory/parkdale-mills-inc-lowell/,https://textileconnect.com/directory/parkdale-mills-inc-lowell/,,,manufacturer,Textile Connect: apparel-and-product-manufacturing,Contact for quote,Textile Connect,https://textileconnect.com/directory/
Parkdale Mills Inc (Monroe – Plant 21),Monroe,NC,https://textileconnect.com/directory/parkdale-mills-inc-monroe-plant-21/,https://textileconnect.com/directory/parkdale-mills-inc-monroe-plant-21/,https://textileconnect.com/directory/parkdale-mills-inc-monroe-plant-21/,,,manufacturer,Textile Connect: apparel-and-product-manufacturing,Contact for quote,Textile Connect,https://textileconnect.com/directory/
Parkdale Mills Inc (Salisbury – Plant 11),Salisbury,NC,https://textileconnect.com/directory/parkdale-mills-inc-salisbury-plant-11/,https://textileconnect.com/directory/parkdale-mills-inc-salisbury-plant-11/,https://textileconnect.com/directory/parkdale-mills-inc-salisbury-plant-11/,,,manufacturer,Textile Connect: apparel-and-product-manufacturing,Contact for quote,Textile Connect,https://textileconnect.com/directory/
Parkdale Mills Inc (Sanford – Plant 29),Sanford,NC,https://textileconnect.com/directory/parkdale-mills-inc-sanford-plant-29/,https://textileconnect.com/directory/parkdale-mills-inc-sanford-plant-29/,https://textileconnect.com/directory/parkdale-mills-inc-sanford-plant-29/,,,manufacturer,Textile Connect: apparel-and-product-manufacturing,Contact for quote,Textile Connect,https://textileconnect.com/directory/
Parkdale Mills Inc (Thomasville – Plant 6),Thomasville,NC,https://textileconnect.com/directory/parkdale-mills-inc-thomasville-plant-6/,https://textileconnect.com/directory/parkdale-mills-inc-thomasville-plant-6/,https://textileconnect.com/directory/parkdale-mills-inc-thomasville-plant-6/,,,manufacturer,Textile Connect: apparel-and-product-manufacturing,Contact for quote,Textile Connect,https://textileconnect.com/directory/
Parkdale Mills Inc (Walnut Cove – Plant 26),Walnut Cove,NC,https://textileconnect.com/directory/parkdale-mills-inc-walnut-cove-plant-26/,https://textileconnect.com/directory/parkdale-mills-inc-walnut-cove-plant-26/,https://textileconnect.com/directory/parkdale-mills-inc-walnut-cove-plant-26/,,,manufacturer,Textile Connect: apparel-and-product-manufacturing,Contact for quote,Textile Connect,https://textileconnect.com/directory/
Parker Hosiery Co,Old Fort,NC,https://textileconnect.com/directory/parker-hosiery-co/,https://textileconnect.com/directory/parker-hosiery-co/,https://textileconnect.com/directory/parker-hosiery-co/,,,manufacturer,Textile Connect: apparel-and-product-manufacturing,Contact for quote,Textile Connect,https://textileconnect.com/directory/
Parkinson Technologies Inc.,Woonsocket,RI,https://textileconnect.com/directory/parkinson-technologies-inc/,https://textileconnect.com/directory/parkinson-technologies-inc/,https://textileconnect.com/directory/parkinson-technologies-inc/,,,manufacturer,Textile Connect: apparel-and-product-manufacturing,Contact for quote,Textile Connect,https://textileconnect.com/directory/
Park Supply,Kinston,NC,https://textileconnect.com/directory/park-supply/,https://textileconnect.com/directory/park-supply/,https://textileconnect.com/directory/park-supply/,,,manufacturer,Textile Connect: apparel-and-product-manufacturing,Contact for quote,Textile Connect,https://textileconnect.com/directory/
Parrish Tire Co,Winston Salem,NC,https://textileconnect.com/directory/parrish-tire-co/,https://textileconnect.com/directory/parrish-tire-co/,https://textileconnect.com/directory/parrish-tire-co/,,,manufacturer,Textile Connect: apparel-and-product-manufacturing,Contact for quote,Textile Connect,https://textileconnect.com/directory/
Parrott Canvas Co,Greenville,NC,https://textileconnect.com/directory/parrott-canvas-co/,https://textileconnect.com/directory/parrott-canvas-co/,https://textileconnect.com/directory/parrott-canvas-co/,,,manufacturer,Textile Connect: apparel-and-product-manufacturing,Contact for quote,Textile Connect,https://textileconnect.com/directory/
Partners In Textile Innovation,Piedmont,SC,https://textileconnect.com/directory/partners-in-textile-innovation/,https://textileconnect.com/directory/partners-in-textile-innovation/,https://textileconnect.com/directory/partners-in-textile-innovation/,,,manufacturer,Textile Connect: apparel-and-product-manufacturing,Contact for quote,Textile Connect,https://textileconnect.com/directory/
Parts & Systems Co,Arden,NC,https://textileconnect.com/directory/parts-systems-co/,https://textileconnect.com/directory/parts-systems-co/,https://textileconnect.com/directory/parts-systems-co/,,,manufacturer,Textile Connect: apparel-and-product-manufacturing,Contact for quote,Textile Connect,https://textileconnect.com/directory/
PASCO,Arden,NC,https://textileconnect.com/directory/pasco/,https://textileconnect.com/directory/pasco/,https://textileconnect.com/directory/pasco/,,,manufacturer,Textile Connect: apparel-and-product-manufacturing,Contact for quote,Textile Connect,https://textileconnect.com/directory/
Passaic Color & Chemical,Charlotte,NC,https://textileconnect.com/directory/passaic-color-chemical/,https://textileconnect.com/directory/passaic-color-chemical/,https://textileconnect.com/directory/passaic-color-chemical/,,,manufacturer,Textile Connect: apparel-and-product-manufacturing,Contact for quote,Textile Connect,https://textileconnect.com/directory/
Patch Rubber Company,Roanoke Rapids,NC,https://textileconnect.com/directory/patch-rubber-company/,https://textileconnect.com/directory/patch-rubber-company/,https://textileconnect.com/directory/patch-rubber-company/,,,manufacturer,Textile Connect: apparel-and-product-manufacturing,Contact for quote,Textile Connect,https://textileconnect.com/directory/
Patricia Smith,Arden,NC,https://textileconnect.com/directory/patricia-smith/,https://textileconnect.com/directory/patricia-smith/,https://textileconnect.com/directory/patricia-smith/,,,manufacturer,Textile Connect: apparel-and-product-manufacturing,Contact for quote,Textile Connect,https://textileconnect.com/directory/
Patrick Yarn Mills Inc,Kings Mountain,NC,https://textileconnect.com/directory/patrick-yarn-mills-inc/,https://textileconnect.com/directory/patrick-yarn-mills-inc/,https://textileconnect.com/directory/patrick-yarn-mills-inc/,,,manufacturer,Textile Connect: apparel-and-product-manufacturing,Contact for quote,Textile Connect,https://textileconnect.com/directory/
Patsy Aiken Designs (Chez Ami),Wilmington,NC,https://textileconnect.com/directory/patsy-aiken-designs-chez-ami/,https://textileconnect.com/directory/patsy-aiken-designs-chez-ami/,https://textileconnect.com/directory/patsy-aiken-designs-chez-ami/,,,manufacturer,Textile Connect: apparel-and-product-manufacturing,Contact for quote,Textile Connect,https://textileconnect.com/directory/
Pattern Design Unlimited,Reinholds,PA,https://textileconnect.com/directory/pattern-design-unlimited/,https://textileconnect.com/directory/pattern-design-unlimited/,https://textileconnect.com/directory/pattern-design-unlimited/,,,manufacturer,Textile Connect: apparel-and-product-manufacturing,Contact for quote,Textile Connect,https://textileconnect.com/directory/
Patterson Clifford,Hayesville,NC,https://textileconnect.com/directory/patterson-clifford/,https://textileconnect.com/directory/patterson-clifford/,https://textileconnect.com/directory/patterson-clifford/,,,manufacturer,Textile Connect: apparel-and-product-manufacturing,Contact for quote,Textile Connect,https://textileconnect.com/directory/
Patterson Custom Drapery,Wilmington,NC,https://textileconnect.com/directory/patterson-custom-drapery/,https://textileconnect.com/directory/patterson-custom-drapery/,https://textileconnect.com/directory/patterson-custom-drapery/,,,manufacturer,Textile Connect: apparel-and-product-manufacturing,Contact for quote,Textile Connect,https://textileconnect.com/directory/
Patti Boo Designs Inc,Canton,NC,https://textileconnect.com/directory/patti-boo-designs-inc/,https://textileconnect.com/directory/patti-boo-designs-inc/,https://textileconnect.com/directory/patti-boo-designs-inc/,,,manufacturer,Textile Connect: apparel-and-product-manufacturing,Contact for quote,Textile Connect,https://textileconnect.com/directory/
Paula Vaden,Black Mountain,NC,https://textileconnect.com/directory/paula-vaden/,https://textileconnect.com/directory/paula-vaden/,https://textileconnect.com/directory/paula-vaden/,,,manufacturer,Textile Connect: apparel-and-product-manufacturing,Contact for quote,Textile Connect,https://textileconnect.com/directory/
Paul Brayton Designs,High Point,NC,https://textileconnect.com/directory/paul-brayton-designs/,https://textileconnect.com/directory/paul-brayton-designs/,https://textileconnect.com/directory/paul-brayton-designs/,,,manufacturer,Textile Connect: apparel-and-product-manufacturing,Contact for quote,Textile Connect,https://textileconnect.com/directory/
Paul Dyeing Company,Newark,NJ,https://textileconnect.com/directory/paul-dyeing-company/,https://textileconnect.com/directory/paul-dyeing-company/,https://textileconnect.com/directory/paul-dyeing-company/,,,manufacturer,Textile Connect: apparel-and-product-manufacturing,Contact for quote,Textile Connect,https://textileconnect.com/directory/
Paul Lavitt Mills Inc,Hickory,NC,https://textileconnect.com/directory/paul-lavitt-mills-inc/,https://textileconnect.com/directory/paul-lavitt-mills-inc/,https://textileconnect.com/directory/paul-lavitt-mills-inc/,,,manufacturer,Textile Connect: apparel-and-product-manufacturing,Contact for quote,Textile Connect,https://textileconnect.com/directory/
Paul Reinhart Inc.,Richardson,TX,https://textileconnect.com/directory/paul-reinhart-inc/,https://textileconnect.com/directory/paul-reinhart-inc/,https://textileconnect.com/directory/paul-reinhart-inc/,,,manufacturer,Textile Connect: apparel-and-product-manufacturing,Contact for quote,Textile Connect,https://textileconnect.com/directory/
Paul Robert Inc,Taylorsville,NC,https://textileconnect.com/directory/paul-robert-inc/,https://textileconnect.com/directory/paul-robert-inc/,https://textileconnect.com/directory/paul-robert-inc/,,,manufacturer,Textile Connect: apparel-and-product-manufacturing,Contact for quote,Textile Connect,https://textileconnect.com/directory/
Paul Thomas Mccormick,Boonville,NC,https://textileconnect.com/directory/paul-thomas-mccormick/,https://textileconnect.com/directory/paul-thomas-mccormick/,https://textileconnect.com/directory/paul-thomas-mccormick/,,,manufacturer,Textile Connect: apparel-and-product-manufacturing,Contact for quote,Textile Connect,https://textileconnect.com/directory/
Pause Gear Inc,Charlotte,NC,https://textileconnect.com/directory/pause-gear-inc/,https://textileconnect.com/directory/pause-gear-inc/,https://textileconnect.com/directory/pause-gear-inc/,,,manufacturer,Textile Connect: apparel-and-product-manufacturing,Contact for quote,Textile Connect,https://textileconnect.com/directory/
Paxar Corp,Greensboro,NC,https://textileconnect.com/directory/paxar-corp/,https://textileconnect.com/directory/paxar-corp/,https://textileconnect.com/directory/paxar-corp/,,,manufacturer,Textile Connect: apparel-and-product-manufacturing,Contact for quote,Textile Connect,https://textileconnect.com/directory/
"PBI Performance Products, Inc.",Rock Hill,SC,https://textileconnect.com/directory/pbi-performance-products-inc/,https://textileconnect.com/directory/pbi-performance-products-inc/,https://textileconnect.com/directory/pbi-performance-products-inc/,,,manufacturer,Textile Connect: apparel-and-product-manufacturing,Contact for quote,Textile Connect,https://textileconnect.com/directory/
P Collins LTD Fabrics,High Point,NC,https://textileconnect.com/directory/p-collins-ltd-fabrics/,https://textileconnect.com/directory/p-collins-ltd-fabrics/,https://textileconnect.com/directory/p-collins-ltd-fabrics/,,,manufacturer,Textile Connect: apparel-and-product-manufacturing,Contact for quote,Textile Connect,https://textileconnect.com/directory/
Q C Apparel,Sylva,NC,https://textileconnect.com/directory/q-c-apparel/,https://textileconnect.com/directory/q-c-apparel/,https://textileconnect.com/directory/q-c-apparel/,,,manufacturer,Textile Connect: apparel-and-product-manufacturing,Contact for quote,Textile Connect,https://textileconnect.com/directory/
Q F Inc,High Point,NC,https://textileconnect.com/directory/q-f-inc/,https://textileconnect.com/directory/q-f-inc/,https://textileconnect.com/directory/q-f-inc/,,,manufacturer,Textile Connect: apparel-and-product-manufacturing,Contact for quote,Textile Connect,https://textileconnect.com/directory/
QST Industries Inc,Mocksville,NC,https://textileconnect.com/directory/qst-industries-inc/,https://textileconnect.com/directory/qst-industries-inc/,https://textileconnect.com/directory/qst-industries-inc/,,,manufacturer,Textile Connect: apparel-and-product-manufacturing,Contact for quote,Textile Connect,https://textileconnect.com/directory/
Q T Hosiery Sales Corp,Burlington,NC,https://textileconnect.com/directory/q-t-hosiery-sales-corp/,https://textileconnect.com/directory/q-t-hosiery-sales-corp/,https://textileconnect.com/directory/q-t-hosiery-sales-corp/,,,manufacturer,Textile Connect: apparel-and-product-manufacturing,Contact for quote,Textile Connect,https://textileconnect.com/directory/
Quaker Fabric Corp,High Point,NC,https://textileconnect.com/directory/quaker-fabric-corp/,https://textileconnect.com/directory/quaker-fabric-corp/,https://textileconnect.com/directory/quaker-fabric-corp/,,,manufacturer,Textile Connect: apparel-and-product-manufacturing,Contact for quote,Textile Connect,https://textileconnect.com/directory/
Quality Clothing Wholesale,China Grove,NC,https://textileconnect.com/directory/quality-clothing-wholesale/,https://textileconnect.com/directory/quality-clothing-wholesale/,https://textileconnect.com/directory/quality-clothing-wholesale/,,,manufacturer,Textile Connect: apparel-and-product-manufacturing,Contact for quote,Textile Connect,https://textileconnect.com/directory/
Quality Embroidery,Lexington,NC,https://textileconnect.com/directory/quality-embroidery/,https://textileconnect.com/directory/quality-embroidery/,https://textileconnect.com/directory/quality-embroidery/,,,manufacturer,Textile Connect: apparel-and-product-manufacturing,Contact for quote,Textile Connect,https://textileconnect.com/directory/
Quality Gin Co Inc,Dunn,NC,https://textileconnect.com/directory/quality-gin-co-inc/,https://textileconnect.com/directory/quality-gin-co-inc/,https://textileconnect.com/directory/quality-gin-co-inc/,,,manufacturer,Textile Connect: apparel-and-product-manufacturing,Contact for quote,Textile Connect,https://textileconnect.com/directory/
Quality Plus Apparel LLC,Bakersville,NC,https://textileconnect.com/directory/quality-plus-apparel-llc/,https://textileconnect.com/directory/quality-plus-apparel-llc/,https://textileconnect.com/directory/quality-plus-apparel-llc/,,,manufacturer,Textile Connect: apparel-and-product-manufacturing,Contact for quote,Textile Connect,https://textileconnect.com/directory/
Quality Stitching,Saluda,SC,https://textileconnect.com/directory/quality-stitching/,https://textileconnect.com/directory/quality-stitching/,https://textileconnect.com/directory/quality-stitching/,,,manufacturer,Textile Connect: apparel-and-product-manufacturing,Contact for quote,Textile Connect,https://textileconnect.com/directory/
Quality Textile Clean Rooms,Mill Spring,NC,https://textileconnect.com/directory/quality-textile-clean-rooms/,https://textileconnect.com/directory/quality-textile-clean-rooms/,https://textileconnect.com/directory/quality-textile-clean-rooms/,,,manufacturer,Textile Connect: apparel-and-product-manufacturing,Contact for quote,Textile Connect,https://textileconnect.com/directory/
Quality Textile Co,Mill Spring,NC,https://textileconnect.com/directory/quality-textile-co/,https://textileconnect.com/directory/quality-textile-co/,https://textileconnect.com/directory/quality-textile-co/,,,manufacturer,Textile Connect: apparel-and-product-manufacturing,Contact for quote,Textile Connect,https://textileconnect.com/directory/
Quality Thread & Notions Co.,Solon,OH,https://textileconnect.com/directory/quality-thread-notions-co/,https://textileconnect.com/directory/quality-thread-notions-co/,https://textileconnect.com/directory/quality-thread-notions-co/,,,manufacturer,Textile Connect: apparel-and-product-manufacturing,Contact for quote,Textile Connect,https://textileconnect.com/directory/
"Quality Trim, Inc.",St. Louis,MO,https://textileconnect.com/directory/quality-trim-inc/,https://textileconnect.com/directory/quality-trim-inc/,https://textileconnect.com/directory/quality-trim-inc/,,,manufacturer,Textile Connect: apparel-and-product-manufacturing,Contact for quote,Textile Connect,https://textileconnect.com/directory/
"Quality Trim, Inc. MO",St. Louis,MO,https://textileconnect.com/directory/quality-trim-inc-mo/,https://textileconnect.com/directory/quality-trim-inc-mo/,https://textileconnect.com/directory/quality-trim-inc-mo/,,,manufacturer,Textile Connect: apparel-and-product-manufacturing,Contact for quote,Textile Connect,https://textileconnect.com/directory/
Quantum Group,colfax,NC,https://textileconnect.com/directory/quantum-group/,https://textileconnect.com/directory/quantum-group/,https://textileconnect.com/directory/quantum-group/,,,manufacturer,Textile Connect: apparel-and-product-manufacturing,Contact for quote,Textile Connect,https://textileconnect.com/directory/
Quantum Sail Design Group,Hilton Head Isle,SC,https://textileconnect.com/directory/quantum-sail-design-group/,https://textileconnect.com/directory/quantum-sail-design-group/,https://textileconnect.com/directory/quantum-sail-design-group/,,,manufacturer,Textile Connect: apparel-and-product-manufacturing,Contact for quote,Textile Connect,https://textileconnect.com/directory/
Queen City Mfg Inc – Charlotte,Charlotte,NC,https://textileconnect.com/directory/queen-city-mfg-inc-charlotte/,https://textileconnect.com/directory/queen-city-mfg-inc-charlotte/,https://textileconnect.com/directory/queen-city-mfg-inc-charlotte/,,,manufacturer,Textile Connect: apparel-and-product-manufacturing,Contact for quote,Textile Connect,https://textileconnect.com/directory/
Queen City Mfg Inc – Pineville,Pineville,NC,https://textileconnect.com/directory/queen-city-mfg-inc-pineville/,https://textileconnect.com/directory/queen-city-mfg-inc-pineville/,https://textileconnect.com/directory/queen-city-mfg-inc-pineville/,,,manufacturer,Textile Connect: apparel-and-product-manufacturing,Contact for quote,Textile Connect,https://textileconnect.com/directory/
Quiknit Crafting Inc,Gastonia,NC,https://textileconnect.com/directory/quiknit-crafting-inc/,https://textileconnect.com/directory/quiknit-crafting-inc/,https://textileconnect.com/directory/quiknit-crafting-inc/,,,manufacturer,Textile Connect: apparel-and-product-manufacturing,Contact for quote,Textile Connect,https://textileconnect.com/directory/
Quill Medical,Durham,NC,https://textileconnect.com/directory/quill-medical/,https://textileconnect.com/directory/quill-medical/,https://textileconnect.com/directory/quill-medical/,,,manufacturer,Textile Connect: apparel-and-product-manufacturing,Contact for quote,Textile Connect,https://textileconnect.com/directory/
"Quilt by Design, Inc",Conover,NC,https://textileconnect.com/directory/quilt-by-design-inc/,https://textileconnect.com/directory/quilt-by-design-inc/,https://textileconnect.com/directory/quilt-by-design-inc/,,,manufacturer,Textile Connect: apparel-and-product-manufacturing,Contact for quote,Textile Connect,https://textileconnect.com/directory/
Quinn’s Textile Svc,Gastonia,NC,https://textileconnect.com/directory/quinns-textile-svc/,https://textileconnect.com/directory/quinns-textile-svc/,https://textileconnect.com/directory/quinns-textile-svc/,,,manufacturer,Textile Connect: apparel-and-product-manufacturing,Contact for quote,Textile Connect,https://textileconnect.com/directory/
Quinter Textile Group,Charlotte,NC,https://textileconnect.com/directory/quinter-textile-group/,https://textileconnect.com/directory/quinter-textile-group/,https://textileconnect.com/directory/quinter-textile-group/,,,manufacturer,Textile Connect: apparel-and-product-manufacturing,Contact for quote,Textile Connect,https://textileconnect.com/directory/
R. Evans Hosiery,Connellys Springs,NC,https://textileconnect.com/directory/r-evans-hosiery/,https://textileconnect.com/directory/r-evans-hosiery/,https://textileconnect.com/directory/r-evans-hosiery/,,,manufacturer,Textile Connect: apparel-and-product-manufacturing,Contact for quote,Textile Connect,https://textileconnect.com/directory/
R. H. Lindsay Co.,Boston,MA,https://textileconnect.com/directory/r-h-lindsay-co/,https://textileconnect.com/directory/r-h-lindsay-co/,https://textileconnect.com/directory/r-h-lindsay-co/,,,manufacturer,Textile Connect: apparel-and-product-manufacturing,Contact for quote,Textile Connect,https://textileconnect.com/directory/
"R.I. Knitting Co., Inc.",Woonsocket,RI,https://textileconnect.com/directory/r-i-knitting-co-inc/,https://textileconnect.com/directory/r-i-knitting-co-inc/,https://textileconnect.com/directory/r-i-knitting-co-inc/,,,manufacturer,Textile Connect: apparel-and-product-manufacturing,Contact for quote,Textile Connect,https://textileconnect.com/directory/
R & D Weaving,Ellenboro,NC,https://textileconnect.com/directory/r-d-weaving/,https://textileconnect.com/directory/r-d-weaving/,https://textileconnect.com/directory/r-d-weaving/,,,manufacturer,Textile Connect: apparel-and-product-manufacturing,Contact for quote,Textile Connect,https://textileconnect.com/directory/
R&D Weaving Inc.,Ellenboro,NC,https://textileconnect.com/directory/rd-weaving-inc/,https://textileconnect.com/directory/rd-weaving-inc/,https://textileconnect.com/directory/rd-weaving-inc/,,,manufacturer,Textile Connect: apparel-and-product-manufacturing,Contact for quote,Textile Connect,https://textileconnect.com/directory/
R & M International Sales Corp.,Washington,PA,https://textileconnect.com/directory/r-m-international-sales-corp/,https://textileconnect.com/directory/r-m-international-sales-corp/,https://textileconnect.com/directory/r-m-international-sales-corp/,,,manufacturer,Textile Connect: apparel-and-product-manufacturing,Contact for quote,Textile Connect,https://textileconnect.com/directory/
R & R Machine Co,Stoneville,NC,https://textileconnect.com/directory/r-r-machine-co/,https://textileconnect.com/directory/r-r-machine-co/,https://textileconnect.com/directory/r-r-machine-co/,,,manufacturer,Textile Connect: apparel-and-product-manufacturing,Contact for quote,Textile Connect,https://textileconnect.com/directory/
R & S Machinery & Design Inc,Bessemer,NC,https://textileconnect.com/directory/r-s-machinery-design-inc/,https://textileconnect.com/directory/r-s-machinery-design-inc/,https://textileconnect.com/directory/r-s-machinery-design-inc/,,,manufacturer,Textile Connect: apparel-and-product-manufacturing,Contact for quote,Textile Connect,https://textileconnect.com/directory/
R & S Textiles,Hamptonville,NC,https://textileconnect.com/directory/r-s-textiles/,https://textileconnect.com/directory/r-s-textiles/,https://textileconnect.com/directory/r-s-textiles/,,,manufacturer,Textile Connect: apparel-and-product-manufacturing,Contact for quote,Textile Connect,https://textileconnect.com/directory/
Rab Apparel Sourcing,Gastonia,NC,https://textileconnect.com/directory/rab-apparel-sourcing/,https://textileconnect.com/directory/rab-apparel-sourcing/,https://textileconnect.com/directory/rab-apparel-sourcing/,,,manufacturer,Textile Connect: apparel-and-product-manufacturing,Contact for quote,Textile Connect,https://textileconnect.com/directory/
RAC Enterprises Inc,High Point,NC,https://textileconnect.com/directory/rac-enterprises-inc/,https://textileconnect.com/directory/rac-enterprises-inc/,https://textileconnect.com/directory/rac-enterprises-inc/,,,manufacturer,Textile Connect: apparel-and-product-manufacturing,Contact for quote,Textile Connect,https://textileconnect.com/directory/
Rack Room Shoes,Charlotte,NC,https://textileconnect.com/directory/rack-room-shoes/,https://textileconnect.com/directory/rack-room-shoes/,https://textileconnect.com/directory/rack-room-shoes/,,,manufacturer,Textile Connect: apparel-and-product-manufacturing,Contact for quote,Textile Connect,https://textileconnect.com/directory/
Radicispandex,Gastonia,NC,https://textileconnect.com/directory/radicispandex/,https://textileconnect.com/directory/radicispandex/,https://textileconnect.com/directory/radicispandex/,,,manufacturer,Textile Connect: apparel-and-product-manufacturing,Contact for quote,Textile Connect,https://textileconnect.com/directory/
Radici USA Inc,Spartanburg,SC,https://textileconnect.com/directory/radici-usa-inc/,https://textileconnect.com/directory/radici-usa-inc/,https://textileconnect.com/directory/radici-usa-inc/,,,manufacturer,Textile Connect: apparel-and-product-manufacturing,Contact for quote,Textile Connect,https://textileconnect.com/directory/
Rags Unlimited MWBE,Gastonia,NC,https://textileconnect.com/directory/rags-unlimited-mwbe/,https://textileconnect.com/directory/rags-unlimited-mwbe/,https://textileconnect.com/directory/rags-unlimited-mwbe/,,,manufacturer,Textile Connect: apparel-and-product-manufacturing,Contact for quote,Textile Connect,https://textileconnect.com/directory/
Rain Trappers L.L.C,Pikeville,NC,https://textileconnect.com/directory/rain-trappers-l-l-c/,https://textileconnect.com/directory/rain-trappers-l-l-c/,https://textileconnect.com/directory/rain-trappers-l-l-c/,,,manufacturer,Textile Connect: apparel-and-product-manufacturing,Contact for quote,Textile Connect,https://textileconnect.com/directory/
Raleigh Lion’s Clinic f/t Blind,Raleigh,NC,https://textileconnect.com/directory/raleigh-lions-clinic-f-t-blind/,https://textileconnect.com/directory/raleigh-lions-clinic-f-t-blind/,https://textileconnect.com/directory/raleigh-lions-clinic-f-t-blind/,,,manufacturer,Textile Connect: apparel-and-product-manufacturing,Contact for quote,Textile Connect,https://textileconnect.com/directory/
Ralph A Johnson Co,Roebuck,SC,https://textileconnect.com/directory/ralph-a-johnson-co/,https://textileconnect.com/directory/ralph-a-johnson-co/,https://textileconnect.com/directory/ralph-a-johnson-co/,,,manufacturer,Textile Connect: apparel-and-product-manufacturing,Contact for quote,Textile Connect,https://textileconnect.com/directory/
Ralph Lauren Corporation,High Point,NC,https://textileconnect.com/directory/ralph-lauren-corporation/,https://textileconnect.com/directory/ralph-lauren-corporation/,https://textileconnect.com/directory/ralph-lauren-corporation/,,,manufacturer,Textile Connect: apparel-and-product-manufacturing,Contact for quote,Textile Connect,https://textileconnect.com/directory/
Ramatex International Co,Fairfield,NJ,https://textileconnect.com/directory/ramatex-international-co/,https://textileconnect.com/directory/ramatex-international-co/,https://textileconnect.com/directory/ramatex-international-co/,,,manufacturer,Textile Connect: apparel-and-product-manufacturing,Contact for quote,Textile Connect,https://textileconnect.com/directory/
Ramseur Inter-Lock Knttng Inc,Ramseur,NC,https://textileconnect.com/directory/ramseur-inter-lock-knttng-inc/,https://textileconnect.com/directory/ramseur-inter-lock-knttng-inc/,https://textileconnect.com/directory/ramseur-inter-lock-knttng-inc/,,,manufacturer,Textile Connect: apparel-and-product-manufacturing,Contact for quote,Textile Connect,https://textileconnect.com/directory/
Ram Technologies,Mukilteo,WA,https://textileconnect.com/directory/ram-technologies/,https://textileconnect.com/directory/ram-technologies/,https://textileconnect.com/directory/ram-technologies/,,,manufacturer,Textile Connect: apparel-and-product-manufacturing,Contact for quote,Textile Connect,https://textileconnect.com/directory/
Ramtex Inc,Los Angeles,CA,https://textileconnect.com/directory/ramtex-inc/,https://textileconnect.com/directory/ramtex-inc/,https://textileconnect.com/directory/ramtex-inc/,,,manufacturer,Textile Connect: apparel-and-product-manufacturing,Contact for quote,Textile Connect,https://textileconnect.com/directory/
Ramtex Yarns & Fabrics LLC,Ramseur,NC,https://textileconnect.com/directory/ramtex-yarns-fabrics-llc/,https://textileconnect.com/directory/ramtex-yarns-fabrics-llc/,https://textileconnect.com/directory/ramtex-yarns-fabrics-llc/,,,manufacturer,Textile Connect: apparel-and-product-manufacturing,Contact for quote,Textile Connect,https://textileconnect.com/directory/
Randolph Knitting Inc,Ramseur,NC,https://textileconnect.com/directory/randolph-knitting-inc/,https://textileconnect.com/directory/randolph-knitting-inc/,https://textileconnect.com/directory/randolph-knitting-inc/,,,manufacturer,Textile Connect: apparel-and-product-manufacturing,Contact for quote,Textile Connect,https://textileconnect.com/directory/
Raoul Textiles,Santa Barbara,CA,https://textileconnect.com/directory/raoul-textiles/,https://textileconnect.com/directory/raoul-textiles/,https://textileconnect.com/directory/raoul-textiles/,,,manufacturer,Textile Connect: apparel-and-product-manufacturing,Contact for quote,Textile Connect,https://textileconnect.com/directory/
Rapid Response Inc,Pineville,NC,https://textileconnect.com/directory/rapid-response-inc/,https://textileconnect.com/directory/rapid-response-inc/,https://textileconnect.com/directory/rapid-response-inc/,,,manufacturer,Textile Connect: apparel-and-product-manufacturing,Contact for quote,Textile Connect,https://textileconnect.com/directory/
Rave,Columbia,SC,https://textileconnect.com/directory/rave/,https://textileconnect.com/directory/rave/,https://textileconnect.com/directory/rave/,,,manufacturer,Textile Connect: apparel-and-product-manufacturing,Contact for quote,Textile Connect,https://textileconnect.com/directory/
Ray’s Supply Co,Hendersonville,NC,https://textileconnect.com/directory/rays-supply-co/,https://textileconnect.com/directory/rays-supply-co/,https://textileconnect.com/directory/rays-supply-co/,,,manufacturer,Textile Connect: apparel-and-product-manufacturing,Contact for quote,Textile Connect,https://textileconnect.com/directory/
Rayon Yarn Corp,Spartanburg,SC,https://textileconnect.com/directory/rayon-yarn-corp/,https://textileconnect.com/directory/rayon-yarn-corp/,https://textileconnect.com/directory/rayon-yarn-corp/,,,manufacturer,Textile Connect: apparel-and-product-manufacturing,Contact for quote,Textile Connect,https://textileconnect.com/directory/
Raywood Inc,Williamston,NC,https://textileconnect.com/directory/raywood-inc/,https://textileconnect.com/directory/raywood-inc/,https://textileconnect.com/directory/raywood-inc/,,,manufacturer,Textile Connect: apparel-and-product-manufacturing,Contact for quote,Textile Connect,https://textileconnect.com/directory/
RC Fabrics,Los Angeles,CA,https://textileconnect.com/directory/rc-fabrics/,https://textileconnect.com/directory/rc-fabrics/,https://textileconnect.com/directory/rc-fabrics/,,,manufacturer,Textile Connect: apparel-and-product-manufacturing,Contact for quote,Textile Connect,https://textileconnect.com/directory/
R C Weatherman & Son Inc,Winston Salem,NC,https://textileconnect.com/directory/r-c-weatherman-son-inc/,https://textileconnect.com/directory/r-c-weatherman-son-inc/,https://textileconnect.com/directory/r-c-weatherman-son-inc/,,,manufacturer,Textile Connect: apparel-and-product-manufacturing,Contact for quote,Textile Connect,https://textileconnect.com/directory/
Re-New Hearth & Fire LLC,Wilson,NC,https://textileconnect.com/directory/re-new-hearth-fire-llc/,https://textileconnect.com/directory/re-new-hearth-fire-llc/,https://textileconnect.com/directory/re-new-hearth-fire-llc/,,,manufacturer,Textile Connect: apparel-and-product-manufacturing,Contact for quote,Textile Connect,https://textileconnect.com/directory/
Reagan Textiles Inc.,Lafayette,LA,https://textileconnect.com/directory/reagan-textiles-inc/,https://textileconnect.com/directory/reagan-textiles-inc/,https://textileconnect.com/directory/reagan-textiles-inc/,,,manufacturer,Textile Connect: apparel-and-product-manufacturing,Contact for quote,Textile Connect,https://textileconnect.com/directory/
Reagle Knitting,Midland,NC,https://textileconnect.com/directory/reagle-knitting/,https://textileconnect.com/directory/reagle-knitting/,https://textileconnect.com/directory/reagle-knitting/,,,manufacturer,Textile Connect: apparel-and-product-manufacturing,Contact for quote,Textile Connect,https://textileconnect.com/directory/
Reaves & Co Inc,Durham,NC,https://textileconnect.com/directory/reaves-co-inc/,https://textileconnect.com/directory/reaves-co-inc/,https://textileconnect.com/directory/reaves-co-inc/,,,manufacturer,Textile Connect: apparel-and-product-manufacturing,Contact for quote,Textile Connect,https://textileconnect.com/directory/
Rebtex Printworks,North Branch,NJ,https://textileconnect.com/directory/rebtex-printworks/,https://textileconnect.com/directory/rebtex-printworks/,https://textileconnect.com/directory/rebtex-printworks/,,,manufacturer,Textile Connect: apparel-and-product-manufacturing,Contact for quote,Textile Connect,https://textileconnect.com/directory/
Recasens USA,Blue Bell,PA,https://textileconnect.com/directory/recasens-usa/,https://textileconnect.com/directory/recasens-usa/,https://textileconnect.com/directory/recasens-usa/,,,manufacturer,Textile Connect: apparel-and-product-manufacturing,Contact for quote,Textile Connect,https://textileconnect.com/directory/
Redhanded Design Works,Apex,NC,https://textileconnect.com/directory/redhanded-design-works/,https://textileconnect.com/directory/redhanded-design-works/,https://textileconnect.com/directory/redhanded-design-works/,,,manufacturer,Textile Connect: apparel-and-product-manufacturing,Contact for quote,Textile Connect,https://textileconnect.com/directory/
Red Star Rags,Denver,CO,https://textileconnect.com/directory/red-star-rags/,https://textileconnect.com/directory/red-star-rags/,https://textileconnect.com/directory/red-star-rags/,,,manufacturer,Textile Connect: apparel-and-product-manufacturing,Contact for quote,Textile Connect,https://textileconnect.com/directory/
Redtex Inc.,Los Angeles,CA,https://textileconnect.com/directory/redtex-inc/,https://textileconnect.com/directory/redtex-inc/,https://textileconnect.com/directory/redtex-inc/,,,manufacturer,Textile Connect: apparel-and-product-manufacturing,Contact for quote,Textile Connect,https://textileconnect.com/directory/
Reeves Bow Ties LLC,Greensboro,NC,https://textileconnect.com/directory/reeves-bow-ties-llc/,https://textileconnect.com/directory/reeves-bow-ties-llc/,https://textileconnect.com/directory/reeves-bow-ties-llc/,,,manufacturer,Textile Connect: apparel-and-product-manufacturing,Contact for quote,Textile Connect,https://textileconnect.com/directory/
Reeves Brothers Inc,Spartanburg,SC,https://textileconnect.com/directory/reeves-brothers-inc/,https://textileconnect.com/directory/reeves-brothers-inc/,https://textileconnect.com/directory/reeves-brothers-inc/,,,manufacturer,Textile Connect: apparel-and-product-manufacturing,Contact for quote,Textile Connect,https://textileconnect.com/directory/
Regal Distributing Co,Spartanburg,SC,https://textileconnect.com/directory/regal-distributing-co/,https://textileconnect.com/directory/regal-distributing-co/,https://textileconnect.com/directory/regal-distributing-co/,,,manufacturer,Textile Connect: apparel-and-product-manufacturing,Contact for quote,Textile Connect,https://textileconnect.com/directory/
Regal Fabrics Inc.,Middleton,MA,https://textileconnect.com/directory/regal-fabrics-inc/,https://textileconnect.com/directory/regal-fabrics-inc/,https://textileconnect.com/directory/regal-fabrics-inc/,,,manufacturer,Textile Connect: apparel-and-product-manufacturing,Contact for quote,Textile Connect,https://textileconnect.com/directory/
Regal Screenworks Ltd,Concord,NC,https://textileconnect.com/directory/regal-screenworks-ltd/,https://textileconnect.com/directory/regal-screenworks-ltd/,https://textileconnect.com/directory/regal-screenworks-ltd/,,,manufacturer,Textile Connect: apparel-and-product-manufacturing,Contact for quote,Textile Connect,https://textileconnect.com/directory/
Reichhold Inc,Durham,NC,https://textileconnect.com/directory/reichhold-inc/,https://textileconnect.com/directory/reichhold-inc/,https://textileconnect.com/directory/reichhold-inc/,,,manufacturer,Textile Connect: apparel-and-product-manufacturing,Contact for quote,Textile Connect,https://textileconnect.com/directory/
S. Axelrod Co.,New York,NY,https://textileconnect.com/directory/s-axelrod-co/,https://textileconnect.com/directory/s-axelrod-co/,https://textileconnect.com/directory/s-axelrod-co/,,,manufacturer,Textile Connect: apparel-and-product-manufacturing,Contact for quote,Textile Connect,https://textileconnect.com/directory/
S. Lichtenberg & Co.,New York,NY,https://textileconnect.com/directory/s-lichtenberg-co/,https://textileconnect.com/directory/s-lichtenberg-co/,https://textileconnect.com/directory/s-lichtenberg-co/,,,manufacturer,Textile Connect: apparel-and-product-manufacturing,Contact for quote,Textile Connect,https://textileconnect.com/directory/
S.M.A.R.T textile exchange,Falls Church,VA,https://textileconnect.com/directory/s-m-a-r-t-textile-exchange/,https://textileconnect.com/directory/s-m-a-r-t-textile-exchange/,https://textileconnect.com/directory/s-m-a-r-t-textile-exchange/,,,manufacturer,Textile Connect: apparel-and-product-manufacturing,Contact for quote,Textile Connect,https://textileconnect.com/directory/
"S.M. Cristall Co., Inc.",Buffalo,NY,https://textileconnect.com/directory/s-m-cristall-co-inc/,https://textileconnect.com/directory/s-m-cristall-co-inc/,https://textileconnect.com/directory/s-m-cristall-co-inc/,,,manufacturer,Textile Connect: apparel-and-product-manufacturing,Contact for quote,Textile Connect,https://textileconnect.com/directory/
"S. Rasnick Co., Inc.",Worcester,MA,https://textileconnect.com/directory/s-rasnick-co-inc/,https://textileconnect.com/directory/s-rasnick-co-inc/,https://textileconnect.com/directory/s-rasnick-co-inc/,,,manufacturer,Textile Connect: apparel-and-product-manufacturing,Contact for quote,Textile Connect,https://textileconnect.com/directory/
S & D Sportswear Inc,Hendersonville,NC,https://textileconnect.com/directory/s-d-sportswear-inc/,https://textileconnect.com/directory/s-d-sportswear-inc/,https://textileconnect.com/directory/s-d-sportswear-inc/,,,manufacturer,Textile Connect: apparel-and-product-manufacturing,Contact for quote,Textile Connect,https://textileconnect.com/directory/
"S & O Industries, Inc.",New York,NY,https://textileconnect.com/directory/s-o-industries-inc/,https://textileconnect.com/directory/s-o-industries-inc/,https://textileconnect.com/directory/s-o-industries-inc/,,,manufacturer,Textile Connect: apparel-and-product-manufacturing,Contact for quote,Textile Connect,https://textileconnect.com/directory/
S & R Textiles,Archdale,NC,https://textileconnect.com/directory/s-r-textiles/,https://textileconnect.com/directory/s-r-textiles/,https://textileconnect.com/directory/s-r-textiles/,,,manufacturer,Textile Connect: apparel-and-product-manufacturing,Contact for quote,Textile Connect,https://textileconnect.com/directory/
S & S Distribution,Roebuck,SC,https://textileconnect.com/directory/s-s-distribution/,https://textileconnect.com/directory/s-s-distribution/,https://textileconnect.com/directory/s-s-distribution/,,,manufacturer,Textile Connect: apparel-and-product-manufacturing,Contact for quote,Textile Connect,https://textileconnect.com/directory/
S & S Upholstery Fabrics,Valdese,NC,https://textileconnect.com/directory/s-s-upholstery-fabrics/,https://textileconnect.com/directory/s-s-upholstery-fabrics/,https://textileconnect.com/directory/s-s-upholstery-fabrics/,,,manufacturer,Textile Connect: apparel-and-product-manufacturing,Contact for quote,Textile Connect,https://textileconnect.com/directory/
S & W Sock Sales,Williamston,SC,https://textileconnect.com/directory/s-w-sock-sales/,https://textileconnect.com/directory/s-w-sock-sales/,https://textileconnect.com/directory/s-w-sock-sales/,,,manufacturer,Textile Connect: apparel-and-product-manufacturing,Contact for quote,Textile Connect,https://textileconnect.com/directory/
Saab LLC,Lillington,NC,https://textileconnect.com/directory/saab-llc/,https://textileconnect.com/directory/saab-llc/,https://textileconnect.com/directory/saab-llc/,,,manufacturer,Textile Connect: apparel-and-product-manufacturing,Contact for quote,Textile Connect,https://textileconnect.com/directory/
Saalt,Boise,ID,https://textileconnect.com/directory/saalt/,https://textileconnect.com/directory/saalt/,https://textileconnect.com/directory/saalt/,,,manufacturer,Textile Connect: apparel-and-product-manufacturing,Contact for quote,Textile Connect,https://textileconnect.com/directory/
Sack-Ups,Morganton,NC,https://textileconnect.com/directory/sack-ups/,https://textileconnect.com/directory/sack-ups/,https://textileconnect.com/directory/sack-ups/,,,manufacturer,Textile Connect: apparel-and-product-manufacturing,Contact for quote,Textile Connect,https://textileconnect.com/directory/
Saco Lowell Parts LLC,Easley,SC,https://textileconnect.com/directory/saco-lowell-parts-llc/,https://textileconnect.com/directory/saco-lowell-parts-llc/,https://textileconnect.com/directory/saco-lowell-parts-llc/,,,manufacturer,Textile Connect: apparel-and-product-manufacturing,Contact for quote,Textile Connect,https://textileconnect.com/directory/
Sacred Fashion Anna Gordon,Asheville,NC,https://textileconnect.com/directory/sacred-fashion-anna-gordon/,https://textileconnect.com/directory/sacred-fashion-anna-gordon/,https://textileconnect.com/directory/sacred-fashion-anna-gordon/,,,manufacturer,Textile Connect: apparel-and-product-manufacturing,Contact for quote,Textile Connect,https://textileconnect.com/directory/
"Sada Fashions, Inc.",Raeford,NC,https://textileconnect.com/directory/sada-fashions-inc/,https://textileconnect.com/directory/sada-fashions-inc/,https://textileconnect.com/directory/sada-fashions-inc/,,,manufacturer,Textile Connect: apparel-and-product-manufacturing,Contact for quote,Textile Connect,https://textileconnect.com/directory/
Saertex USA,Huntrersville,NC,https://textileconnect.com/directory/saertex-usa/,https://textileconnect.com/directory/saertex-usa/,https://textileconnect.com/directory/saertex-usa/,,,manufacturer,Textile Connect: apparel-and-product-manufacturing,Contact for quote,Textile Connect,https://textileconnect.com/directory/
Safer Holding Corp.,Newark,NJ,https://textileconnect.com/directory/safer-holding-corp/,https://textileconnect.com/directory/safer-holding-corp/,https://textileconnect.com/directory/safer-holding-corp/,,,manufacturer,Textile Connect: apparel-and-product-manufacturing,Contact for quote,Textile Connect,https://textileconnect.com/directory/
Safer Paper & Transfer Printing Corp.,Newark,NJ,https://textileconnect.com/directory/safer-paper-transfer-printing-corp/,https://textileconnect.com/directory/safer-paper-transfer-printing-corp/,https://textileconnect.com/directory/safer-paper-transfer-printing-corp/,,,manufacturer,Textile Connect: apparel-and-product-manufacturing,Contact for quote,Textile Connect,https://textileconnect.com/directory/
Safer Pigment Corp.,Newark,NJ,https://textileconnect.com/directory/safer-pigment-corp/,https://textileconnect.com/directory/safer-pigment-corp/,https://textileconnect.com/directory/safer-pigment-corp/,,,manufacturer,Textile Connect: apparel-and-product-manufacturing,Contact for quote,Textile Connect,https://textileconnect.com/directory/
Safety Components Fabric Tech,Greenville,SC,https://textileconnect.com/directory/safety-components-fabric-tech/,https://textileconnect.com/directory/safety-components-fabric-tech/,https://textileconnect.com/directory/safety-components-fabric-tech/,,,manufacturer,Textile Connect: apparel-and-product-manufacturing,Contact for quote,Textile Connect,https://textileconnect.com/directory/
Safe Waze,Concord,NC,https://textileconnect.com/directory/safe-waze/,https://textileconnect.com/directory/safe-waze/,https://textileconnect.com/directory/safe-waze/,,,manufacturer,Textile Connect: apparel-and-product-manufacturing,Contact for quote,Textile Connect,https://textileconnect.com/directory/
Saiden Technologies,Sanford,NC,https://textileconnect.com/directory/saiden-technologies/,https://textileconnect.com/directory/saiden-technologies/,https://textileconnect.com/directory/saiden-technologies/,,,manufacturer,Textile Connect: apparel-and-product-manufacturing,Contact for quote,Textile Connect,https://textileconnect.com/directory/
Saint Clair Textiles,Glen Raven,NC,https://textileconnect.com/directory/saint-clair-textiles/,https://textileconnect.com/directory/saint-clair-textiles/,https://textileconnect.com/directory/saint-clair-textiles/,,,manufacturer,Textile Connect: apparel-and-product-manufacturing,Contact for quote,Textile Connect,https://textileconnect.com/directory/
Salem Neckwear Corp,Randleman,NC,https://textileconnect.com/directory/salem-neckwear-corp/,https://textileconnect.com/directory/salem-neckwear-corp/,https://textileconnect.com/directory/salem-neckwear-corp/,,,manufacturer,Textile Connect: apparel-and-product-manufacturing,Contact for quote,Textile Connect,https://textileconnect.com/directory/
Sales Exchange,Rock Hill,SC,https://textileconnect.com/directory/sales-exchange/,https://textileconnect.com/directory/sales-exchange/,https://textileconnect.com/directory/sales-exchange/,,,manufacturer,Textile Connect: apparel-and-product-manufacturing,Contact for quote,Textile Connect,https://textileconnect.com/directory/
Salisbury Manufacturing Corp,Salisbury,NC,https://textileconnect.com/directory/salisbury-manufacturing-corp/,https://textileconnect.com/directory/salisbury-manufacturing-corp/,https://textileconnect.com/directory/salisbury-manufacturing-corp/,,,manufacturer,Textile Connect: apparel-and-product-manufacturing,Contact for quote,Textile Connect,https://textileconnect.com/directory/
"Saltwater Tactical, LLC",Sneads Ferry,NC,https://textileconnect.com/directory/saltwater-tactical-llc/,https://textileconnect.com/directory/saltwater-tactical-llc/,https://textileconnect.com/directory/saltwater-tactical-llc/,,,manufacturer,Textile Connect: apparel-and-product-manufacturing,Contact for quote,Textile Connect,https://textileconnect.com/directory/
Salvage Discount Store,Kernersville,NC,https://textileconnect.com/directory/salvage-discount-store/,https://textileconnect.com/directory/salvage-discount-store/,https://textileconnect.com/directory/salvage-discount-store/,,,manufacturer,Textile Connect: apparel-and-product-manufacturing,Contact for quote,Textile Connect,https://textileconnect.com/directory/
Samarcand Selections Inc,High Point,NC,https://textileconnect.com/directory/samarcand-selections-inc/,https://textileconnect.com/directory/samarcand-selections-inc/,https://textileconnect.com/directory/samarcand-selections-inc/,,,manufacturer,Textile Connect: apparel-and-product-manufacturing,Contact for quote,Textile Connect,https://textileconnect.com/directory/
Samiko Embroidery & Custom,Chapin,SC,https://textileconnect.com/directory/samiko-embroidery-custom/,https://textileconnect.com/directory/samiko-embroidery-custom/,https://textileconnect.com/directory/samiko-embroidery-custom/,,,manufacturer,Textile Connect: apparel-and-product-manufacturing,Contact for quote,Textile Connect,https://textileconnect.com/directory/
Sam M Butler Inc,Charlotte,NC,https://textileconnect.com/directory/sam-m-butler-inc/,https://textileconnect.com/directory/sam-m-butler-inc/,https://textileconnect.com/directory/sam-m-butler-inc/,,,manufacturer,Textile Connect: apparel-and-product-manufacturing,Contact for quote,Textile Connect,https://textileconnect.com/directory/
Sample Group Inc,weaverville,NC,https://textileconnect.com/directory/sample-group-inc/,https://textileconnect.com/directory/sample-group-inc/,https://textileconnect.com/directory/sample-group-inc/,,,manufacturer,Textile Connect: apparel-and-product-manufacturing,Contact for quote,Textile Connect,https://textileconnect.com/directory/
Sampletech Inc,High Point,NC,https://textileconnect.com/directory/sampletech-inc/,https://textileconnect.com/directory/sampletech-inc/,https://textileconnect.com/directory/sampletech-inc/,,,manufacturer,Textile Connect: apparel-and-product-manufacturing,Contact for quote,Textile Connect,https://textileconnect.com/directory/
Sampson Gin Co Inc,Newton Grove,NC,https://textileconnect.com/directory/sampson-gin-co-inc/,https://textileconnect.com/directory/sampson-gin-co-inc/,https://textileconnect.com/directory/sampson-gin-co-inc/,,,manufacturer,Textile Connect: apparel-and-product-manufacturing,Contact for quote,Textile Connect,https://textileconnect.com/directory/
Sam Sin Intl Inc,Rock Hill,SC,https://textileconnect.com/directory/sam-sin-intl-inc/,https://textileconnect.com/directory/sam-sin-intl-inc/,https://textileconnect.com/directory/sam-sin-intl-inc/,,,manufacturer,Textile Connect: apparel-and-product-manufacturing,Contact for quote,Textile Connect,https://textileconnect.com/directory/
Samson Rope Technologies,Ferndale,WA,https://textileconnect.com/directory/samson-rope-technologies/,https://textileconnect.com/directory/samson-rope-technologies/,https://textileconnect.com/directory/samson-rope-technologies/,,,manufacturer,Textile Connect: apparel-and-product-manufacturing,Contact for quote,Textile Connect,https://textileconnect.com/directory/
Samuel Strapping Systems Inc,Rock Hill,SC,https://textileconnect.com/directory/samuel-strapping-systems-inc/,https://textileconnect.com/directory/samuel-strapping-systems-inc/,https://textileconnect.com/directory/samuel-strapping-systems-inc/,,,manufacturer,Textile Connect: apparel-and-product-manufacturing,Contact for quote,Textile Connect,https://textileconnect.com/directory/
San-Gar Enterprises Inc,High Point,NC,https://textileconnect.com/directory/san-gar-enterprises-inc/,https://textileconnect.com/directory/san-gar-enterprises-inc/,https://textileconnect.com/directory/san-gar-enterprises-inc/,,,manufacturer,Textile Connect: apparel-and-product-manufacturing,Contact for quote,Textile Connect,https://textileconnect.com/directory/
Sanctuary Systems,Raleigh,NC,https://textileconnect.com/directory/sanctuary-systems/,https://textileconnect.com/directory/sanctuary-systems/,https://textileconnect.com/directory/sanctuary-systems/,,,manufacturer,Textile Connect: apparel-and-product-manufacturing,Contact for quote,Textile Connect,https://textileconnect.com/directory/
Sanders Textile Sales,Belmont,NC,https://textileconnect.com/directory/sanders-textile-sales/,https://textileconnect.com/directory/sanders-textile-sales/,https://textileconnect.com/directory/sanders-textile-sales/,,,manufacturer,Textile Connect: apparel-and-product-manufacturing,Contact for quote,Textile Connect,https://textileconnect.com/directory/
Sandhill Graphics,Mt Croghan,SC,https://textileconnect.com/directory/sandhill-graphics/,https://textileconnect.com/directory/sandhill-graphics/,https://textileconnect.com/directory/sandhill-graphics/,,,manufacturer,Textile Connect: apparel-and-product-manufacturing,Contact for quote,Textile Connect,https://textileconnect.com/directory/
Sandhill Quilting Co,Wallace,SC,https://textileconnect.com/directory/sandhill-quilting-co/,https://textileconnect.com/directory/sandhill-quilting-co/,https://textileconnect.com/directory/sandhill-quilting-co/,,,manufacturer,Textile Connect: apparel-and-product-manufacturing,Contact for quote,Textile Connect,https://textileconnect.com/directory/
"Sandler, Travis & Rosenberg",Washington,District of Columbia (DC),https://textileconnect.com/directory/sandler-travis-rosenberg/,https://textileconnect.com/directory/sandler-travis-rosenberg/,https://textileconnect.com/directory/sandler-travis-rosenberg/,,,manufacturer,Textile Connect: apparel-and-product-manufacturing,Contact for quote,Textile Connect,https://textileconnect.com/directory/
Sandpiper Knitting Inc,Pageland,SC,https://textileconnect.com/directory/sandpiper-knitting-inc/,https://textileconnect.com/directory/sandpiper-knitting-inc/,https://textileconnect.com/directory/sandpiper-knitting-inc/,,,manufacturer,Textile Connect: apparel-and-product-manufacturing,Contact for quote,Textile Connect,https://textileconnect.com/directory/
Sandra Harvey,Asheville,NC,https://textileconnect.com/directory/sandra-harvey/,https://textileconnect.com/directory/sandra-harvey/,https://textileconnect.com/directory/sandra-harvey/,,,manufacturer,Textile Connect: apparel-and-product-manufacturing,Contact for quote,Textile Connect,https://textileconnect.com/directory/
Sand Textile Inc.,Los Angeles,CA,https://textileconnect.com/directory/sand-textile-inc/,https://textileconnect.com/directory/sand-textile-inc/,https://textileconnect.com/directory/sand-textile-inc/,,,manufacturer,Textile Connect: apparel-and-product-manufacturing,Contact for quote,Textile Connect,https://textileconnect.com/directory/
Sandusky Athol Intl,Butner,NC,https://textileconnect.com/directory/sandusky-athol-intl/,https://textileconnect.com/directory/sandusky-athol-intl/,https://textileconnect.com/directory/sandusky-athol-intl/,,,manufacturer,Textile Connect: apparel-and-product-manufacturing,Contact for quote,Textile Connect,https://textileconnect.com/directory/
"Sandy Paw Innovations, Inc.",Wilmington,NC,https://textileconnect.com/directory/sandy-paw-innovations-inc/,https://textileconnect.com/directory/sandy-paw-innovations-inc/,https://textileconnect.com/directory/sandy-paw-innovations-inc/,,,manufacturer,Textile Connect: apparel-and-product-manufacturing,Contact for quote,Textile Connect,https://textileconnect.com/directory/
Sanford Distributing Co Inc,West End,NC,https://textileconnect.com/directory/sanford-distributing-co-inc/,https://textileconnect.com/directory/sanford-distributing-co-inc/,https://textileconnect.com/directory/sanford-distributing-co-inc/,,,manufacturer,Textile Connect: apparel-and-product-manufacturing,Contact for quote,Textile Connect,https://textileconnect.com/directory/
San Joaquin Valley Quality Cotton,Bakersfield,CA,https://textileconnect.com/directory/san-joaquin-valley-quality-cotton/,https://textileconnect.com/directory/san-joaquin-valley-quality-cotton/,https://textileconnect.com/directory/san-joaquin-valley-quality-cotton/,,,manufacturer,Textile Connect: apparel-and-product-manufacturing,Contact for quote,Textile Connect,https://textileconnect.com/directory/
"San Juan Textiles, S. de R.L. de C.V.",,,https://textileconnect.com/directory/san-juan-textiles-s-de-r-l-de-c-v/,https://textileconnect.com/directory/san-juan-textiles-s-de-r-l-de-c-v/,https://textileconnect.com/directory/san-juan-textiles-s-de-r-l-de-c-v/,,,manufacturer,Textile Connect: apparel-and-product-manufacturing,Contact for quote,Textile Connect,https://textileconnect.com/directory/
Sans Technical Fibres Llc,Stoneville,NC,https://textileconnect.com/directory/sans-technical-fibres-llc/,https://textileconnect.com/directory/sans-technical-fibres-llc/,https://textileconnect.com/directory/sans-technical-fibres-llc/,,,manufacturer,Textile Connect: apparel-and-product-manufacturing,Contact for quote,Textile Connect,https://textileconnect.com/directory/
Santa Fe Knitting LLC – Temporarily Closed,Los Angeles,CA,https://textileconnect.com/directory/santa-fe-knitting-llc-temporarily-closed/,https://textileconnect.com/directory/santa-fe-knitting-llc-temporarily-closed/,https://textileconnect.com/directory/santa-fe-knitting-llc-temporarily-closed/,,,manufacturer,Textile Connect: apparel-and-product-manufacturing,Contact for quote,Textile Connect,https://textileconnect.com/directory/
Santana Designs,High Point,NC,https://textileconnect.com/directory/santana-designs/,https://textileconnect.com/directory/santana-designs/,https://textileconnect.com/directory/santana-designs/,,,manufacturer,Textile Connect: apparel-and-product-manufacturing,Contact for quote,Textile Connect,https://textileconnect.com/directory/
Santee Embroidery,Santee,SC,https://textileconnect.com/directory/santee-embroidery/,https://textileconnect.com/directory/santee-embroidery/,https://textileconnect.com/directory/santee-embroidery/,,,manufacturer,Textile Connect: apparel-and-product-manufacturing,Contact for quote,Textile Connect,https://textileconnect.com/directory/
Santee Fabrics,High Point,NC,https://textileconnect.com/directory/santee-fabrics/,https://textileconnect.com/directory/santee-fabrics/,https://textileconnect.com/directory/santee-fabrics/,,,manufacturer,Textile Connect: apparel-and-product-manufacturing,Contact for quote,Textile Connect,https://textileconnect.com/directory/
Santee Print Works Inc,Sumter,SC,https://textileconnect.com/directory/santee-print-works-inc/,https://textileconnect.com/directory/santee-print-works-inc/,https://textileconnect.com/directory/santee-print-works-inc/,,,manufacturer,Textile Connect: apparel-and-product-manufacturing,Contact for quote,Textile Connect,https://textileconnect.com/directory/
Santens Of America Inc,Anderson,SC,https://textileconnect.com/directory/santens-of-america-inc/,https://textileconnect.com/directory/santens-of-america-inc/,https://textileconnect.com/directory/santens-of-america-inc/,,,manufacturer,Textile Connect: apparel-and-product-manufacturing,Contact for quote,Textile Connect,https://textileconnect.com/directory/
Sapona Manufacturing Co Inc,Franklinville,NC,https://textileconnect.com/directory/sapona-manufacturing-co-inc/,https://textileconnect.com/directory/sapona-manufacturing-co-inc/,https://textileconnect.com/directory/sapona-manufacturing-co-inc/,,,manufacturer,Textile Connect: apparel-and-product-manufacturing,Contact for quote,Textile Connect,https://textileconnect.com/directory/
Sara Lee Knit Products,Asheboro,NC,https://textileconnect.com/directory/sara-lee-knit-products/,https://textileconnect.com/directory/sara-lee-knit-products/,https://textileconnect.com/directory/sara-lee-knit-products/,,,manufacturer,Textile Connect: apparel-and-product-manufacturing,Contact for quote,Textile Connect,https://textileconnect.com/directory/
"Saratoga Horseworks, LTD",Amsterdam,NY,https://textileconnect.com/directory/saratoga-horseworks-ltd/,https://textileconnect.com/directory/saratoga-horseworks-ltd/,https://textileconnect.com/directory/saratoga-horseworks-ltd/,,,manufacturer,Textile Connect: apparel-and-product-manufacturing,Contact for quote,Textile Connect,https://textileconnect.com/directory/
Sarreid Limited,High Point,NC,https://textileconnect.com/directory/sarreid-limited/,https://textileconnect.com/directory/sarreid-limited/,https://textileconnect.com/directory/sarreid-limited/,,,manufacturer,Textile Connect: apparel-and-product-manufacturing,Contact for quote,Textile Connect,https://textileconnect.com/directory/
Sattler Corp.,Hudson,NC,https://textileconnect.com/directory/sattler-corp/,https://textileconnect.com/directory/sattler-corp/,https://textileconnect.com/directory/sattler-corp/,,,manufacturer,Textile Connect: apparel-and-product-manufacturing,Contact for quote,Textile Connect,https://textileconnect.com/directory/
Saunders Thread Company,Gastonia,NC,https://textileconnect.com/directory/saunders-thread-company/,https://textileconnect.com/directory/saunders-thread-company/,https://textileconnect.com/directory/saunders-thread-company/,,,manufacturer,Textile Connect: apparel-and-product-manufacturing,Contact for quote,Textile Connect,https://textileconnect.com/directory/
Saurer Inc,Charlotte,NC,https://textileconnect.com/directory/saurer-inc/,https://textileconnect.com/directory/saurer-inc/,https://textileconnect.com/directory/saurer-inc/,,,manufacturer,Textile Connect: apparel-and-product-manufacturing,Contact for quote,Textile Connect,https://textileconnect.com/directory/
Sawgrass Technologies,Mount Pleasant,SC,https://textileconnect.com/directory/sawgrass-technologies/,https://textileconnect.com/directory/sawgrass-technologies/,https://textileconnect.com/directory/sawgrass-technologies/,,,manufacturer,Textile Connect: apparel-and-product-manufacturing,Contact for quote,Textile Connect,https://textileconnect.com/directory/
Saye Corp Inc,High Point,NC,https://textileconnect.com/directory/saye-corp-inc/,https://textileconnect.com/directory/saye-corp-inc/,https://textileconnect.com/directory/saye-corp-inc/,,,manufacturer,Textile Connect: apparel-and-product-manufacturing,Contact for quote,Textile Connect,https://textileconnect.com/directory/
Sbi Fabric Finishing,Athens,TX,https://textileconnect.com/directory/sbi-fabric-finishing/,https://textileconnect.com/directory/sbi-fabric-finishing/,https://textileconnect.com/directory/sbi-fabric-finishing/,,,manufacturer,Textile Connect: apparel-and-product-manufacturing,Contact for quote,Textile Connect,https://textileconnect.com/directory/
Sca Packaging,Butner,NC,https://textileconnect.com/directory/sca-packaging/,https://textileconnect.com/directory/sca-packaging/,https://textileconnect.com/directory/sca-packaging/,,,manufacturer,Textile Connect: apparel-and-product-manufacturing,Contact for quote,Textile Connect,https://textileconnect.com/directory/
Scearce’s Wholesale,Mt Airy,NC,https://textileconnect.com/directory/scearces-wholesale/,https://textileconnect.com/directory/scearces-wholesale/,https://textileconnect.com/directory/scearces-wholesale/,,,manufacturer,Textile Connect: apparel-and-product-manufacturing,Contact for quote,Textile Connect,https://textileconnect.com/directory/
Scene Weaver,Columbia,SC,https://textileconnect.com/directory/scene-weaver/,https://textileconnect.com/directory/scene-weaver/,https://textileconnect.com/directory/scene-weaver/,,,manufacturer,Textile Connect: apparel-and-product-manufacturing,Contact for quote,Textile Connect,https://textileconnect.com/directory/
Schafer Sportswear Inc,Dallas,NC,https://textileconnect.com/directory/schafer-sportswear-inc/,https://textileconnect.com/directory/schafer-sportswear-inc/,https://textileconnect.com/directory/schafer-sportswear-inc/,,,manufacturer,Textile Connect: apparel-and-product-manufacturing,Contact for quote,Textile Connect,https://textileconnect.com/directory/
Schappe Techniques,Raleigh,NC,https://textileconnect.com/directory/schappe-techniques/,https://textileconnect.com/directory/schappe-techniques/,https://textileconnect.com/directory/schappe-techniques/,,,manufacturer,Textile Connect: apparel-and-product-manufacturing,Contact for quote,Textile Connect,https://textileconnect.com/directory/
Schenk Vision LLC,Woodbury,MN,https://textileconnect.com/directory/schenk-vision-llc/,https://textileconnect.com/directory/schenk-vision-llc/,https://textileconnect.com/directory/schenk-vision-llc/,,,manufacturer,Textile Connect: apparel-and-product-manufacturing,Contact for quote,Textile Connect,https://textileconnect.com/directory/
Schlegel Corp/Sc Div,Chester,SC,https://textileconnect.com/directory/schlegel-corp-sc-div/,https://textileconnect.com/directory/schlegel-corp-sc-div/,https://textileconnect.com/directory/schlegel-corp-sc-div/,,,manufacturer,Textile Connect: apparel-and-product-manufacturing,Contact for quote,Textile Connect,https://textileconnect.com/directory/
Schmidt Manufacturing Co Inc,Greenville,SC,https://textileconnect.com/directory/schmidt-manufacturing-co-inc/,https://textileconnect.com/directory/schmidt-manufacturing-co-inc/,https://textileconnect.com/directory/schmidt-manufacturing-co-inc/,,,manufacturer,Textile Connect: apparel-and-product-manufacturing,Contact for quote,Textile Connect,https://textileconnect.com/directory/
"Schneider Mills, Inc.",Taylorsville,NC,https://textileconnect.com/directory/schneider-mills-inc/,https://textileconnect.com/directory/schneider-mills-inc/,https://textileconnect.com/directory/schneider-mills-inc/,,,manufacturer,Textile Connect: apparel-and-product-manufacturing,Contact for quote,Textile Connect,https://textileconnect.com/directory/
"Schnieder – Banks, Inc.",Athens,TX,https://textileconnect.com/directory/schnieder-banks-inc/,https://textileconnect.com/directory/schnieder-banks-inc/,https://textileconnect.com/directory/schnieder-banks-inc/,,,manufacturer,Textile Connect: apparel-and-product-manufacturing,Contact for quote,Textile Connect,https://textileconnect.com/directory/
"Schober USA, Inc.",Fairfield,OH,https://textileconnect.com/directory/schober-usa-inc/,https://textileconnect.com/directory/schober-usa-inc/,https://textileconnect.com/directory/schober-usa-inc/,,,manufacturer,Textile Connect: apparel-and-product-manufacturing,Contact for quote,Textile Connect,https://textileconnect.com/directory/
"Schoen Trimming & Cord Co., Inc.",New York,NY,https://textileconnect.com/directory/schoen-trimming-cord-co-inc/,https://textileconnect.com/directory/schoen-trimming-cord-co-inc/,https://textileconnect.com/directory/schoen-trimming-cord-co-inc/,,,manufacturer,Textile Connect: apparel-and-product-manufacturing,Contact for quote,Textile Connect,https://textileconnect.com/directory/
School Cuts Screen Embroidery,West Columbia,SC,https://textileconnect.com/directory/school-cuts-screen-embroidery/,https://textileconnect.com/directory/school-cuts-screen-embroidery/,https://textileconnect.com/directory/school-cuts-screen-embroidery/,,,manufacturer,Textile Connect: apparel-and-product-manufacturing,Contact for quote,Textile Connect,https://textileconnect.com/directory/
School Protection System Co.,Denver,NC,https://textileconnect.com/directory/school-protection-system-co/,https://textileconnect.com/directory/school-protection-system-co/,https://textileconnect.com/directory/school-protection-system-co/,,,manufacturer,Textile Connect: apparel-and-product-manufacturing,Contact for quote,Textile Connect,https://textileconnect.com/directory/
Schwartz Manufacturing Company,Two Rivers,WI,https://textileconnect.com/directory/schwartz-manufacturing-company/,https://textileconnect.com/directory/schwartz-manufacturing-company/,https://textileconnect.com/directory/schwartz-manufacturing-company/,,,manufacturer,Textile Connect: apparel-and-product-manufacturing,Contact for quote,Textile Connect,https://textileconnect.com/directory/
Sclavos USA Inc,Charlotte,NC,https://textileconnect.com/directory/sclavos-usa-inc/,https://textileconnect.com/directory/sclavos-usa-inc/,https://textileconnect.com/directory/sclavos-usa-inc/,,,manufacturer,Textile Connect: apparel-and-product-manufacturing,Contact for quote,Textile Connect,https://textileconnect.com/directory/
Scoggins Manufacturing Inc,Burlington,NC,https://textileconnect.com/directory/scoggins-manufacturing-inc/,https://textileconnect.com/directory/scoggins-manufacturing-inc/,https://textileconnect.com/directory/scoggins-manufacturing-inc/,,,manufacturer,Textile Connect: apparel-and-product-manufacturing,Contact for quote,Textile Connect,https://textileconnect.com/directory/
Scollon Productions Inc,Chapin,SC,https://textileconnect.com/directory/scollon-productions-inc/,https://textileconnect.com/directory/scollon-productions-inc/,https://textileconnect.com/directory/scollon-productions-inc/,,,manufacturer,Textile Connect: apparel-and-product-manufacturing,Contact for quote,Textile Connect,https://textileconnect.com/directory/
Scorpio Knits,Statesville,NC,https://textileconnect.com/directory/scorpio-knits/,https://textileconnect.com/directory/scorpio-knits/,https://textileconnect.com/directory/scorpio-knits/,,,manufacturer,Textile Connect: apparel-and-product-manufacturing,Contact for quote,Textile Connect,https://textileconnect.com/directory/
Scout Boats Inc,Summerville,SC,https://textileconnect.com/directory/scout-boats-inc/,https://textileconnect.com/directory/scout-boats-inc/,https://textileconnect.com/directory/scout-boats-inc/,,,manufacturer,Textile Connect: apparel-and-product-manufacturing,Contact for quote,Textile Connect,https://textileconnect.com/directory/
Screen-Trans,Moonachie,NJ,https://textileconnect.com/directory/screen-trans/,https://textileconnect.com/directory/screen-trans/,https://textileconnect.com/directory/screen-trans/,,,manufacturer,Textile Connect: apparel-and-product-manufacturing,Contact for quote,Textile Connect,https://textileconnect.com/directory/
Screen Impressions,Shelby,NC,https://textileconnect.com/directory/screen-impressions/,https://textileconnect.com/directory/screen-impressions/,https://textileconnect.com/directory/screen-impressions/,,,manufacturer,Textile Connect: apparel-and-product-manufacturing,Contact for quote,Textile Connect,https://textileconnect.com/directory/
Screenplay,Vineyard,UT,https://textileconnect.com/directory/screenplay/,https://textileconnect.com/directory/screenplay/,https://textileconnect.com/directory/screenplay/,,,manufacturer,Textile Connect: apparel-and-product-manufacturing,Contact for quote,Textile Connect,https://textileconnect.com/directory/
Screen Printing Express,Myrtle Beach,SC,https://textileconnect.com/directory/screen-printing-express/,https://textileconnect.com/directory/screen-printing-express/,https://textileconnect.com/directory/screen-printing-express/,,,manufacturer,Textile Connect: apparel-and-product-manufacturing,Contact for quote,Textile Connect,https://textileconnect.com/directory/
Screen Printing Unlimited,Waxhaw,NC,https://textileconnect.com/directory/screen-printing-unlimited/,https://textileconnect.com/directory/screen-printing-unlimited/,https://textileconnect.com/directory/screen-printing-unlimited/,,,manufacturer,Textile Connect: apparel-and-product-manufacturing,Contact for quote,Textile Connect,https://textileconnect.com/directory/
Screen Scene,Winston Salem,NC,https://textileconnect.com/directory/screen-scene/,https://textileconnect.com/directory/screen-scene/,https://textileconnect.com/directory/screen-scene/,,,manufacturer,Textile Connect: apparel-and-product-manufacturing,Contact for quote,Textile Connect,https://textileconnect.com/directory/
Scrub City,Clarkton,NC,https://textileconnect.com/directory/scrub-city/,https://textileconnect.com/directory/scrub-city/,https://textileconnect.com/directory/scrub-city/,,,manufacturer,Textile Connect: apparel-and-product-manufacturing,Contact for quote,Textile Connect,https://textileconnect.com/directory/
Scruggs Rug Shop,Forest,NC,https://textileconnect.com/directory/scruggs-rug-shop/,https://textileconnect.com/directory/scruggs-rug-shop/,https://textileconnect.com/directory/scruggs-rug-shop/,,,manufacturer,Textile Connect: apparel-and-product-manufacturing,Contact for quote,Textile Connect,https://textileconnect.com/directory/
"SDFC, Synergy Dyeing & Finishing",Statesville,NC,https://textileconnect.com/directory/sdfc-synergy-dyeing-finishing/,https://textileconnect.com/directory/sdfc-synergy-dyeing-finishing/,https://textileconnect.com/directory/sdfc-synergy-dyeing-finishing/,,,manufacturer,Textile Connect: apparel-and-product-manufacturing,Contact for quote,Textile Connect,https://textileconnect.com/directory/
SDL Atlas,Charlotte,NC,https://textileconnect.com/directory/sdl-atlas/,https://textileconnect.com/directory/sdl-atlas/,https://textileconnect.com/directory/sdl-atlas/,,,manufacturer,Textile Connect: apparel-and-product-manufacturing,Contact for quote,Textile Connect,https://textileconnect.com/directory/
SD Polymers,Macon,GA,https://textileconnect.com/directory/sd-polymers/,https://textileconnect.com/directory/sd-polymers/,https://textileconnect.com/directory/sd-polymers/,,,manufacturer,Textile Connect: apparel-and-product-manufacturing,Contact for quote,Textile Connect,https://textileconnect.com/directory/
"se7en, LLC",High Point,NC,https://textileconnect.com/directory/se7en-llc/,https://textileconnect.com/directory/se7en-llc/,https://textileconnect.com/directory/se7en-llc/,,,manufacturer,Textile Connect: apparel-and-product-manufacturing,Contact for quote,Textile Connect,https://textileconnect.com/directory/
Seaboard Textile Inc,Raleigh,NC,https://textileconnect.com/directory/seaboard-textile-inc/,https://textileconnect.com/directory/seaboard-textile-inc/,https://textileconnect.com/directory/seaboard-textile-inc/,,,manufacturer,Textile Connect: apparel-and-product-manufacturing,Contact for quote,Textile Connect,https://textileconnect.com/directory/
SeaChange Technologies,Raleigh,NC,https://textileconnect.com/directory/seachange-technologies/,https://textileconnect.com/directory/seachange-technologies/,https://textileconnect.com/directory/seachange-technologies/,,,manufacturer,Textile Connect: apparel-and-product-manufacturing,Contact for quote,Textile Connect,https://textileconnect.com/directory/
Sealoflex Inc,Charleston,SC,https://textileconnect.com/directory/sealoflex-inc/,https://textileconnect.com/directory/sealoflex-inc/,https://textileconnect.com/directory/sealoflex-inc/,,,manufacturer,Textile Connect: apparel-and-product-manufacturing,Contact for quote,Textile Connect,https://textileconnect.com/directory/
Seam-Craft Inc,High Point,NC,https://textileconnect.com/directory/seam-craft-inc/,https://textileconnect.com/directory/seam-craft-inc/,https://textileconnect.com/directory/seam-craft-inc/,,,manufacturer,Textile Connect: apparel-and-product-manufacturing,Contact for quote,Textile Connect,https://textileconnect.com/directory/
Seamless Industries Inc,Charlotte,NC,https://textileconnect.com/directory/seamless-industries-inc/,https://textileconnect.com/directory/seamless-industries-inc/,https://textileconnect.com/directory/seamless-industries-inc/,,,manufacturer,Textile Connect: apparel-and-product-manufacturing,Contact for quote,Textile Connect,https://textileconnect.com/directory/
Seamless Sensations Inc,Chester,SC,https://textileconnect.com/directory/seamless-sensations-inc/,https://textileconnect.com/directory/seamless-sensations-inc/,https://textileconnect.com/directory/seamless-sensations-inc/,,,manufacturer,Textile Connect: apparel-and-product-manufacturing,Contact for quote,Textile Connect,https://textileconnect.com/directory/
SEAMS,Columbia,SC,https://textileconnect.com/directory/seams/,https://textileconnect.com/directory/seams/,https://textileconnect.com/directory/seams/,,,manufacturer,Textile Connect: apparel-and-product-manufacturing,Contact for quote,Textile Connect,https://textileconnect.com/directory/
Seattle Industrial Textile Co.,Seattle,WA,https://textileconnect.com/directory/seattle-industrial-textile-co/,https://textileconnect.com/directory/seattle-industrial-textile-co/,https://textileconnect.com/directory/seattle-industrial-textile-co/,,,manufacturer,Textile Connect: apparel-and-product-manufacturing,Contact for quote,Textile Connect,https://textileconnect.com/directory/
Secondary Materials and Recycled Textiles Assoc,Falls Church,VA,https://textileconnect.com/directory/secondary-materials-and-recycled-textiles-assoc/,https://textileconnect.com/directory/secondary-materials-and-recycled-textiles-assoc/,https://textileconnect.com/directory/secondary-materials-and-recycled-textiles-assoc/,,,manufacturer,Textile Connect: apparel-and-product-manufacturing,Contact for quote,Textile Connect,https://textileconnect.com/directory/
Second Nature,Raleigh,NC,https://textileconnect.com/directory/second-nature/,https://textileconnect.com/directory/second-nature/,https://textileconnect.com/directory/second-nature/,,,manufacturer,Textile Connect: apparel-and-product-manufacturing,Contact for quote,Textile Connect,https://textileconnect.com/directory/
Secrets,Charlotte,NC,https://textileconnect.com/directory/secrets/,https://textileconnect.com/directory/secrets/,https://textileconnect.com/directory/secrets/,,,manufacturer,Textile Connect: apparel-and-product-manufacturing,Contact for quote,Textile Connect,https://textileconnect.com/directory/
Securall Inc,Sanford,NC,https://textileconnect.com/directory/securall-inc/,https://textileconnect.com/directory/securall-inc/,https://textileconnect.com/directory/securall-inc/,,,manufacturer,Textile Connect: apparel-and-product-manufacturing,Contact for quote,Textile Connect,https://textileconnect.com/directory/
Sedgefield By Adams,High Point,NC,https://textileconnect.com/directory/sedgefield-by-adams/,https://textileconnect.com/directory/sedgefield-by-adams/,https://textileconnect.com/directory/sedgefield-by-adams/,,,manufacturer,Textile Connect: apparel-and-product-manufacturing,Contact for quote,Textile Connect,https://textileconnect.com/directory/
Sedgefield Sanitary District,Greensboro,NC,https://textileconnect.com/directory/sedgefield-sanitary-district/,https://textileconnect.com/directory/sedgefield-sanitary-district/,https://textileconnect.com/directory/sedgefield-sanitary-district/,,,manufacturer,Textile Connect: apparel-and-product-manufacturing,Contact for quote,Textile Connect,https://textileconnect.com/directory/
Seiren (Previously Viscotec Automotive Products),Morganton,NC,https://textileconnect.com/directory/seiren-previously-viscotec-automotive-products/,https://textileconnect.com/directory/seiren-previously-viscotec-automotive-products/,https://textileconnect.com/directory/seiren-previously-viscotec-automotive-products/,,,manufacturer,Textile Connect: apparel-and-product-manufacturing,Contact for quote,Textile Connect,https://textileconnect.com/directory/
"Select Fabricators, Inc",Canandaigua,NY,https://textileconnect.com/directory/select-fabricators-inc/,https://textileconnect.com/directory/select-fabricators-inc/,https://textileconnect.com/directory/select-fabricators-inc/,,,manufacturer,Textile Connect: apparel-and-product-manufacturing,Contact for quote,Textile Connect,https://textileconnect.com/directory/
Select Furniture Mfr,High Point,NC,https://textileconnect.com/directory/select-furniture-mfr/,https://textileconnect.com/directory/select-furniture-mfr/,https://textileconnect.com/directory/select-furniture-mfr/,,,manufacturer,Textile Connect: apparel-and-product-manufacturing,Contact for quote,Textile Connect,https://textileconnect.com/directory/
Sellars,Milwaukee,WI,https://textileconnect.com/directory/sellars/,https://textileconnect.com/directory/sellars/,https://textileconnect.com/directory/sellars/,,,manufacturer,Textile Connect: apparel-and-product-manufacturing,Contact for quote,Textile Connect,https://textileconnect.com/directory/
Sentry Table Pad Co,Raleigh,NC,https://textileconnect.com/directory/sentry-table-pad-co/,https://textileconnect.com/directory/sentry-table-pad-co/,https://textileconnect.com/directory/sentry-table-pad-co/,,,manufacturer,Textile Connect: apparel-and-product-manufacturing,Contact for quote,Textile Connect,https://textileconnect.com/directory/
Sequins International Inc.,Woodside,NY,https://textileconnect.com/directory/sequins-international-inc/,https://textileconnect.com/directory/sequins-international-inc/,https://textileconnect.com/directory/sequins-international-inc/,,,manufacturer,Textile Connect: apparel-and-product-manufacturing,Contact for quote,Textile Connect,https://textileconnect.com/directory/
Seritex Inc.,East Rutherford,NJ,https://textileconnect.com/directory/seritex-inc/,https://textileconnect.com/directory/seritex-inc/,https://textileconnect.com/directory/seritex-inc/,,,manufacturer,Textile Connect: apparel-and-product-manufacturing,Contact for quote,Textile Connect,https://textileconnect.com/directory/
Sero Sales,Belmont,NC,https://textileconnect.com/directory/sero-sales/,https://textileconnect.com/directory/sero-sales/,https://textileconnect.com/directory/sero-sales/,,,manufacturer,Textile Connect: apparel-and-product-manufacturing,Contact for quote,Textile Connect,https://textileconnect.com/directory/
Service Thread Manufacturing Corporation,Laurinburg,NC,https://textileconnect.com/directory/service-thread-manufacturing-corporation/,https://textileconnect.com/directory/service-thread-manufacturing-corporation/,https://textileconnect.com/directory/service-thread-manufacturing-corporation/,,,manufacturer,Textile Connect: apparel-and-product-manufacturing,Contact for quote,Textile Connect,https://textileconnect.com/directory/
"Sevantex, Inc.","Knowlton, QC",,https://textileconnect.com/directory/sevantex-inc/,https://textileconnect.com/directory/sevantex-inc/,https://textileconnect.com/directory/sevantex-inc/,,,manufacturer,Textile Connect: apparel-and-product-manufacturing,Contact for quote,Textile Connect,https://textileconnect.com/directory/
"Seven Islands Inc., North America",Torrance,CA,https://textileconnect.com/directory/seven-islands-inc-north-america/,https://textileconnect.com/directory/seven-islands-inc-north-america/,https://textileconnect.com/directory/seven-islands-inc-north-america/,,,manufacturer,Textile Connect: apparel-and-product-manufacturing,Contact for quote,Textile Connect,https://textileconnect.com/directory/
Sew Elegant Designs by Sylvia,Youngsville,NC,https://textileconnect.com/directory/sew-elegant-designs-by-sylvia/,https://textileconnect.com/directory/sew-elegant-designs-by-sylvia/,https://textileconnect.com/directory/sew-elegant-designs-by-sylvia/,,,manufacturer,Textile Connect: apparel-and-product-manufacturing,Contact for quote,Textile Connect,https://textileconnect.com/directory/
Sewing By Sherry,Pineville,NC,https://textileconnect.com/directory/sewing-by-sherry/,https://textileconnect.com/directory/sewing-by-sherry/,https://textileconnect.com/directory/sewing-by-sherry/,,,manufacturer,Textile Connect: apparel-and-product-manufacturing,Contact for quote,Textile Connect,https://textileconnect.com/directory/
Sewing Room,Winston Salem,NC,https://textileconnect.com/directory/sewing-room/,https://textileconnect.com/directory/sewing-room/,https://textileconnect.com/directory/sewing-room/,,,manufacturer,Textile Connect: apparel-and-product-manufacturing,Contact for quote,Textile Connect,https://textileconnect.com/directory/
Sewing Solutions,Clayton,NC,https://textileconnect.com/directory/sewing-solutions/,https://textileconnect.com/directory/sewing-solutions/,https://textileconnect.com/directory/sewing-solutions/,,,manufacturer,Textile Connect: apparel-and-product-manufacturing,Contact for quote,Textile Connect,https://textileconnect.com/directory/
Sewing Source Inc,Spring Hope,NC,https://textileconnect.com/directory/sewing-source-inc/,https://textileconnect.com/directory/sewing-source-inc/,https://textileconnect.com/directory/sewing-source-inc/,,,manufacturer,Textile Connect: apparel-and-product-manufacturing,Contact for quote,Textile Connect,https://textileconnect.com/directory/
Sewing Unlimited,Wilmington,NC,https://textileconnect.com/directory/sewing-unlimited/,https://textileconnect.com/directory/sewing-unlimited/,https://textileconnect.com/directory/sewing-unlimited/,,,manufacturer,Textile Connect: apparel-and-product-manufacturing,Contact for quote,Textile Connect,https://textileconnect.com/directory/
Sew It Seams,Morehead,NC,https://textileconnect.com/directory/sew-it-seams/,https://textileconnect.com/directory/sew-it-seams/,https://textileconnect.com/directory/sew-it-seams/,,,manufacturer,Textile Connect: apparel-and-product-manufacturing,Contact for quote,Textile Connect,https://textileconnect.com/directory/
Sew Master Sewing Machine Svc,Dobson,NC,https://textileconnect.com/directory/sew-master-sewing-machine-svc/,https://textileconnect.com/directory/sew-master-sewing-machine-svc/,https://textileconnect.com/directory/sew-master-sewing-machine-svc/,,,manufacturer,Textile Connect: apparel-and-product-manufacturing,Contact for quote,Textile Connect,https://textileconnect.com/directory/
Sew Much Fun,Lowell,NC,https://textileconnect.com/directory/sew-much-fun/,https://textileconnect.com/directory/sew-much-fun/,https://textileconnect.com/directory/sew-much-fun/,,,manufacturer,Textile Connect: apparel-and-product-manufacturing,Contact for quote,Textile Connect,https://textileconnect.com/directory/
sew much more repair services,Jacksonville,NC,https://textileconnect.com/directory/sew-much-more-repair-services/,https://textileconnect.com/directory/sew-much-more-repair-services/,https://textileconnect.com/directory/sew-much-more-repair-services/,,,manufacturer,Textile Connect: apparel-and-product-manufacturing,Contact for quote,Textile Connect,https://textileconnect.com/directory/
Sewn Products Equipment & Suppliers of the Americas (SPESA),Raleigh,NC,https://textileconnect.com/directory/sewn-products-equipment-suppliers-of-the-americas-spesa/,https://textileconnect.com/directory/sewn-products-equipment-suppliers-of-the-americas-spesa/,https://textileconnect.com/directory/sewn-products-equipment-suppliers-of-the-americas-spesa/,,,manufacturer,Textile Connect: apparel-and-product-manufacturing,Contact for quote,Textile Connect,https://textileconnect.com/directory/
Sew Rite Boutique,Fayetteville,NC,https://textileconnect.com/directory/sew-rite-boutique/,https://textileconnect.com/directory/sew-rite-boutique/,https://textileconnect.com/directory/sew-rite-boutique/,,,manufacturer,Textile Connect: apparel-and-product-manufacturing,Contact for quote,Textile Connect,https://textileconnect.com/directory/
Sew Unique Sewing Ctr,Raleigh,NC,https://textileconnect.com/directory/sew-unique-sewing-ctr/,https://textileconnect.com/directory/sew-unique-sewing-ctr/,https://textileconnect.com/directory/sew-unique-sewing-ctr/,,,manufacturer,Textile Connect: apparel-and-product-manufacturing,Contact for quote,Textile Connect,https://textileconnect.com/directory/
Sextet Fabrics Inc.,Roosevelt,NY,https://textileconnect.com/directory/sextet-fabrics-inc/,https://textileconnect.com/directory/sextet-fabrics-inc/,https://textileconnect.com/directory/sextet-fabrics-inc/,,,manufacturer,Textile Connect: apparel-and-product-manufacturing,Contact for quote,Textile Connect,https://textileconnect.com/directory/
SF tailors DBA ProtectiveWears,Apex,NC,https://textileconnect.com/directory/sf-tailors-dba-protectivewears/,https://textileconnect.com/directory/sf-tailors-dba-protectivewears/,https://textileconnect.com/directory/sf-tailors-dba-protectivewears/,,,manufacturer,Textile Connect: apparel-and-product-manufacturing,Contact for quote,Textile Connect,https://textileconnect.com/directory/
SG Knits Inc.,Los Angeles,CA,https://textileconnect.com/directory/sg-knits-inc/,https://textileconnect.com/directory/sg-knits-inc/,https://textileconnect.com/directory/sg-knits-inc/,,,manufacturer,Textile Connect: apparel-and-product-manufacturing,Contact for quote,Textile Connect,https://textileconnect.com/directory/
SGL Carbon,Santa Clarita,CA,https://textileconnect.com/directory/sgl-carbon/,https://textileconnect.com/directory/sgl-carbon/,https://textileconnect.com/directory/sgl-carbon/,,,manufacturer,Textile Connect: apparel-and-product-manufacturing,Contact for quote,Textile Connect,https://textileconnect.com/directory/
"SGS North America, Inc.",Fairfield,NJ,https://textileconnect.com/directory/sgs-north-america-inc/,https://textileconnect.com/directory/sgs-north-america-inc/,https://textileconnect.com/directory/sgs-north-america-inc/,,,manufacturer,Textile Connect: apparel-and-product-manufacturing,Contact for quote,Textile Connect,https://textileconnect.com/directory/
Shadowline,Myrtle Beach,SC,https://textileconnect.com/directory/shadowline/,https://textileconnect.com/directory/shadowline/,https://textileconnect.com/directory/shadowline/,,,manufacturer,Textile Connect: apparel-and-product-manufacturing,Contact for quote,Textile Connect,https://textileconnect.com/directory/
Shadowline Inc,Morganton,NC,https://textileconnect.com/directory/shadowline-inc/,https://textileconnect.com/directory/shadowline-inc/,https://textileconnect.com/directory/shadowline-inc/,,,manufacturer,Textile Connect: apparel-and-product-manufacturing,Contact for quote,Textile Connect,https://textileconnect.com/directory/
T & E Fabrics,High Point,NC,https://textileconnect.com/directory/t-e-fabrics/,https://textileconnect.com/directory/t-e-fabrics/,https://textileconnect.com/directory/t-e-fabrics/,,,manufacturer,Textile Connect: apparel-and-product-manufacturing,Contact for quote,Textile Connect,https://textileconnect.com/directory/
T & G Machine Co,Dallas,NC,https://textileconnect.com/directory/t-g-machine-co/,https://textileconnect.com/directory/t-g-machine-co/,https://textileconnect.com/directory/t-g-machine-co/,,,manufacturer,Textile Connect: apparel-and-product-manufacturing,Contact for quote,Textile Connect,https://textileconnect.com/directory/
T & J Sales,Lincolnton,NC,https://textileconnect.com/directory/t-j-sales/,https://textileconnect.com/directory/t-j-sales/,https://textileconnect.com/directory/t-j-sales/,,,manufacturer,Textile Connect: apparel-and-product-manufacturing,Contact for quote,Textile Connect,https://textileconnect.com/directory/
T & S Canvas Shop Inc,"North Charleston, SC",SC,https://textileconnect.com/directory/t-s-canvas-shop-inc/,https://textileconnect.com/directory/t-s-canvas-shop-inc/,https://textileconnect.com/directory/t-s-canvas-shop-inc/,,,manufacturer,Textile Connect: apparel-and-product-manufacturing,Contact for quote,Textile Connect,https://textileconnect.com/directory/
T & T Liquidators,Lumberton,NC,https://textileconnect.com/directory/t-t-liquidators/,https://textileconnect.com/directory/t-t-liquidators/,https://textileconnect.com/directory/t-t-liquidators/,,,manufacturer,Textile Connect: apparel-and-product-manufacturing,Contact for quote,Textile Connect,https://textileconnect.com/directory/
T & V Specialties Inc,Woodleaf,NC,https://textileconnect.com/directory/t-v-specialties-inc/,https://textileconnect.com/directory/t-v-specialties-inc/,https://textileconnect.com/directory/t-v-specialties-inc/,,,manufacturer,Textile Connect: apparel-and-product-manufacturing,Contact for quote,Textile Connect,https://textileconnect.com/directory/
T & W Textile Machinery Inc.,"Clover, SC",SC,https://textileconnect.com/directory/t-w-textile-machinery-inc/,https://textileconnect.com/directory/t-w-textile-machinery-inc/,https://textileconnect.com/directory/t-w-textile-machinery-inc/,,,manufacturer,Textile Connect: apparel-and-product-manufacturing,Contact for quote,Textile Connect,https://textileconnect.com/directory/
Tabb Textile Company Inc.,Opelika,AL,https://textileconnect.com/directory/tabb-textile-company-inc/,https://textileconnect.com/directory/tabb-textile-company-inc/,https://textileconnect.com/directory/tabb-textile-company-inc/,,,manufacturer,Textile Connect: apparel-and-product-manufacturing,Contact for quote,Textile Connect,https://textileconnect.com/directory/
Tableskirts Etc Inc.,Spartanburg,SC,https://textileconnect.com/directory/tableskirts-etc-inc/,https://textileconnect.com/directory/tableskirts-etc-inc/,https://textileconnect.com/directory/tableskirts-etc-inc/,,,manufacturer,Textile Connect: apparel-and-product-manufacturing,Contact for quote,Textile Connect,https://textileconnect.com/directory/
TACARM LLC,Fayetteville,NC,https://textileconnect.com/directory/tacarm-llc/,https://textileconnect.com/directory/tacarm-llc/,https://textileconnect.com/directory/tacarm-llc/,,,manufacturer,Textile Connect: apparel-and-product-manufacturing,Contact for quote,Textile Connect,https://textileconnect.com/directory/
Taconic,Petersburg,NY,https://textileconnect.com/directory/taconic/,https://textileconnect.com/directory/taconic/,https://textileconnect.com/directory/taconic/,,,manufacturer,Textile Connect: apparel-and-product-manufacturing,Contact for quote,Textile Connect,https://textileconnect.com/directory/
Taffer Textile Machinery Inc,"Easley, SC",SC,https://textileconnect.com/directory/taffer-textile-machinery-inc/,https://textileconnect.com/directory/taffer-textile-machinery-inc/,https://textileconnect.com/directory/taffer-textile-machinery-inc/,,,manufacturer,Textile Connect: apparel-and-product-manufacturing,Contact for quote,Textile Connect,https://textileconnect.com/directory/
"Taiji Group USA, Inc.",Conover,NC,https://textileconnect.com/directory/taiji-group-usa-inc/,https://textileconnect.com/directory/taiji-group-usa-inc/,https://textileconnect.com/directory/taiji-group-usa-inc/,,,manufacturer,Textile Connect: apparel-and-product-manufacturing,Contact for quote,Textile Connect,https://textileconnect.com/directory/
Tailored Chemical Products Inc.,Hickory,NC,https://textileconnect.com/directory/tailored-chemical-products-inc/,https://textileconnect.com/directory/tailored-chemical-products-inc/,https://textileconnect.com/directory/tailored-chemical-products-inc/,,,manufacturer,Textile Connect: apparel-and-product-manufacturing,Contact for quote,Textile Connect,https://textileconnect.com/directory/
Tailored Foam Inc.,Hickory,NC,https://textileconnect.com/directory/tailored-foam-inc/,https://textileconnect.com/directory/tailored-foam-inc/,https://textileconnect.com/directory/tailored-foam-inc/,,,manufacturer,Textile Connect: apparel-and-product-manufacturing,Contact for quote,Textile Connect,https://textileconnect.com/directory/
Takata Restraint Systems,Greensboro,NC,https://textileconnect.com/directory/takata-restraint-systems/,https://textileconnect.com/directory/takata-restraint-systems/,https://textileconnect.com/directory/takata-restraint-systems/,,,manufacturer,Textile Connect: apparel-and-product-manufacturing,Contact for quote,Textile Connect,https://textileconnect.com/directory/
Talent Sport Inc,High Point,NC,https://textileconnect.com/directory/talent-sport-inc/,https://textileconnect.com/directory/talent-sport-inc/,https://textileconnect.com/directory/talent-sport-inc/,,,manufacturer,Textile Connect: apparel-and-product-manufacturing,Contact for quote,Textile Connect,https://textileconnect.com/directory/
Tamrods,Gastonia,NC,https://textileconnect.com/directory/tamrods/,https://textileconnect.com/directory/tamrods/,https://textileconnect.com/directory/tamrods/,,,manufacturer,Textile Connect: apparel-and-product-manufacturing,Contact for quote,Textile Connect,https://textileconnect.com/directory/
Tandematic,Lexington,NC,https://textileconnect.com/directory/tandematic/,https://textileconnect.com/directory/tandematic/,https://textileconnect.com/directory/tandematic/,,,manufacturer,Textile Connect: apparel-and-product-manufacturing,Contact for quote,Textile Connect,https://textileconnect.com/directory/
Tango Inc,Vienna,VA,https://textileconnect.com/directory/tango-inc/,https://textileconnect.com/directory/tango-inc/,https://textileconnect.com/directory/tango-inc/,,,manufacturer,Textile Connect: apparel-and-product-manufacturing,Contact for quote,Textile Connect,https://textileconnect.com/directory/
Tanner Co,Rutherfordton,NC,https://textileconnect.com/directory/tanner-co/,https://textileconnect.com/directory/tanner-co/,https://textileconnect.com/directory/tanner-co/,,,manufacturer,Textile Connect: apparel-and-product-manufacturing,Contact for quote,Textile Connect,https://textileconnect.com/directory/
Tape Craft Corp.,Oxford,AL,https://textileconnect.com/directory/tape-craft-corp/,https://textileconnect.com/directory/tape-craft-corp/,https://textileconnect.com/directory/tape-craft-corp/,,,manufacturer,Textile Connect: apparel-and-product-manufacturing,Contact for quote,Textile Connect,https://textileconnect.com/directory/
Tapestries II,High Point,NC,https://textileconnect.com/directory/tapestries-ii/,https://textileconnect.com/directory/tapestries-ii/,https://textileconnect.com/directory/tapestries-ii/,,,manufacturer,Textile Connect: apparel-and-product-manufacturing,Contact for quote,Textile Connect,https://textileconnect.com/directory/
Tara Grinna Swimwear,Conway,SC,https://textileconnect.com/directory/tara-grinna-swimwear/,https://textileconnect.com/directory/tara-grinna-swimwear/,https://textileconnect.com/directory/tara-grinna-swimwear/,,,manufacturer,Textile Connect: apparel-and-product-manufacturing,Contact for quote,Textile Connect,https://textileconnect.com/directory/
Tarason Packaging LLC,Conover,NC,https://textileconnect.com/directory/tarason-packaging-llc/,https://textileconnect.com/directory/tarason-packaging-llc/,https://textileconnect.com/directory/tarason-packaging-llc/,,,manufacturer,Textile Connect: apparel-and-product-manufacturing,Contact for quote,Textile Connect,https://textileconnect.com/directory/
Tarheel Cotton Co,Merry Hill,NC,https://textileconnect.com/directory/tarheel-cotton-co/,https://textileconnect.com/directory/tarheel-cotton-co/,https://textileconnect.com/directory/tarheel-cotton-co/,,,manufacturer,Textile Connect: apparel-and-product-manufacturing,Contact for quote,Textile Connect,https://textileconnect.com/directory/
Tarheel Distributors,Sanford,NC,https://textileconnect.com/directory/tarheel-distributors/,https://textileconnect.com/directory/tarheel-distributors/,https://textileconnect.com/directory/tarheel-distributors/,,,manufacturer,Textile Connect: apparel-and-product-manufacturing,Contact for quote,Textile Connect,https://textileconnect.com/directory/
Tar Heel Warping & Co,Burlington,NC,https://textileconnect.com/directory/tar-heel-warping-co/,https://textileconnect.com/directory/tar-heel-warping-co/,https://textileconnect.com/directory/tar-heel-warping-co/,,,manufacturer,Textile Connect: apparel-and-product-manufacturing,Contact for quote,Textile Connect,https://textileconnect.com/directory/
Tassel Depot,Deerfield Beach,FL,https://textileconnect.com/directory/tassel-depot/,https://textileconnect.com/directory/tassel-depot/,https://textileconnect.com/directory/tassel-depot/,,,manufacturer,Textile Connect: apparel-and-product-manufacturing,Contact for quote,Textile Connect,https://textileconnect.com/directory/
Tastex Corporation,Central Falls,RI,https://textileconnect.com/directory/tastex-corporation/,https://textileconnect.com/directory/tastex-corporation/,https://textileconnect.com/directory/tastex-corporation/,,,manufacturer,Textile Connect: apparel-and-product-manufacturing,Contact for quote,Textile Connect,https://textileconnect.com/directory/
Tatran Textiles Inc,Spartanburg,SC,https://textileconnect.com/directory/tatran-textiles-inc/,https://textileconnect.com/directory/tatran-textiles-inc/,https://textileconnect.com/directory/tatran-textiles-inc/,,,manufacturer,Textile Connect: apparel-and-product-manufacturing,Contact for quote,Textile Connect,https://textileconnect.com/directory/
Tawk Chawk,Charlotte,NC,https://textileconnect.com/directory/tawk-chawk/,https://textileconnect.com/directory/tawk-chawk/,https://textileconnect.com/directory/tawk-chawk/,,,manufacturer,Textile Connect: apparel-and-product-manufacturing,Contact for quote,Textile Connect,https://textileconnect.com/directory/
Taylor King Furniture,Taylorsville,NC,https://textileconnect.com/directory/taylor-king-furniture/,https://textileconnect.com/directory/taylor-king-furniture/,https://textileconnect.com/directory/taylor-king-furniture/,,,manufacturer,Textile Connect: apparel-and-product-manufacturing,Contact for quote,Textile Connect,https://textileconnect.com/directory/
Taylor Togs Inc – Micaville,Micaville,NC,https://textileconnect.com/directory/taylor-togs-inc-micaville/,https://textileconnect.com/directory/taylor-togs-inc-micaville/,https://textileconnect.com/directory/taylor-togs-inc-micaville/,,,manufacturer,Textile Connect: apparel-and-product-manufacturing,Contact for quote,Textile Connect,https://textileconnect.com/directory/
Taylor Togs Inc – Taylorsville,Taylorsville,NC,https://textileconnect.com/directory/taylor-togs-inc-taylorsville/,https://textileconnect.com/directory/taylor-togs-inc-taylorsville/,https://textileconnect.com/directory/taylor-togs-inc-taylorsville/,,,manufacturer,Textile Connect: apparel-and-product-manufacturing,Contact for quote,Textile Connect,https://textileconnect.com/directory/
TBC Corporation,Palm Beach Gardens,FL,https://textileconnect.com/directory/tbc-corporation/,https://textileconnect.com/directory/tbc-corporation/,https://textileconnect.com/directory/tbc-corporation/,,,manufacturer,Textile Connect: apparel-and-product-manufacturing,Contact for quote,Textile Connect,https://textileconnect.com/directory/
TC2,Cary,NC,https://textileconnect.com/directory/tc2/,https://textileconnect.com/directory/tc2/,https://textileconnect.com/directory/tc2/,,,manufacturer,Textile Connect: apparel-and-product-manufacturing,Contact for quote,Textile Connect,https://textileconnect.com/directory/
TC2 Labs LLC,Apex,NC,https://textileconnect.com/directory/tc2-labs-llc/,https://textileconnect.com/directory/tc2-labs-llc/,https://textileconnect.com/directory/tc2-labs-llc/,,,manufacturer,Textile Connect: apparel-and-product-manufacturing,Contact for quote,Textile Connect,https://textileconnect.com/directory/
Teamwork Inc.,Haw River,NC,https://textileconnect.com/directory/teamwork-inc/,https://textileconnect.com/directory/teamwork-inc/,https://textileconnect.com/directory/teamwork-inc/,,,manufacturer,Textile Connect: apparel-and-product-manufacturing,Contact for quote,Textile Connect,https://textileconnect.com/directory/
Technicacon LLC,Plymouth,MI,https://textileconnect.com/directory/technicacon-llc/,https://textileconnect.com/directory/technicacon-llc/,https://textileconnect.com/directory/technicacon-llc/,,,manufacturer,Textile Connect: apparel-and-product-manufacturing,Contact for quote,Textile Connect,https://textileconnect.com/directory/
Technical Association of the Pulp & Paper Industry,Norcross,GA,https://textileconnect.com/directory/technical-association-of-the-pulp-paper-industry/,https://textileconnect.com/directory/technical-association-of-the-pulp-paper-industry/,https://textileconnect.com/directory/technical-association-of-the-pulp-paper-industry/,,,manufacturer,Textile Connect: apparel-and-product-manufacturing,Contact for quote,Textile Connect,https://textileconnect.com/directory/
Technical Coating International,Leland,NC,https://textileconnect.com/directory/technical-coating-international/,https://textileconnect.com/directory/technical-coating-international/,https://textileconnect.com/directory/technical-coating-international/,,,manufacturer,Textile Connect: apparel-and-product-manufacturing,Contact for quote,Textile Connect,https://textileconnect.com/directory/
Technical Equipment Co,"Greenville, SC",SC,https://textileconnect.com/directory/technical-equipment-co/,https://textileconnect.com/directory/technical-equipment-co/,https://textileconnect.com/directory/technical-equipment-co/,,,manufacturer,Textile Connect: apparel-and-product-manufacturing,Contact for quote,Textile Connect,https://textileconnect.com/directory/
Technical Fibre Products Inc.,Schenectady,NY,https://textileconnect.com/directory/technical-fibre-products-inc/,https://textileconnect.com/directory/technical-fibre-products-inc/,https://textileconnect.com/directory/technical-fibre-products-inc/,,,manufacturer,Textile Connect: apparel-and-product-manufacturing,Contact for quote,Textile Connect,https://textileconnect.com/directory/
Techstar Corp,Greer,SC,https://textileconnect.com/directory/techstar-corp/,https://textileconnect.com/directory/techstar-corp/,https://textileconnect.com/directory/techstar-corp/,,,manufacturer,Textile Connect: apparel-and-product-manufacturing,Contact for quote,Textile Connect,https://textileconnect.com/directory/
Techstyles Inc,Hickory,NC,https://textileconnect.com/directory/techstyles-inc/,https://textileconnect.com/directory/techstyles-inc/,https://textileconnect.com/directory/techstyles-inc/,,,manufacturer,Textile Connect: apparel-and-product-manufacturing,Contact for quote,Textile Connect,https://textileconnect.com/directory/
Tecnologias Comerciales Sociedad Anonima de Capital Variable,,,https://textileconnect.com/directory/tecnologias-comerciales-sociedad-anonima-de-capital-variable/,https://textileconnect.com/directory/tecnologias-comerciales-sociedad-anonima-de-capital-variable/,https://textileconnect.com/directory/tecnologias-comerciales-sociedad-anonima-de-capital-variable/,,,manufacturer,Textile Connect: apparel-and-product-manufacturing,Contact for quote,Textile Connect,https://textileconnect.com/directory/
Tees Me,"Columbia, SC",SC,https://textileconnect.com/directory/tees-me/,https://textileconnect.com/directory/tees-me/,https://textileconnect.com/directory/tees-me/,,,manufacturer,Textile Connect: apparel-and-product-manufacturing,Contact for quote,Textile Connect,https://textileconnect.com/directory/
Tees Plus,Orangeburg,SC,https://textileconnect.com/directory/tees-plus/,https://textileconnect.com/directory/tees-plus/,https://textileconnect.com/directory/tees-plus/,,,manufacturer,Textile Connect: apparel-and-product-manufacturing,Contact for quote,Textile Connect,https://textileconnect.com/directory/
Teijin Aramid USA Inc.,Conyers,GA,https://textileconnect.com/directory/teijin-aramid-usa-inc/,https://textileconnect.com/directory/teijin-aramid-usa-inc/,https://textileconnect.com/directory/teijin-aramid-usa-inc/,,,manufacturer,Textile Connect: apparel-and-product-manufacturing,Contact for quote,Textile Connect,https://textileconnect.com/directory/
Teijin Carbon America,Mooresville,NC,https://textileconnect.com/directory/teijin-carbon-america/,https://textileconnect.com/directory/teijin-carbon-america/,https://textileconnect.com/directory/teijin-carbon-america/,,,manufacturer,Textile Connect: apparel-and-product-manufacturing,Contact for quote,Textile Connect,https://textileconnect.com/directory/
"Teijin Frontier (U.S.A), Inc.",New York,NY,https://textileconnect.com/directory/teijin-frontier-u-s-a-inc/,https://textileconnect.com/directory/teijin-frontier-u-s-a-inc/,https://textileconnect.com/directory/teijin-frontier-u-s-a-inc/,,,manufacturer,Textile Connect: apparel-and-product-manufacturing,Contact for quote,Textile Connect,https://textileconnect.com/directory/
Tekmatex Inc,Charlotte,NC,https://textileconnect.com/directory/tekmatex-inc/,https://textileconnect.com/directory/tekmatex-inc/,https://textileconnect.com/directory/tekmatex-inc/,,,manufacturer,Textile Connect: apparel-and-product-manufacturing,Contact for quote,Textile Connect,https://textileconnect.com/directory/
Teknor Apex,Jamestown,NC,https://textileconnect.com/directory/teknor-apex/,https://textileconnect.com/directory/teknor-apex/,https://textileconnect.com/directory/teknor-apex/,,,manufacturer,Textile Connect: apparel-and-product-manufacturing,Contact for quote,Textile Connect,https://textileconnect.com/directory/
"TekTailor, Inc",Santa Rosa,CA,https://textileconnect.com/directory/tektailor-inc/,https://textileconnect.com/directory/tektailor-inc/,https://textileconnect.com/directory/tektailor-inc/,,,manufacturer,Textile Connect: apparel-and-product-manufacturing,Contact for quote,Textile Connect,https://textileconnect.com/directory/
TELAS ELASTICAS S. A.,,,https://textileconnect.com/directory/telas-elasticas-s-a/,https://textileconnect.com/directory/telas-elasticas-s-a/,https://textileconnect.com/directory/telas-elasticas-s-a/,,,manufacturer,Textile Connect: apparel-and-product-manufacturing,Contact for quote,Textile Connect,https://textileconnect.com/directory/
TELAS FIGALI,,,https://textileconnect.com/directory/telas-figali/,https://textileconnect.com/directory/telas-figali/,https://textileconnect.com/directory/telas-figali/,,,manufacturer,Textile Connect: apparel-and-product-manufacturing,Contact for quote,Textile Connect,https://textileconnect.com/directory/
Teleflex Medical,Morrisville,NC,https://textileconnect.com/directory/teleflex-medical/,https://textileconnect.com/directory/teleflex-medical/,https://textileconnect.com/directory/teleflex-medical/,,,manufacturer,Textile Connect: apparel-and-product-manufacturing,Contact for quote,Textile Connect,https://textileconnect.com/directory/
Tempo Fabrics,High Point,NC,https://textileconnect.com/directory/tempo-fabrics/,https://textileconnect.com/directory/tempo-fabrics/,https://textileconnect.com/directory/tempo-fabrics/,,,manufacturer,Textile Connect: apparel-and-product-manufacturing,Contact for quote,Textile Connect,https://textileconnect.com/directory/
Tempo Upholstery & Drapery Fabrics Inc.,High Point,NC,https://textileconnect.com/directory/tempo-upholstery-drapery-fabrics-inc/,https://textileconnect.com/directory/tempo-upholstery-drapery-fabrics-inc/,https://textileconnect.com/directory/tempo-upholstery-drapery-fabrics-inc/,,,manufacturer,Textile Connect: apparel-and-product-manufacturing,Contact for quote,Textile Connect,https://textileconnect.com/directory/
Tenax USA,Charlotte,NC,https://textileconnect.com/directory/tenax-usa/,https://textileconnect.com/directory/tenax-usa/,https://textileconnect.com/directory/tenax-usa/,,,manufacturer,Textile Connect: apparel-and-product-manufacturing,Contact for quote,Textile Connect,https://textileconnect.com/directory/
TenCate Corporate,7443 RE Nijverdal The Netherlands,NC,https://textileconnect.com/directory/tencate-corporate/,https://textileconnect.com/directory/tencate-corporate/,https://textileconnect.com/directory/tencate-corporate/,,,manufacturer,Textile Connect: apparel-and-product-manufacturing,Contact for quote,Textile Connect,https://textileconnect.com/directory/
TenCate Protective Fabrics USA,Molena,GA,https://textileconnect.com/directory/tencate-protective-fabrics-usa/,https://textileconnect.com/directory/tencate-protective-fabrics-usa/,https://textileconnect.com/directory/tencate-protective-fabrics-usa/,,,manufacturer,Textile Connect: apparel-and-product-manufacturing,Contact for quote,Textile Connect,https://textileconnect.com/directory/
Tender Care Products,Granite Falls,NC,https://textileconnect.com/directory/tender-care-products/,https://textileconnect.com/directory/tender-care-products/,https://textileconnect.com/directory/tender-care-products/,,,manufacturer,Textile Connect: apparel-and-product-manufacturing,Contact for quote,Textile Connect,https://textileconnect.com/directory/
Tennessee Webbing Products,Knoxville,TN,https://textileconnect.com/directory/tennessee-webbing-products/,https://textileconnect.com/directory/tennessee-webbing-products/,https://textileconnect.com/directory/tennessee-webbing-products/,,,manufacturer,Textile Connect: apparel-and-product-manufacturing,Contact for quote,Textile Connect,https://textileconnect.com/directory/
Tenowo Lincolnton Inc,Lincolnton,NC,https://textileconnect.com/directory/tenowo-lincolnton-inc/,https://textileconnect.com/directory/tenowo-lincolnton-inc/,https://textileconnect.com/directory/tenowo-lincolnton-inc/,,,manufacturer,Textile Connect: apparel-and-product-manufacturing,Contact for quote,Textile Connect,https://textileconnect.com/directory/
Tenowo Nonwovens,Lincolnton,NC,https://textileconnect.com/directory/tenowo-nonwovens/,https://textileconnect.com/directory/tenowo-nonwovens/,https://textileconnect.com/directory/tenowo-nonwovens/,,,manufacturer,Textile Connect: apparel-and-product-manufacturing,Contact for quote,Textile Connect,https://textileconnect.com/directory/
"Terrapolyester, S.A. de C.V.",,,https://textileconnect.com/directory/terrapolyester-s-a-de-c-v/,https://textileconnect.com/directory/terrapolyester-s-a-de-c-v/,https://textileconnect.com/directory/terrapolyester-s-a-de-c-v/,,,manufacturer,Textile Connect: apparel-and-product-manufacturing,Contact for quote,Textile Connect,https://textileconnect.com/directory/
Terrell Knitting Mill,Graham,NC,https://textileconnect.com/directory/terrell-knitting-mill/,https://textileconnect.com/directory/terrell-knitting-mill/,https://textileconnect.com/directory/terrell-knitting-mill/,,,manufacturer,Textile Connect: apparel-and-product-manufacturing,Contact for quote,Textile Connect,https://textileconnect.com/directory/
Terrisol Corp,Troutman,NC,https://textileconnect.com/directory/terrisol-corp/,https://textileconnect.com/directory/terrisol-corp/,https://textileconnect.com/directory/terrisol-corp/,,,manufacturer,Textile Connect: apparel-and-product-manufacturing,Contact for quote,Textile Connect,https://textileconnect.com/directory/
"Tethis, Inc.",Raleigh,NC,https://textileconnect.com/directory/tethis-inc/,https://textileconnect.com/directory/tethis-inc/,https://textileconnect.com/directory/tethis-inc/,,,manufacturer,Textile Connect: apparel-and-product-manufacturing,Contact for quote,Textile Connect,https://textileconnect.com/directory/
TEUFELBERGER Fiber Rope Corp,Fall River,MA,https://textileconnect.com/directory/teufelberger-fiber-rope-corp/,https://textileconnect.com/directory/teufelberger-fiber-rope-corp/,https://textileconnect.com/directory/teufelberger-fiber-rope-corp/,,,manufacturer,Textile Connect: apparel-and-product-manufacturing,Contact for quote,Textile Connect,https://textileconnect.com/directory/
Tex-Care Medical,Burlington,NC,https://textileconnect.com/directory/tex-care-medical/,https://textileconnect.com/directory/tex-care-medical/,https://textileconnect.com/directory/tex-care-medical/,,,manufacturer,Textile Connect: apparel-and-product-manufacturing,Contact for quote,Textile Connect,https://textileconnect.com/directory/
Tex-Fil Inc,Clover,SC,https://textileconnect.com/directory/tex-fil-inc/,https://textileconnect.com/directory/tex-fil-inc/,https://textileconnect.com/directory/tex-fil-inc/,,,manufacturer,Textile Connect: apparel-and-product-manufacturing,Contact for quote,Textile Connect,https://textileconnect.com/directory/
"Tex-Style Resource, LLC",Dallas,TX,https://textileconnect.com/directory/tex-style-resource-llc/,https://textileconnect.com/directory/tex-style-resource-llc/,https://textileconnect.com/directory/tex-style-resource-llc/,,,manufacturer,Textile Connect: apparel-and-product-manufacturing,Contact for quote,Textile Connect,https://textileconnect.com/directory/
"Tex-Style Resource, LLC (Dallas, TX)",Dallas,TX,https://textileconnect.com/directory/tex-style-resource-llc-dallas-tx/,https://textileconnect.com/directory/tex-style-resource-llc-dallas-tx/,https://textileconnect.com/directory/tex-style-resource-llc-dallas-tx/,,,manufacturer,Textile Connect: apparel-and-product-manufacturing,Contact for quote,Textile Connect,https://textileconnect.com/directory/
Tex AM Inc,Spartanburg,SC,https://textileconnect.com/directory/tex-am-inc/,https://textileconnect.com/directory/tex-am-inc/,https://textileconnect.com/directory/tex-am-inc/,,,manufacturer,Textile Connect: apparel-and-product-manufacturing,Contact for quote,Textile Connect,https://textileconnect.com/directory/
"Texas Apparel, Inc.",Asheboro,NC,https://textileconnect.com/directory/texas-apparel-inc/,https://textileconnect.com/directory/texas-apparel-inc/,https://textileconnect.com/directory/texas-apparel-inc/,,,manufacturer,Textile Connect: apparel-and-product-manufacturing,Contact for quote,Textile Connect,https://textileconnect.com/directory/
Texas International Mohair Inc,Kerrville,TX,https://textileconnect.com/directory/texas-international-mohair-inc/,https://textileconnect.com/directory/texas-international-mohair-inc/,https://textileconnect.com/directory/texas-international-mohair-inc/,,,manufacturer,Textile Connect: apparel-and-product-manufacturing,Contact for quote,Textile Connect,https://textileconnect.com/directory/
Tex Mach Inc Warehouse,"Chesnee, SC",SC,https://textileconnect.com/directory/tex-mach-inc-warehouse/,https://textileconnect.com/directory/tex-mach-inc-warehouse/,https://textileconnect.com/directory/tex-mach-inc-warehouse/,,,manufacturer,Textile Connect: apparel-and-product-manufacturing,Contact for quote,Textile Connect,https://textileconnect.com/directory/
Texmac Inc,Charlotte,NC,https://textileconnect.com/directory/texmac-inc/,https://textileconnect.com/directory/texmac-inc/,https://textileconnect.com/directory/texmac-inc/,,,manufacturer,Textile Connect: apparel-and-product-manufacturing,Contact for quote,Textile Connect,https://textileconnect.com/directory/
"Texollini, Inc. – New York, NY",New York,NY,https://textileconnect.com/directory/texollini-inc-new-york-ny/,https://textileconnect.com/directory/texollini-inc-new-york-ny/,https://textileconnect.com/directory/texollini-inc-new-york-ny/,,,manufacturer,Textile Connect: apparel-and-product-manufacturing,Contact for quote,Textile Connect,https://textileconnect.com/directory/
Texollini Inc. – Long Beach,Long Beach,CA,https://textileconnect.com/directory/texollini-inc-long-beach/,https://textileconnect.com/directory/texollini-inc-long-beach/,https://textileconnect.com/directory/texollini-inc-long-beach/,,,manufacturer,Textile Connect: apparel-and-product-manufacturing,Contact for quote,Textile Connect,https://textileconnect.com/directory/
Texollini Inc. – New York,New York,NY,https://textileconnect.com/directory/texollini-inc-new-york/,https://textileconnect.com/directory/texollini-inc-new-york/,https://textileconnect.com/directory/texollini-inc-new-york/,,,manufacturer,Textile Connect: apparel-and-product-manufacturing,Contact for quote,Textile Connect,https://textileconnect.com/directory/
Texpa America,Spartanburg,SC,https://textileconnect.com/directory/texpa-america/,https://textileconnect.com/directory/texpa-america/,https://textileconnect.com/directory/texpa-america/,,,manufacturer,Textile Connect: apparel-and-product-manufacturing,Contact for quote,Textile Connect,https://textileconnect.com/directory/
Textile and Apparel Manufacturers and Merchants (TAMM),Charlotte,NC,https://textileconnect.com/directory/textile-and-apparel-manufacturers-and-merchants-tamm/,https://textileconnect.com/directory/textile-and-apparel-manufacturers-and-merchants-tamm/,https://textileconnect.com/directory/textile-and-apparel-manufacturers-and-merchants-tamm/,,,manufacturer,Textile Connect: apparel-and-product-manufacturing,Contact for quote,Textile Connect,https://textileconnect.com/directory/
Textile Associations,Gastonia,NC,https://textileconnect.com/directory/textile-associations/,https://textileconnect.com/directory/textile-associations/,https://textileconnect.com/directory/textile-associations/,,,manufacturer,Textile Connect: apparel-and-product-manufacturing,Contact for quote,Textile Connect,https://textileconnect.com/directory/
Textile Bag and Packaging Association,Milton,MA,https://textileconnect.com/directory/textile-bag-and-packaging-association/,https://textileconnect.com/directory/textile-bag-and-packaging-association/,https://textileconnect.com/directory/textile-bag-and-packaging-association/,,,manufacturer,Textile Connect: apparel-and-product-manufacturing,Contact for quote,Textile Connect,https://textileconnect.com/directory/
Textile Brokers Co.,Gardena,CA,https://textileconnect.com/directory/textile-brokers-co/,https://textileconnect.com/directory/textile-brokers-co/,https://textileconnect.com/directory/textile-brokers-co/,,,manufacturer,Textile Connect: apparel-and-product-manufacturing,Contact for quote,Textile Connect,https://textileconnect.com/directory/
Textile Coating,Dalton,GA,https://textileconnect.com/directory/textile-coating/,https://textileconnect.com/directory/textile-coating/,https://textileconnect.com/directory/textile-coating/,,,manufacturer,Textile Connect: apparel-and-product-manufacturing,Contact for quote,Textile Connect,https://textileconnect.com/directory/
"Textile Commission, Inc.",Philadelphia,PA,https://textileconnect.com/directory/textile-commission-inc/,https://textileconnect.com/directory/textile-commission-inc/,https://textileconnect.com/directory/textile-commission-inc/,,,manufacturer,Textile Connect: apparel-and-product-manufacturing,Contact for quote,Textile Connect,https://textileconnect.com/directory/
Textile Connect,Raleigh,NC,https://textileconnect.com/directory/textile-connect/,https://textileconnect.com/directory/textile-connect/,https://textileconnect.com/directory/textile-connect/,,,manufacturer,Textile Connect: apparel-and-product-manufacturing,Contact for quote,Textile Connect,https://textileconnect.com/directory/
Textile Design Machine Co,Mooresville,NC,https://textileconnect.com/directory/textile-design-machine-co/,https://textileconnect.com/directory/textile-design-machine-co/,https://textileconnect.com/directory/textile-design-machine-co/,,,manufacturer,Textile Connect: apparel-and-product-manufacturing,Contact for quote,Textile Connect,https://textileconnect.com/directory/
Textile Extension Education (TexED),Raleigh,NC,https://textileconnect.com/directory/textile-extension-education-texed/,https://textileconnect.com/directory/textile-extension-education-texed/,https://textileconnect.com/directory/textile-extension-education-texed/,,,manufacturer,Textile Connect: apparel-and-product-manufacturing,Contact for quote,Textile Connect,https://textileconnect.com/directory/
Textile Fabric Assoc LLC,High Point,NC,https://textileconnect.com/directory/textile-fabric-assoc-llc/,https://textileconnect.com/directory/textile-fabric-assoc-llc/,https://textileconnect.com/directory/textile-fabric-assoc-llc/,,,manufacturer,Textile Connect: apparel-and-product-manufacturing,Contact for quote,Textile Connect,https://textileconnect.com/directory/
"Textile Fabrication & Distribution, Inc.",Detroit,MI,https://textileconnect.com/directory/textile-fabrication-distribution-inc/,https://textileconnect.com/directory/textile-fabrication-distribution-inc/,https://textileconnect.com/directory/textile-fabrication-distribution-inc/,,,manufacturer,Textile Connect: apparel-and-product-manufacturing,Contact for quote,Textile Connect,https://textileconnect.com/directory/
"Textile Fabric Consultants, Inc.",Smyrna,TN,https://textileconnect.com/directory/textile-fabric-consultants-inc/,https://textileconnect.com/directory/textile-fabric-consultants-inc/,https://textileconnect.com/directory/textile-fabric-consultants-inc/,,,manufacturer,Textile Connect: apparel-and-product-manufacturing,Contact for quote,Textile Connect,https://textileconnect.com/directory/
Textile Inc,Ronda,NC,https://textileconnect.com/directory/textile-inc/,https://textileconnect.com/directory/textile-inc/,https://textileconnect.com/directory/textile-inc/,,,manufacturer,Textile Connect: apparel-and-product-manufacturing,Contact for quote,Textile Connect,https://textileconnect.com/directory/
Textile Industries Inc,Belton,SC,https://textileconnect.com/directory/textile-industries-inc/,https://textileconnect.com/directory/textile-industries-inc/,https://textileconnect.com/directory/textile-industries-inc/,,,manufacturer,Textile Connect: apparel-and-product-manufacturing,Contact for quote,Textile Connect,https://textileconnect.com/directory/
Textile Innovators,Windsor,NC,https://textileconnect.com/directory/textile-innovators/,https://textileconnect.com/directory/textile-innovators/,https://textileconnect.com/directory/textile-innovators/,,,manufacturer,Textile Connect: apparel-and-product-manufacturing,Contact for quote,Textile Connect,https://textileconnect.com/directory/
Textile Machines Import-Export,Roebuck,SC,https://textileconnect.com/directory/textile-machines-import-export/,https://textileconnect.com/directory/textile-machines-import-export/,https://textileconnect.com/directory/textile-machines-import-export/,,,manufacturer,Textile Connect: apparel-and-product-manufacturing,Contact for quote,Textile Connect,https://textileconnect.com/directory/
Textile Manufacturing Wrhse,Charlotte,NC,https://textileconnect.com/directory/textile-manufacturing-wrhse/,https://textileconnect.com/directory/textile-manufacturing-wrhse/,https://textileconnect.com/directory/textile-manufacturing-wrhse/,,,manufacturer,Textile Connect: apparel-and-product-manufacturing,Contact for quote,Textile Connect,https://textileconnect.com/directory/
Textile Network Concepts Inc,Greensboro,NC,https://textileconnect.com/directory/textile-network-concepts-inc/,https://textileconnect.com/directory/textile-network-concepts-inc/,https://textileconnect.com/directory/textile-network-concepts-inc/,,,manufacturer,Textile Connect: apparel-and-product-manufacturing,Contact for quote,Textile Connect,https://textileconnect.com/directory/
Textile Piece Dyeing Inc,Lincolnton,NC,https://textileconnect.com/directory/textile-piece-dyeing-inc/,https://textileconnect.com/directory/textile-piece-dyeing-inc/,https://textileconnect.com/directory/textile-piece-dyeing-inc/,,,manufacturer,Textile Connect: apparel-and-product-manufacturing,Contact for quote,Textile Connect,https://textileconnect.com/directory/
Textile Products Inc,Salisbury,NC,https://textileconnect.com/directory/textile-products-inc/,https://textileconnect.com/directory/textile-products-inc/,https://textileconnect.com/directory/textile-products-inc/,,,manufacturer,Textile Connect: apparel-and-product-manufacturing,Contact for quote,Textile Connect,https://textileconnect.com/directory/
Textile Recycling Association,London,,https://textileconnect.com/directory/textile-recycling-association/,https://textileconnect.com/directory/textile-recycling-association/,https://textileconnect.com/directory/textile-recycling-association/,,,manufacturer,Textile Connect: apparel-and-product-manufacturing,Contact for quote,Textile Connect,https://textileconnect.com/directory/
Textile Rental Services Association of America (TRSA),Alexandria,VA,https://textileconnect.com/directory/textile-rental-services-association-of-america-trsa/,https://textileconnect.com/directory/textile-rental-services-association-of-america-trsa/,https://textileconnect.com/directory/textile-rental-services-association-of-america-trsa/,,,manufacturer,Textile Connect: apparel-and-product-manufacturing,Contact for quote,Textile Connect,https://textileconnect.com/directory/
Textile Resources,Wilmington,NC,https://textileconnect.com/directory/textile-resources/,https://textileconnect.com/directory/textile-resources/,https://textileconnect.com/directory/textile-resources/,,,manufacturer,Textile Connect: apparel-and-product-manufacturing,Contact for quote,Textile Connect,https://textileconnect.com/directory/
Textile Resource Spartanburg,Spartanburg,SC,https://textileconnect.com/directory/textile-resource-spartanburg/,https://textileconnect.com/directory/textile-resource-spartanburg/,https://textileconnect.com/directory/textile-resource-spartanburg/,,,manufacturer,Textile Connect: apparel-and-product-manufacturing,Contact for quote,Textile Connect,https://textileconnect.com/directory/
Textile Rubber & Chemical,Greenville,SC,https://textileconnect.com/directory/textile-rubber-chemical/,https://textileconnect.com/directory/textile-rubber-chemical/,https://textileconnect.com/directory/textile-rubber-chemical/,,,manufacturer,Textile Connect: apparel-and-product-manufacturing,Contact for quote,Textile Connect,https://textileconnect.com/directory/
Textiles & Fabrics Of The Crla,High Point,NC,https://textileconnect.com/directory/textiles-fabrics-of-the-crla/,https://textileconnect.com/directory/textiles-fabrics-of-the-crla/,https://textileconnect.com/directory/textiles-fabrics-of-the-crla/,,,manufacturer,Textile Connect: apparel-and-product-manufacturing,Contact for quote,Textile Connect,https://textileconnect.com/directory/
Textile Screen Inc,Broadway,NC,https://textileconnect.com/directory/textile-screen-inc/,https://textileconnect.com/directory/textile-screen-inc/,https://textileconnect.com/directory/textile-screen-inc/,,,manufacturer,Textile Connect: apparel-and-product-manufacturing,Contact for quote,Textile Connect,https://textileconnect.com/directory/
Textile Society of America,Middletown,DE,https://textileconnect.com/directory/textile-society-of-america/,https://textileconnect.com/directory/textile-society-of-america/,https://textileconnect.com/directory/textile-society-of-america/,,,manufacturer,Textile Connect: apparel-and-product-manufacturing,Contact for quote,Textile Connect,https://textileconnect.com/directory/
Textiles Panamericanos,Greenville,SC,https://textileconnect.com/directory/textiles-panamericanos/,https://textileconnect.com/directory/textiles-panamericanos/,https://textileconnect.com/directory/textiles-panamericanos/,,,manufacturer,Textile Connect: apparel-and-product-manufacturing,Contact for quote,Textile Connect,https://textileconnect.com/directory/
Textiles Unit Printers,"Chester, SC",SC,https://textileconnect.com/directory/textiles-unit-printers/,https://textileconnect.com/directory/textiles-unit-printers/,https://textileconnect.com/directory/textiles-unit-printers/,,,manufacturer,Textile Connect: apparel-and-product-manufacturing,Contact for quote,Textile Connect,https://textileconnect.com/directory/
Textile Tape Weavers Co,Statesville,NC,https://textileconnect.com/directory/textile-tape-weavers-co/,https://textileconnect.com/directory/textile-tape-weavers-co/,https://textileconnect.com/directory/textile-tape-weavers-co/,,,manufacturer,Textile Connect: apparel-and-product-manufacturing,Contact for quote,Textile Connect,https://textileconnect.com/directory/
Textile Technology Center at Gaston College,Belmont,NC,https://textileconnect.com/directory/textile-technology-center-at-gaston-college/,https://textileconnect.com/directory/textile-technology-center-at-gaston-college/,https://textileconnect.com/directory/textile-technology-center-at-gaston-college/,,,manufacturer,Textile Connect: apparel-and-product-manufacturing,Contact for quote,Textile Connect,https://textileconnect.com/directory/
Textram Inc,Charlotte,NC,https://textileconnect.com/directory/textram-inc/,https://textileconnect.com/directory/textram-inc/,https://textileconnect.com/directory/textram-inc/,,,manufacturer,Textile Connect: apparel-and-product-manufacturing,Contact for quote,Textile Connect,https://textileconnect.com/directory/
Textrol Inc,Monroe,NC,https://textileconnect.com/directory/textrol-inc/,https://textileconnect.com/directory/textrol-inc/,https://textileconnect.com/directory/textrol-inc/,,,manufacturer,Textile Connect: apparel-and-product-manufacturing,Contact for quote,Textile Connect,https://textileconnect.com/directory/
Textum Inc,Belmont,NC,https://textileconnect.com/directory/textum-inc/,https://textileconnect.com/directory/textum-inc/,https://textileconnect.com/directory/textum-inc/,,,manufacturer,Textile Connect: apparel-and-product-manufacturing,Contact for quote,Textile Connect,https://textileconnect.com/directory/
Texturing Services Inc.,Martinsville,VA,https://textileconnect.com/directory/texturing-services-inc/,https://textileconnect.com/directory/texturing-services-inc/,https://textileconnect.com/directory/texturing-services-inc/,,,manufacturer,Textile Connect: apparel-and-product-manufacturing,Contact for quote,Textile Connect,https://textileconnect.com/directory/
Thantex Inc,Andrews,SC,https://textileconnect.com/directory/thantex-inc/,https://textileconnect.com/directory/thantex-inc/,https://textileconnect.com/directory/thantex-inc/,,,manufacturer,Textile Connect: apparel-and-product-manufacturing,Contact for quote,Textile Connect,https://textileconnect.com/directory/
Thayercraft Industries,High Point,NC,https://textileconnect.com/directory/thayercraft-industries/,https://textileconnect.com/directory/thayercraft-industries/,https://textileconnect.com/directory/thayercraft-industries/,,,manufacturer,Textile Connect: apparel-and-product-manufacturing,Contact for quote,Textile Connect,https://textileconnect.com/directory/
The Airtex Group,Minneapolis,MN,https://textileconnect.com/directory/the-airtex-group/,https://textileconnect.com/directory/the-airtex-group/,https://textileconnect.com/directory/the-airtex-group/,,,manufacturer,Textile Connect: apparel-and-product-manufacturing,Contact for quote,Textile Connect,https://textileconnect.com/directory/
The BuddyGuard Corporation,Northridge,CA,https://textileconnect.com/directory/the-buddyguard-corporation/,https://textileconnect.com/directory/the-buddyguard-corporation/,https://textileconnect.com/directory/the-buddyguard-corporation/,,,manufacturer,Textile Connect: apparel-and-product-manufacturing,Contact for quote,Textile Connect,https://textileconnect.com/directory/
The Calko Group,Milton,VT,https://textileconnect.com/directory/the-calko-group/,https://textileconnect.com/directory/the-calko-group/,https://textileconnect.com/directory/the-calko-group/,,,manufacturer,Textile Connect: apparel-and-product-manufacturing,Contact for quote,Textile Connect,https://textileconnect.com/directory/
The Carpet and Rug Institute,Dalton,GA,https://textileconnect.com/directory/the-carpet-and-rug-institute/,https://textileconnect.com/directory/the-carpet-and-rug-institute/,https://textileconnect.com/directory/the-carpet-and-rug-institute/,,,manufacturer,Textile Connect: apparel-and-product-manufacturing,Contact for quote,Textile Connect,https://textileconnect.com/directory/
The Casual Furniture Fabric Association,Roseville,MN,https://textileconnect.com/directory/the-casual-furniture-fabric-association/,https://textileconnect.com/directory/the-casual-furniture-fabric-association/,https://textileconnect.com/directory/the-casual-furniture-fabric-association/,,,manufacturer,Textile Connect: apparel-and-product-manufacturing,Contact for quote,Textile Connect,https://textileconnect.com/directory/
The Daniels Group,Asheville,NC,https://textileconnect.com/directory/the-daniels-group/,https://textileconnect.com/directory/the-daniels-group/,https://textileconnect.com/directory/the-daniels-group/,,,manufacturer,Textile Connect: apparel-and-product-manufacturing,Contact for quote,Textile Connect,https://textileconnect.com/directory/
The Empire Group,Long Island,NY,https://textileconnect.com/directory/the-empire-group/,https://textileconnect.com/directory/the-empire-group/,https://textileconnect.com/directory/the-empire-group/,,,manufacturer,Textile Connect: apparel-and-product-manufacturing,Contact for quote,Textile Connect,https://textileconnect.com/directory/
The Fabric Stock Exchange,Peekskill,NY,https://textileconnect.com/directory/the-fabric-stock-exchange/,https://textileconnect.com/directory/the-fabric-stock-exchange/,https://textileconnect.com/directory/the-fabric-stock-exchange/,,,manufacturer,Textile Connect: apparel-and-product-manufacturing,Contact for quote,Textile Connect,https://textileconnect.com/directory/
The Hammock Source,Greenville,NC,https://textileconnect.com/directory/the-hammock-source/,https://textileconnect.com/directory/the-hammock-source/,https://textileconnect.com/directory/the-hammock-source/,,,manufacturer,Textile Connect: apparel-and-product-manufacturing,Contact for quote,Textile Connect,https://textileconnect.com/directory/
The InterTech Group,Charleston,SC,https://textileconnect.com/directory/the-intertech-group/,https://textileconnect.com/directory/the-intertech-group/,https://textileconnect.com/directory/the-intertech-group/,,,manufacturer,Textile Connect: apparel-and-product-manufacturing,Contact for quote,Textile Connect,https://textileconnect.com/directory/
The Jacquard Center,Hendersonville,NC,https://textileconnect.com/directory/the-jacquard-center/,https://textileconnect.com/directory/the-jacquard-center/,https://textileconnect.com/directory/the-jacquard-center/,,,manufacturer,Textile Connect: apparel-and-product-manufacturing,Contact for quote,Textile Connect,https://textileconnect.com/directory/
The Kennedy Center,Trumbell,CT,https://textileconnect.com/directory/the-kennedy-center/,https://textileconnect.com/directory/the-kennedy-center/,https://textileconnect.com/directory/the-kennedy-center/,,,manufacturer,Textile Connect: apparel-and-product-manufacturing,Contact for quote,Textile Connect,https://textileconnect.com/directory/
The Kila Company LLC,Wendell,NC,https://textileconnect.com/directory/the-kila-company-llc/,https://textileconnect.com/directory/the-kila-company-llc/,https://textileconnect.com/directory/the-kila-company-llc/,,,manufacturer,Textile Connect: apparel-and-product-manufacturing,Contact for quote,Textile Connect,https://textileconnect.com/directory/
The Krelman Company,Weaverville,NC,https://textileconnect.com/directory/the-krelman-company/,https://textileconnect.com/directory/the-krelman-company/,https://textileconnect.com/directory/the-krelman-company/,,,manufacturer,Textile Connect: apparel-and-product-manufacturing,Contact for quote,Textile Connect,https://textileconnect.com/directory/
The Last US Bag Company (LUSB),Vancouver,WA,https://textileconnect.com/directory/the-last-us-bag-company-lusb/,https://textileconnect.com/directory/the-last-us-bag-company-lusb/,https://textileconnect.com/directory/the-last-us-bag-company-lusb/,,,manufacturer,Textile Connect: apparel-and-product-manufacturing,Contact for quote,Textile Connect,https://textileconnect.com/directory/
The Lyons Marketing Group LLC,Newport News,VA,https://textileconnect.com/directory/the-lyons-marketing-group-llc/,https://textileconnect.com/directory/the-lyons-marketing-group-llc/,https://textileconnect.com/directory/the-lyons-marketing-group-llc/,,,manufacturer,Textile Connect: apparel-and-product-manufacturing,Contact for quote,Textile Connect,https://textileconnect.com/directory/
The Manning Corporation,Pinehurst,NC,https://textileconnect.com/directory/the-manning-corporation/,https://textileconnect.com/directory/the-manning-corporation/,https://textileconnect.com/directory/the-manning-corporation/,,,manufacturer,Textile Connect: apparel-and-product-manufacturing,Contact for quote,Textile Connect,https://textileconnect.com/directory/
The Manual Woodworkers and Weavers,Hendersonville,NC,https://textileconnect.com/directory/the-manual-woodworkers-and-weavers/,https://textileconnect.com/directory/the-manual-woodworkers-and-weavers/,https://textileconnect.com/directory/the-manual-woodworkers-and-weavers/,,,manufacturer,Textile Connect: apparel-and-product-manufacturing,Contact for quote,Textile Connect,https://textileconnect.com/directory/
The Nicolette Mayer Collection Inc.,Boca Raton,FL,https://textileconnect.com/directory/the-nicolette-mayer-collection-inc/,https://textileconnect.com/directory/the-nicolette-mayer-collection-inc/,https://textileconnect.com/directory/the-nicolette-mayer-collection-inc/,,,manufacturer,Textile Connect: apparel-and-product-manufacturing,Contact for quote,Textile Connect,https://textileconnect.com/directory/
The Nonwovens Institue,Raleigh,NC,https://textileconnect.com/directory/the-nonwovens-institue/,https://textileconnect.com/directory/the-nonwovens-institue/,https://textileconnect.com/directory/the-nonwovens-institue/,,,manufacturer,Textile Connect: apparel-and-product-manufacturing,Contact for quote,Textile Connect,https://textileconnect.com/directory/
The Oriole Mill,Hendersonville,NC,https://textileconnect.com/directory/the-oriole-mill/,https://textileconnect.com/directory/the-oriole-mill/,https://textileconnect.com/directory/the-oriole-mill/,,,manufacturer,Textile Connect: apparel-and-product-manufacturing,Contact for quote,Textile Connect,https://textileconnect.com/directory/
The Quantum Group,Colfax,NC,https://textileconnect.com/directory/the-quantum-group/,https://textileconnect.com/directory/the-quantum-group/,https://textileconnect.com/directory/the-quantum-group/,,,manufacturer,Textile Connect: apparel-and-product-manufacturing,Contact for quote,Textile Connect,https://textileconnect.com/directory/
Therafin Corporation,Frankfort,IL,https://textileconnect.com/directory/therafin-corporation/,https://textileconnect.com/directory/therafin-corporation/,https://textileconnect.com/directory/therafin-corporation/,,,manufacturer,Textile Connect: apparel-and-product-manufacturing,Contact for quote,Textile Connect,https://textileconnect.com/directory/
Therafirm Hosiery Co,Ellerbe,NC,https://textileconnect.com/directory/therafirm-hosiery-co/,https://textileconnect.com/directory/therafirm-hosiery-co/,https://textileconnect.com/directory/therafirm-hosiery-co/,,,manufacturer,Textile Connect: apparel-and-product-manufacturing,Contact for quote,Textile Connect,https://textileconnect.com/directory/
Theresa’s Fashions,Beulaville,NC,https://textileconnect.com/directory/theresas-fashions/,https://textileconnect.com/directory/theresas-fashions/,https://textileconnect.com/directory/theresas-fashions/,,,manufacturer,Textile Connect: apparel-and-product-manufacturing,Contact for quote,Textile Connect,https://textileconnect.com/directory/
Thermal Control Products,Concord,NC,https://textileconnect.com/directory/thermal-control-products/,https://textileconnect.com/directory/thermal-control-products/,https://textileconnect.com/directory/thermal-control-products/,,,manufacturer,Textile Connect: apparel-and-product-manufacturing,Contact for quote,Textile Connect,https://textileconnect.com/directory/
Thermotex Industries Inc,Greer,SC,https://textileconnect.com/directory/thermotex-industries-inc/,https://textileconnect.com/directory/thermotex-industries-inc/,https://textileconnect.com/directory/thermotex-industries-inc/,,,manufacturer,Textile Connect: apparel-and-product-manufacturing,Contact for quote,Textile Connect,https://textileconnect.com/directory/
The School Uniform Station,Ahoskie,NC,https://textileconnect.com/directory/the-school-uniform-station/,https://textileconnect.com/directory/the-school-uniform-station/,https://textileconnect.com/directory/the-school-uniform-station/,,,manufacturer,Textile Connect: apparel-and-product-manufacturing,Contact for quote,Textile Connect,https://textileconnect.com/directory/
The Seam,Memphis,TN,https://textileconnect.com/directory/the-seam/,https://textileconnect.com/directory/the-seam/,https://textileconnect.com/directory/the-seam/,,,manufacturer,Textile Connect: apparel-and-product-manufacturing,Contact for quote,Textile Connect,https://textileconnect.com/directory/
The Sourcing Group (TSG),New York,NY,https://textileconnect.com/directory/the-sourcing-group-tsg/,https://textileconnect.com/directory/the-sourcing-group-tsg/,https://textileconnect.com/directory/the-sourcing-group-tsg/,,,manufacturer,Textile Connect: apparel-and-product-manufacturing,Contact for quote,Textile Connect,https://textileconnect.com/directory/
The Warm Company,Lynnwood,WA,https://textileconnect.com/directory/the-warm-company/,https://textileconnect.com/directory/the-warm-company/,https://textileconnect.com/directory/the-warm-company/,,,manufacturer,Textile Connect: apparel-and-product-manufacturing,Contact for quote,Textile Connect,https://textileconnect.com/directory/
The WPM Group,Raleigh,NC,https://textileconnect.com/directory/the-wpm-group/,https://textileconnect.com/directory/the-wpm-group/,https://textileconnect.com/directory/the-wpm-group/,,,manufacturer,Textile Connect: apparel-and-product-manufacturing,Contact for quote,Textile Connect,https://textileconnect.com/directory/
Thies Corp,Rock Hill,SC,https://textileconnect.com/directory/thies-corp/,https://textileconnect.com/directory/thies-corp/,https://textileconnect.com/directory/thies-corp/,,,manufacturer,Textile Connect: apparel-and-product-manufacturing,Contact for quote,Textile Connect,https://textileconnect.com/directory/
Thomas Textile Company,Charlotte,NC,https://textileconnect.com/directory/thomas-textile-company/,https://textileconnect.com/directory/thomas-textile-company/,https://textileconnect.com/directory/thomas-textile-company/,,,manufacturer,Textile Connect: apparel-and-product-manufacturing,Contact for quote,Textile Connect,https://textileconnect.com/directory/
Thomasville Dexel Inc,High Point,NC,https://textileconnect.com/directory/thomasville-dexel-inc/,https://textileconnect.com/directory/thomasville-dexel-inc/,https://textileconnect.com/directory/thomasville-dexel-inc/,,,manufacturer,Textile Connect: apparel-and-product-manufacturing,Contact for quote,Textile Connect,https://textileconnect.com/directory/
Thomasville Upholstery,Conover,NC,https://textileconnect.com/directory/thomasville-upholstery/,https://textileconnect.com/directory/thomasville-upholstery/,https://textileconnect.com/directory/thomasville-upholstery/,,,manufacturer,Textile Connect: apparel-and-product-manufacturing,Contact for quote,Textile Connect,https://textileconnect.com/directory/
"Thompson Apparel, Inc.",West End,NC,https://textileconnect.com/directory/thompson-apparel-inc/,https://textileconnect.com/directory/thompson-apparel-inc/,https://textileconnect.com/directory/thompson-apparel-inc/,,,manufacturer,Textile Connect: apparel-and-product-manufacturing,Contact for quote,Textile Connect,https://textileconnect.com/directory/
Thompson Architectural Products,Hollywood,FL,https://textileconnect.com/directory/thompson-architectural-products/,https://textileconnect.com/directory/thompson-architectural-products/,https://textileconnect.com/directory/thompson-architectural-products/,,,manufacturer,Textile Connect: apparel-and-product-manufacturing,Contact for quote,Textile Connect,https://textileconnect.com/directory/
Thompson Flags & Banners,New Bern,NC,https://textileconnect.com/directory/thompson-flags-banners/,https://textileconnect.com/directory/thompson-flags-banners/,https://textileconnect.com/directory/thompson-flags-banners/,,,manufacturer,Textile Connect: apparel-and-product-manufacturing,Contact for quote,Textile Connect,https://textileconnect.com/directory/
Thompson Screen Prints Inc,Rockwell,NC,https://textileconnect.com/directory/thompson-screen-prints-inc/,https://textileconnect.com/directory/thompson-screen-prints-inc/,https://textileconnect.com/directory/thompson-screen-prints-inc/,,,manufacturer,Textile Connect: apparel-and-product-manufacturing,Contact for quote,Textile Connect,https://textileconnect.com/directory/
Thor-Lo Inc,Statesville,NC,https://textileconnect.com/directory/thor-lo-inc/,https://textileconnect.com/directory/thor-lo-inc/,https://textileconnect.com/directory/thor-lo-inc/,,,manufacturer,Textile Connect: apparel-and-product-manufacturing,Contact for quote,Textile Connect,https://textileconnect.com/directory/
Thorndike Mills,Palmer,MA,https://textileconnect.com/directory/thorndike-mills/,https://textileconnect.com/directory/thorndike-mills/,https://textileconnect.com/directory/thorndike-mills/,,,manufacturer,Textile Connect: apparel-and-product-manufacturing,Contact for quote,Textile Connect,https://textileconnect.com/directory/
Threads In Motion Intl,Lincolnton,NC,https://textileconnect.com/directory/threads-in-motion-intl/,https://textileconnect.com/directory/threads-in-motion-intl/,https://textileconnect.com/directory/threads-in-motion-intl/,,,manufacturer,Textile Connect: apparel-and-product-manufacturing,Contact for quote,Textile Connect,https://textileconnect.com/directory/
Three Associates Inc,High Point,NC,https://textileconnect.com/directory/three-associates-inc/,https://textileconnect.com/directory/three-associates-inc/,https://textileconnect.com/directory/three-associates-inc/,,,manufacturer,Textile Connect: apparel-and-product-manufacturing,Contact for quote,Textile Connect,https://textileconnect.com/directory/
Tietex International,Spartanburg,SC,https://textileconnect.com/directory/tietex-international/,https://textileconnect.com/directory/tietex-international/,https://textileconnect.com/directory/tietex-international/,,,manufacturer,Textile Connect: apparel-and-product-manufacturing,Contact for quote,Textile Connect,https://textileconnect.com/directory/
Tiger Imports Group,Greensboro,NC,https://textileconnect.com/directory/tiger-imports-group/,https://textileconnect.com/directory/tiger-imports-group/,https://textileconnect.com/directory/tiger-imports-group/,,,manufacturer,Textile Connect: apparel-and-product-manufacturing,Contact for quote,Textile Connect,https://textileconnect.com/directory/
Tillery Accessories Inc,Norwood,NC,https://textileconnect.com/directory/tillery-accessories-inc/,https://textileconnect.com/directory/tillery-accessories-inc/,https://textileconnect.com/directory/tillery-accessories-inc/,,,manufacturer,Textile Connect: apparel-and-product-manufacturing,Contact for quote,Textile Connect,https://textileconnect.com/directory/
Timberland Co,Charlotte,NC,https://textileconnect.com/directory/timberland-co/,https://textileconnect.com/directory/timberland-co/,https://textileconnect.com/directory/timberland-co/,,,manufacturer,Textile Connect: apparel-and-product-manufacturing,Contact for quote,Textile Connect,https://textileconnect.com/directory/
Timber Tantrum Inc,Fayetville,NC,https://textileconnect.com/directory/timber-tantrum-inc/,https://textileconnect.com/directory/timber-tantrum-inc/,https://textileconnect.com/directory/timber-tantrum-inc/,,,manufacturer,Textile Connect: apparel-and-product-manufacturing,Contact for quote,Textile Connect,https://textileconnect.com/directory/
Tinsel Trading Co.,Manhattan,NY,https://textileconnect.com/directory/tinsel-trading-co/,https://textileconnect.com/directory/tinsel-trading-co/,https://textileconnect.com/directory/tinsel-trading-co/,,,manufacturer,Textile Connect: apparel-and-product-manufacturing,Contact for quote,Textile Connect,https://textileconnect.com/directory/
Tinsley-Clark Co,Greensboro,NC,https://textileconnect.com/directory/tinsley-clark-co/,https://textileconnect.com/directory/tinsley-clark-co/,https://textileconnect.com/directory/tinsley-clark-co/,,,manufacturer,Textile Connect: apparel-and-product-manufacturing,Contact for quote,Textile Connect,https://textileconnect.com/directory/
Tintoria Piana U.S. Inc.,Cartersville,GA,https://textileconnect.com/directory/tintoria-piana-u-s-inc/,https://textileconnect.com/directory/tintoria-piana-u-s-inc/,https://textileconnect.com/directory/tintoria-piana-u-s-inc/,,,manufacturer,Textile Connect: apparel-and-product-manufacturing,Contact for quote,Textile Connect,https://textileconnect.com/directory/
Titan Industries,Salisbury,NC,https://textileconnect.com/directory/titan-industries/,https://textileconnect.com/directory/titan-industries/,https://textileconnect.com/directory/titan-industries/,,,manufacturer,Textile Connect: apparel-and-product-manufacturing,Contact for quote,Textile Connect,https://textileconnect.com/directory/
Titan Strapping Systems LLC,Pineville,NC,https://textileconnect.com/directory/titan-strapping-systems-llc/,https://textileconnect.com/directory/titan-strapping-systems-llc/,https://textileconnect.com/directory/titan-strapping-systems-llc/,,,manufacturer,Textile Connect: apparel-and-product-manufacturing,Contact for quote,Textile Connect,https://textileconnect.com/directory/
Tk Holdings,Greensboro,NC,https://textileconnect.com/directory/tk-holdings/,https://textileconnect.com/directory/tk-holdings/,https://textileconnect.com/directory/tk-holdings/,,,manufacturer,Textile Connect: apparel-and-product-manufacturing,Contact for quote,Textile Connect,https://textileconnect.com/directory/
TLH Textile Repair,Gastonia,NC,https://textileconnect.com/directory/tlh-textile-repair/,https://textileconnect.com/directory/tlh-textile-repair/,https://textileconnect.com/directory/tlh-textile-repair/,,,manufacturer,Textile Connect: apparel-and-product-manufacturing,Contact for quote,Textile Connect,https://textileconnect.com/directory/
T Lockman LLC,Kernersville,NC,https://textileconnect.com/directory/t-lockman-llc/,https://textileconnect.com/directory/t-lockman-llc/,https://textileconnect.com/directory/t-lockman-llc/,,,manufacturer,Textile Connect: apparel-and-product-manufacturing,Contact for quote,Textile Connect,https://textileconnect.com/directory/
TNC Global,Greensboro,NC,https://textileconnect.com/directory/tnc-global/,https://textileconnect.com/directory/tnc-global/,https://textileconnect.com/directory/tnc-global/,,,manufacturer,Textile Connect: apparel-and-product-manufacturing,Contact for quote,Textile Connect,https://textileconnect.com/directory/
TNT Sales,Spartanburg,SC,https://textileconnect.com/directory/tnt-sales/,https://textileconnect.com/directory/tnt-sales/,https://textileconnect.com/directory/tnt-sales/,,,manufacturer,Textile Connect: apparel-and-product-manufacturing,Contact for quote,Textile Connect,https://textileconnect.com/directory/
Todwin’s Inc,Greensboro,NC,https://textileconnect.com/directory/todwins-inc/,https://textileconnect.com/directory/todwins-inc/,https://textileconnect.com/directory/todwins-inc/,,,manufacturer,Textile Connect: apparel-and-product-manufacturing,Contact for quote,Textile Connect,https://textileconnect.com/directory/
Tomblin Abrasives Belting Inc,Stony Point,NC,https://textileconnect.com/directory/tomblin-abrasives-belting-inc/,https://textileconnect.com/directory/tomblin-abrasives-belting-inc/,https://textileconnect.com/directory/tomblin-abrasives-belting-inc/,,,manufacturer,Textile Connect: apparel-and-product-manufacturing,Contact for quote,Textile Connect,https://textileconnect.com/directory/
Tommy’s Tubing & Stockenettes,Gibsonville,NC,https://textileconnect.com/directory/tommys-tubing-stockenettes/,https://textileconnect.com/directory/tommys-tubing-stockenettes/,https://textileconnect.com/directory/tommys-tubing-stockenettes/,,,manufacturer,Textile Connect: apparel-and-product-manufacturing,Contact for quote,Textile Connect,https://textileconnect.com/directory/
Top Designs,Hampstead,NC,https://textileconnect.com/directory/top-designs/,https://textileconnect.com/directory/top-designs/,https://textileconnect.com/directory/top-designs/,,,manufacturer,Textile Connect: apparel-and-product-manufacturing,Contact for quote,Textile Connect,https://textileconnect.com/directory/
"Topsail Sportswear, Inc.",Hampstead,NC,https://textileconnect.com/directory/topsail-sportswear-inc/,https://textileconnect.com/directory/topsail-sportswear-inc/,https://textileconnect.com/directory/topsail-sportswear-inc/,,,manufacturer,Textile Connect: apparel-and-product-manufacturing,Contact for quote,Textile Connect,https://textileconnect.com/directory/
Toptec,Mauldin,SC,https://textileconnect.com/directory/toptec/,https://textileconnect.com/directory/toptec/,https://textileconnect.com/directory/toptec/,,,manufacturer,Textile Connect: apparel-and-product-manufacturing,Contact for quote,Textile Connect,https://textileconnect.com/directory/
Top Threads,Monroe,NC,https://textileconnect.com/directory/top-threads/,https://textileconnect.com/directory/top-threads/,https://textileconnect.com/directory/top-threads/,,,manufacturer,Textile Connect: apparel-and-product-manufacturing,Contact for quote,Textile Connect,https://textileconnect.com/directory/
Toyo Cotton Co.,Dallas,TX,https://textileconnect.com/directory/toyo-cotton-co/,https://textileconnect.com/directory/toyo-cotton-co/,https://textileconnect.com/directory/toyo-cotton-co/,,,manufacturer,Textile Connect: apparel-and-product-manufacturing,Contact for quote,Textile Connect,https://textileconnect.com/directory/
Toyoda Textile Machinery Inc,Charlotte,NC,https://textileconnect.com/directory/toyoda-textile-machinery-inc/,https://textileconnect.com/directory/toyoda-textile-machinery-inc/,https://textileconnect.com/directory/toyoda-textile-machinery-inc/,,,manufacturer,Textile Connect: apparel-and-product-manufacturing,Contact for quote,Textile Connect,https://textileconnect.com/directory/
Toyo Seal America Corp,Mooresville,NC,https://textileconnect.com/directory/toyo-seal-america-corp/,https://textileconnect.com/directory/toyo-seal-america-corp/,https://textileconnect.com/directory/toyo-seal-america-corp/,,,manufacturer,Textile Connect: apparel-and-product-manufacturing,Contact for quote,Textile Connect,https://textileconnect.com/directory/
Toyo Thai Intl Inc,Greensboro,NC,https://textileconnect.com/directory/toyo-thai-intl-inc/,https://textileconnect.com/directory/toyo-thai-intl-inc/,https://textileconnect.com/directory/toyo-thai-intl-inc/,,,manufacturer,Textile Connect: apparel-and-product-manufacturing,Contact for quote,Textile Connect,https://textileconnect.com/directory/
Trade Compliance Center,N.W. Washington,District of Columbia (DC),https://textileconnect.com/directory/trade-compliance-center/,https://textileconnect.com/directory/trade-compliance-center/,https://textileconnect.com/directory/trade-compliance-center/,,,manufacturer,Textile Connect: apparel-and-product-manufacturing,Contact for quote,Textile Connect,https://textileconnect.com/directory/
Trade Linker International Inc.,Cranford,NJ,https://textileconnect.com/directory/trade-linker-international-inc/,https://textileconnect.com/directory/trade-linker-international-inc/,https://textileconnect.com/directory/trade-linker-international-inc/,,,manufacturer,Textile Connect: apparel-and-product-manufacturing,Contact for quote,Textile Connect,https://textileconnect.com/directory/
"TradeWell International, Inc.",North Kingstown,RI,https://textileconnect.com/directory/tradewell-international-inc/,https://textileconnect.com/directory/tradewell-international-inc/,https://textileconnect.com/directory/tradewell-international-inc/,,,manufacturer,Textile Connect: apparel-and-product-manufacturing,Contact for quote,Textile Connect,https://textileconnect.com/directory/
Tradewinds Ladies Apparel,Hilton Head Isle,SC,https://textileconnect.com/directory/tradewinds-ladies-apparel/,https://textileconnect.com/directory/tradewinds-ladies-apparel/,https://textileconnect.com/directory/tradewinds-ladies-apparel/,,,manufacturer,Textile Connect: apparel-and-product-manufacturing,Contact for quote,Textile Connect,https://textileconnect.com/directory/
"Tradewinds Services, Inc.",Merrillville,IN,https://textileconnect.com/directory/tradewinds-services-inc/,https://textileconnect.com/directory/tradewinds-services-inc/,https://textileconnect.com/directory/tradewinds-services-inc/,,,manufacturer,Textile Connect: apparel-and-product-manufacturing,Contact for quote,Textile Connect,https://textileconnect.com/directory/
Tramar Tex Inc,Monroe,NC,https://textileconnect.com/directory/tramar-tex-inc/,https://textileconnect.com/directory/tramar-tex-inc/,https://textileconnect.com/directory/tramar-tex-inc/,,,manufacturer,Textile Connect: apparel-and-product-manufacturing,Contact for quote,Textile Connect,https://textileconnect.com/directory/
U.S. Commercial Service,Washington,District of Columbia (DC),https://textileconnect.com/directory/u-s-commercial-service/,https://textileconnect.com/directory/u-s-commercial-service/,https://textileconnect.com/directory/u-s-commercial-service/,,,manufacturer,Textile Connect: apparel-and-product-manufacturing,Contact for quote,Textile Connect,https://textileconnect.com/directory/
U.S. Customs,N.W. Washington,District of Columbia (DC),https://textileconnect.com/directory/u-s-customs/,https://textileconnect.com/directory/u-s-customs/,https://textileconnect.com/directory/u-s-customs/,,,manufacturer,Textile Connect: apparel-and-product-manufacturing,Contact for quote,Textile Connect,https://textileconnect.com/directory/
U.S. Felt Manufacturing Co,Sanford,ME,https://textileconnect.com/directory/u-s-felt-manufacturing-co/,https://textileconnect.com/directory/u-s-felt-manufacturing-co/,https://textileconnect.com/directory/u-s-felt-manufacturing-co/,,,manufacturer,Textile Connect: apparel-and-product-manufacturing,Contact for quote,Textile Connect,https://textileconnect.com/directory/
U.S. Industrial and Narrow Fabrics Institute,Roseville,MN,https://textileconnect.com/directory/u-s-industrial-and-narrow-fabrics-institute/,https://textileconnect.com/directory/u-s-industrial-and-narrow-fabrics-institute/,https://textileconnect.com/directory/u-s-industrial-and-narrow-fabrics-institute/,,,manufacturer,Textile Connect: apparel-and-product-manufacturing,Contact for quote,Textile Connect,https://textileconnect.com/directory/
"UFP Elizabeth City, LLC",Elizabeth,NC,https://textileconnect.com/directory/ufp-elizabeth-city-llc/,https://textileconnect.com/directory/ufp-elizabeth-city-llc/,https://textileconnect.com/directory/ufp-elizabeth-city-llc/,,,manufacturer,Textile Connect: apparel-and-product-manufacturing,Contact for quote,Textile Connect,https://textileconnect.com/directory/
"UFP Franklinton, LLC",Franklinton,NC,https://textileconnect.com/directory/ufp-franklinton-llc/,https://textileconnect.com/directory/ufp-franklinton-llc/,https://textileconnect.com/directory/ufp-franklinton-llc/,,,manufacturer,Textile Connect: apparel-and-product-manufacturing,Contact for quote,Textile Connect,https://textileconnect.com/directory/
UK-Southwind Sailmakers,Charleston,SC,https://textileconnect.com/directory/uk-southwind-sailmakers/,https://textileconnect.com/directory/uk-southwind-sailmakers/,https://textileconnect.com/directory/uk-southwind-sailmakers/,,,manufacturer,Textile Connect: apparel-and-product-manufacturing,Contact for quote,Textile Connect,https://textileconnect.com/directory/
Ulbrich Precision Flat Wire,Westminster,SC,https://textileconnect.com/directory/ulbrich-precision-flat-wire/,https://textileconnect.com/directory/ulbrich-precision-flat-wire/,https://textileconnect.com/directory/ulbrich-precision-flat-wire/,,,manufacturer,Textile Connect: apparel-and-product-manufacturing,Contact for quote,Textile Connect,https://textileconnect.com/directory/
Ultimate Burial & Vault Company,Shallotte,NC,https://textileconnect.com/directory/ultimate-burial-vault-company/,https://textileconnect.com/directory/ultimate-burial-vault-company/,https://textileconnect.com/directory/ultimate-burial-vault-company/,,,manufacturer,Textile Connect: apparel-and-product-manufacturing,Contact for quote,Textile Connect,https://textileconnect.com/directory/
"Ultimate Textile, Inc",Rutherfordton,NC,https://textileconnect.com/directory/ultimate-textile-inc/,https://textileconnect.com/directory/ultimate-textile-inc/,https://textileconnect.com/directory/ultimate-textile-inc/,,,manufacturer,Textile Connect: apparel-and-product-manufacturing,Contact for quote,Textile Connect,https://textileconnect.com/directory/
Ultra-Flex Corporation,High Point,NC,https://textileconnect.com/directory/ultra-flex-corporation/,https://textileconnect.com/directory/ultra-flex-corporation/,https://textileconnect.com/directory/ultra-flex-corporation/,,,manufacturer,Textile Connect: apparel-and-product-manufacturing,Contact for quote,Textile Connect,https://textileconnect.com/directory/
Ultra Coat,Forest,NC,https://textileconnect.com/directory/ultra-coat/,https://textileconnect.com/directory/ultra-coat/,https://textileconnect.com/directory/ultra-coat/,,,manufacturer,Textile Connect: apparel-and-product-manufacturing,Contact for quote,Textile Connect,https://textileconnect.com/directory/
Ultracraft,Liberty,NC,https://textileconnect.com/directory/ultracraft/,https://textileconnect.com/directory/ultracraft/,https://textileconnect.com/directory/ultracraft/,,,manufacturer,Textile Connect: apparel-and-product-manufacturing,Contact for quote,Textile Connect,https://textileconnect.com/directory/
"UM Solutions, LLC",N. Charleston,SC,https://textileconnect.com/directory/um-solutions-llc/,https://textileconnect.com/directory/um-solutions-llc/,https://textileconnect.com/directory/um-solutions-llc/,,,manufacturer,Textile Connect: apparel-and-product-manufacturing,Contact for quote,Textile Connect,https://textileconnect.com/directory/
Underwood Cotton Co. Inc.,Lubbock,TX,https://textileconnect.com/directory/underwood-cotton-co-inc/,https://textileconnect.com/directory/underwood-cotton-co-inc/,https://textileconnect.com/directory/underwood-cotton-co-inc/,,,manufacturer,Textile Connect: apparel-and-product-manufacturing,Contact for quote,Textile Connect,https://textileconnect.com/directory/
Underwriters Laboratories,Canton,MA,https://textileconnect.com/directory/underwriters-laboratories/,https://textileconnect.com/directory/underwriters-laboratories/,https://textileconnect.com/directory/underwriters-laboratories/,,,manufacturer,Textile Connect: apparel-and-product-manufacturing,Contact for quote,Textile Connect,https://textileconnect.com/directory/
Unified Global Packaging Group,Durham,NC,https://textileconnect.com/directory/unified-global-packaging-group/,https://textileconnect.com/directory/unified-global-packaging-group/,https://textileconnect.com/directory/unified-global-packaging-group/,,,manufacturer,Textile Connect: apparel-and-product-manufacturing,Contact for quote,Textile Connect,https://textileconnect.com/directory/
Unifi Inc – Dillon,Dillon,SC,https://textileconnect.com/directory/unifi-inc-dillon/,https://textileconnect.com/directory/unifi-inc-dillon/,https://textileconnect.com/directory/unifi-inc-dillon/,,,manufacturer,Textile Connect: apparel-and-product-manufacturing,Contact for quote,Textile Connect,https://textileconnect.com/directory/
Unifi Inc – Madison,Madison,NC,https://textileconnect.com/directory/unifi-inc-madison/,https://textileconnect.com/directory/unifi-inc-madison/,https://textileconnect.com/directory/unifi-inc-madison/,,,manufacturer,Textile Connect: apparel-and-product-manufacturing,Contact for quote,Textile Connect,https://textileconnect.com/directory/
Unifi Inc – Stoneville,Stoneville,NC,https://textileconnect.com/directory/unifi-inc-stoneville/,https://textileconnect.com/directory/unifi-inc-stoneville/,https://textileconnect.com/directory/unifi-inc-stoneville/,,,manufacturer,Textile Connect: apparel-and-product-manufacturing,Contact for quote,Textile Connect,https://textileconnect.com/directory/
Unifi Inc – Yadkinville,Yadkinville,NC,https://textileconnect.com/directory/unifi-inc-yadkinville/,https://textileconnect.com/directory/unifi-inc-yadkinville/,https://textileconnect.com/directory/unifi-inc-yadkinville/,,,manufacturer,Textile Connect: apparel-and-product-manufacturing,Contact for quote,Textile Connect,https://textileconnect.com/directory/
"Unifi Inc, – Madison (Nylon Operations)",Madison,NC,https://textileconnect.com/directory/unifi-inc-madison-nylon-operations/,https://textileconnect.com/directory/unifi-inc-madison-nylon-operations/,https://textileconnect.com/directory/unifi-inc-madison-nylon-operations/,,,manufacturer,Textile Connect: apparel-and-product-manufacturing,Contact for quote,Textile Connect,https://textileconnect.com/directory/
"Unifi Inc, – Reidsville (Dyed Operations)",Reidsville,NC,https://textileconnect.com/directory/unifi-inc-reidsville-dyed-operations/,https://textileconnect.com/directory/unifi-inc-reidsville-dyed-operations/,https://textileconnect.com/directory/unifi-inc-reidsville-dyed-operations/,,,manufacturer,Textile Connect: apparel-and-product-manufacturing,Contact for quote,Textile Connect,https://textileconnect.com/directory/
"Unifi Inc, Corporate Headquarters (Greensboro)",Greensboro,NC,https://textileconnect.com/directory/unifi-inc-corporate-headquarters-greensboro/,https://textileconnect.com/directory/unifi-inc-corporate-headquarters-greensboro/,https://textileconnect.com/directory/unifi-inc-corporate-headquarters-greensboro/,,,manufacturer,Textile Connect: apparel-and-product-manufacturing,Contact for quote,Textile Connect,https://textileconnect.com/directory/
Uniform Express,Mocksville,NC,https://textileconnect.com/directory/uniform-express/,https://textileconnect.com/directory/uniform-express/,https://textileconnect.com/directory/uniform-express/,,,manufacturer,Textile Connect: apparel-and-product-manufacturing,Contact for quote,Textile Connect,https://textileconnect.com/directory/
Unifour Finishers Inc,Hickory,NC,https://textileconnect.com/directory/unifour-finishers-inc/,https://textileconnect.com/directory/unifour-finishers-inc/,https://textileconnect.com/directory/unifour-finishers-inc/,,,manufacturer,Textile Connect: apparel-and-product-manufacturing,Contact for quote,Textile Connect,https://textileconnect.com/directory/
Unifour Finishers Inc- Delivery Address,Hickory,NC,https://textileconnect.com/directory/unifour-finishers-inc-delivery-address/,https://textileconnect.com/directory/unifour-finishers-inc-delivery-address/,https://textileconnect.com/directory/unifour-finishers-inc-delivery-address/,,,manufacturer,Textile Connect: apparel-and-product-manufacturing,Contact for quote,Textile Connect,https://textileconnect.com/directory/
Unifour Finishers Upholstery,Hickory,NC,https://textileconnect.com/directory/unifour-finishers-upholstery/,https://textileconnect.com/directory/unifour-finishers-upholstery/,https://textileconnect.com/directory/unifour-finishers-upholstery/,,,manufacturer,Textile Connect: apparel-and-product-manufacturing,Contact for quote,Textile Connect,https://textileconnect.com/directory/
Union County Printworks,Union,SC,https://textileconnect.com/directory/union-county-printworks/,https://textileconnect.com/directory/union-county-printworks/,https://textileconnect.com/directory/union-county-printworks/,,,manufacturer,Textile Connect: apparel-and-product-manufacturing,Contact for quote,Textile Connect,https://textileconnect.com/directory/
"Union Grove Saw & Knife, Inc",Union Grove,NC,https://textileconnect.com/directory/union-grove-saw-knife-inc/,https://textileconnect.com/directory/union-grove-saw-knife-inc/,https://textileconnect.com/directory/union-grove-saw-knife-inc/,,,manufacturer,Textile Connect: apparel-and-product-manufacturing,Contact for quote,Textile Connect,https://textileconnect.com/directory/
Unique Embroidery,West Jefferson,NC,https://textileconnect.com/directory/unique-embroidery/,https://textileconnect.com/directory/unique-embroidery/,https://textileconnect.com/directory/unique-embroidery/,,,manufacturer,Textile Connect: apparel-and-product-manufacturing,Contact for quote,Textile Connect,https://textileconnect.com/directory/
Uniquetex LLC,Grover,NC,https://textileconnect.com/directory/uniquetex-llc/,https://textileconnect.com/directory/uniquetex-llc/,https://textileconnect.com/directory/uniquetex-llc/,,,manufacturer,Textile Connect: apparel-and-product-manufacturing,Contact for quote,Textile Connect,https://textileconnect.com/directory/
"Unique Tool & Manufacturing Co, Inc",Franklinville,NC,https://textileconnect.com/directory/unique-tool-manufacturing-co-inc/,https://textileconnect.com/directory/unique-tool-manufacturing-co-inc/,https://textileconnect.com/directory/unique-tool-manufacturing-co-inc/,,,manufacturer,Textile Connect: apparel-and-product-manufacturing,Contact for quote,Textile Connect,https://textileconnect.com/directory/
Uniquities,Chapel Hill,NC,https://textileconnect.com/directory/uniquities/,https://textileconnect.com/directory/uniquities/,https://textileconnect.com/directory/uniquities/,,,manufacturer,Textile Connect: apparel-and-product-manufacturing,Contact for quote,Textile Connect,https://textileconnect.com/directory/
Unitape (USA) LLC,Conover,NC,https://textileconnect.com/directory/unitape-usa-llc/,https://textileconnect.com/directory/unitape-usa-llc/,https://textileconnect.com/directory/unitape-usa-llc/,,,manufacturer,Textile Connect: apparel-and-product-manufacturing,Contact for quote,Textile Connect,https://textileconnect.com/directory/
United Air Filter Co,Charlotte,NC,https://textileconnect.com/directory/united-air-filter-co/,https://textileconnect.com/directory/united-air-filter-co/,https://textileconnect.com/directory/united-air-filter-co/,,,manufacturer,Textile Connect: apparel-and-product-manufacturing,Contact for quote,Textile Connect,https://textileconnect.com/directory/
"United Brass Works, Inc",Randleman,NC,https://textileconnect.com/directory/united-brass-works-inc/,https://textileconnect.com/directory/united-brass-works-inc/,https://textileconnect.com/directory/united-brass-works-inc/,,,manufacturer,Textile Connect: apparel-and-product-manufacturing,Contact for quote,Textile Connect,https://textileconnect.com/directory/
United Cloth Co,Spartanburg,SC,https://textileconnect.com/directory/united-cloth-co/,https://textileconnect.com/directory/united-cloth-co/,https://textileconnect.com/directory/united-cloth-co/,,,manufacturer,Textile Connect: apparel-and-product-manufacturing,Contact for quote,Textile Connect,https://textileconnect.com/directory/
United Community Ministries,Rocky Mount,NC,https://textileconnect.com/directory/united-community-ministries/,https://textileconnect.com/directory/united-community-ministries/,https://textileconnect.com/directory/united-community-ministries/,,,manufacturer,Textile Connect: apparel-and-product-manufacturing,Contact for quote,Textile Connect,https://textileconnect.com/directory/
United Flag & Flagpole,Burlington,NC,https://textileconnect.com/directory/united-flag-flagpole/,https://textileconnect.com/directory/united-flag-flagpole/,https://textileconnect.com/directory/united-flag-flagpole/,,,manufacturer,Textile Connect: apparel-and-product-manufacturing,Contact for quote,Textile Connect,https://textileconnect.com/directory/
United Glove Inc,Newton,NC,https://textileconnect.com/directory/united-glove-inc/,https://textileconnect.com/directory/united-glove-inc/,https://textileconnect.com/directory/united-glove-inc/,,,manufacturer,Textile Connect: apparel-and-product-manufacturing,Contact for quote,Textile Connect,https://textileconnect.com/directory/
"United Machine & Metal Fab, Inc",Conover,NC,https://textileconnect.com/directory/united-machine-metal-fab-inc/,https://textileconnect.com/directory/united-machine-metal-fab-inc/,https://textileconnect.com/directory/united-machine-metal-fab-inc/,,,manufacturer,Textile Connect: apparel-and-product-manufacturing,Contact for quote,Textile Connect,https://textileconnect.com/directory/
United Plastics Corporation,Mt Airy,NC,https://textileconnect.com/directory/united-plastics-corporation/,https://textileconnect.com/directory/united-plastics-corporation/,https://textileconnect.com/directory/united-plastics-corporation/,,,manufacturer,Textile Connect: apparel-and-product-manufacturing,Contact for quote,Textile Connect,https://textileconnect.com/directory/
"United States Dept. of Agriculture – C.Christi, TX",Corpus Christi,TX,https://textileconnect.com/directory/united-states-dept-of-agriculture-c-christi-tx/,https://textileconnect.com/directory/united-states-dept-of-agriculture-c-christi-tx/,https://textileconnect.com/directory/united-states-dept-of-agriculture-c-christi-tx/,,,manufacturer,Textile Connect: apparel-and-product-manufacturing,Contact for quote,Textile Connect,https://textileconnect.com/directory/
"United States Dept. of Agriculture – Dumas, AR",Dumas,AR,https://textileconnect.com/directory/united-states-dept-of-agriculture-dumas-ar/,https://textileconnect.com/directory/united-states-dept-of-agriculture-dumas-ar/,https://textileconnect.com/directory/united-states-dept-of-agriculture-dumas-ar/,,,manufacturer,Textile Connect: apparel-and-product-manufacturing,Contact for quote,Textile Connect,https://textileconnect.com/directory/
"United States Dept. of Agriculture – Florence, SC",Florence,SC,https://textileconnect.com/directory/united-states-dept-of-agriculture-florence-sc/,https://textileconnect.com/directory/united-states-dept-of-agriculture-florence-sc/,https://textileconnect.com/directory/united-states-dept-of-agriculture-florence-sc/,,,manufacturer,Textile Connect: apparel-and-product-manufacturing,Contact for quote,Textile Connect,https://textileconnect.com/directory/
"United States Dept. of Agriculture – Lamesa, TX",Lamesa,TX,https://textileconnect.com/directory/united-states-dept-of-agriculture-lamesa-tx/,https://textileconnect.com/directory/united-states-dept-of-agriculture-lamesa-tx/,https://textileconnect.com/directory/united-states-dept-of-agriculture-lamesa-tx/,,,manufacturer,Textile Connect: apparel-and-product-manufacturing,Contact for quote,Textile Connect,https://textileconnect.com/directory/
"United States Dept. of Agriculture – Lubbock, TX",Lubbock,TX,https://textileconnect.com/directory/united-states-dept-of-agriculture-lubbock-tx/,https://textileconnect.com/directory/united-states-dept-of-agriculture-lubbock-tx/,https://textileconnect.com/directory/united-states-dept-of-agriculture-lubbock-tx/,,,manufacturer,Textile Connect: apparel-and-product-manufacturing,Contact for quote,Textile Connect,https://textileconnect.com/directory/
"United States Dept. of Agriculture – Macon, GA",Macon,GA,https://textileconnect.com/directory/united-states-dept-of-agriculture-macon-ga/,https://textileconnect.com/directory/united-states-dept-of-agriculture-macon-ga/,https://textileconnect.com/directory/united-states-dept-of-agriculture-macon-ga/,,,manufacturer,Textile Connect: apparel-and-product-manufacturing,Contact for quote,Textile Connect,https://textileconnect.com/directory/
V-Tex Inc,Inman,SC,https://textileconnect.com/directory/v-tex-inc/,https://textileconnect.com/directory/v-tex-inc/,https://textileconnect.com/directory/v-tex-inc/,,,manufacturer,Textile Connect: apparel-and-product-manufacturing,Contact for quote,Textile Connect,https://textileconnect.com/directory/
V.F. Corporation,Greenwood Village,CO,https://textileconnect.com/directory/v-f-corporation/,https://textileconnect.com/directory/v-f-corporation/,https://textileconnect.com/directory/v-f-corporation/,,,manufacturer,Textile Connect: apparel-and-product-manufacturing,Contact for quote,Textile Connect,https://textileconnect.com/directory/
V.F. Wrangler Corporation,Greensboro,NC,https://textileconnect.com/directory/v-f-wrangler-corporation/,https://textileconnect.com/directory/v-f-wrangler-corporation/,https://textileconnect.com/directory/v-f-wrangler-corporation/,,,manufacturer,Textile Connect: apparel-and-product-manufacturing,Contact for quote,Textile Connect,https://textileconnect.com/directory/
Valdese Textile Inc,Valdese,NC,https://textileconnect.com/directory/valdese-textile-inc/,https://textileconnect.com/directory/valdese-textile-inc/,https://textileconnect.com/directory/valdese-textile-inc/,,,manufacturer,Textile Connect: apparel-and-product-manufacturing,Contact for quote,Textile Connect,https://textileconnect.com/directory/
Valdese Weavers Inc,Valdese,NC,https://textileconnect.com/directory/valdese-weavers-inc/,https://textileconnect.com/directory/valdese-weavers-inc/,https://textileconnect.com/directory/valdese-weavers-inc/,,,manufacturer,Textile Connect: apparel-and-product-manufacturing,Contact for quote,Textile Connect,https://textileconnect.com/directory/
Valdese Weavers LLC,Valdese,NC,https://textileconnect.com/directory/valdese-weavers-llc/,https://textileconnect.com/directory/valdese-weavers-llc/,https://textileconnect.com/directory/valdese-weavers-llc/,,,manufacturer,Textile Connect: apparel-and-product-manufacturing,Contact for quote,Textile Connect,https://textileconnect.com/directory/
Valley Fabrics Intl,Mill Spring,NC,https://textileconnect.com/directory/valley-fabrics-intl/,https://textileconnect.com/directory/valley-fabrics-intl/,https://textileconnect.com/directory/valley-fabrics-intl/,,,manufacturer,Textile Connect: apparel-and-product-manufacturing,Contact for quote,Textile Connect,https://textileconnect.com/directory/
Valley Products Co.,New Salem,PA,https://textileconnect.com/directory/valley-products-co/,https://textileconnect.com/directory/valley-products-co/,https://textileconnect.com/directory/valley-products-co/,,,manufacturer,Textile Connect: apparel-and-product-manufacturing,Contact for quote,Textile Connect,https://textileconnect.com/directory/
Valley Throwing Inc.,Cumberland,RI,https://textileconnect.com/directory/valley-throwing-inc/,https://textileconnect.com/directory/valley-throwing-inc/,https://textileconnect.com/directory/valley-throwing-inc/,,,manufacturer,Textile Connect: apparel-and-product-manufacturing,Contact for quote,Textile Connect,https://textileconnect.com/directory/
"Valmet, Inc.",Biddeford,ME,https://textileconnect.com/directory/valmet-inc/,https://textileconnect.com/directory/valmet-inc/,https://textileconnect.com/directory/valmet-inc/,,,manufacturer,Textile Connect: apparel-and-product-manufacturing,Contact for quote,Textile Connect,https://textileconnect.com/directory/
Valtekz Fabrics,Charlotte,NC,https://textileconnect.com/directory/valtekz-fabrics/,https://textileconnect.com/directory/valtekz-fabrics/,https://textileconnect.com/directory/valtekz-fabrics/,,,manufacturer,Textile Connect: apparel-and-product-manufacturing,Contact for quote,Textile Connect,https://textileconnect.com/directory/
Value Ticking,Lexington,NC,https://textileconnect.com/directory/value-ticking/,https://textileconnect.com/directory/value-ticking/,https://textileconnect.com/directory/value-ticking/,,,manufacturer,Textile Connect: apparel-and-product-manufacturing,Contact for quote,Textile Connect,https://textileconnect.com/directory/
Value Vinyls,Grand Prairie,TX,https://textileconnect.com/directory/value-vinyls/,https://textileconnect.com/directory/value-vinyls/,https://textileconnect.com/directory/value-vinyls/,,,manufacturer,Textile Connect: apparel-and-product-manufacturing,Contact for quote,Textile Connect,https://textileconnect.com/directory/
Valutek,Phoenix,AZ,https://textileconnect.com/directory/valutek/,https://textileconnect.com/directory/valutek/,https://textileconnect.com/directory/valutek/,,,manufacturer,Textile Connect: apparel-and-product-manufacturing,Contact for quote,Textile Connect,https://textileconnect.com/directory/
Vanceboro Apparel,Vanceboro,NC,https://textileconnect.com/directory/vanceboro-apparel/,https://textileconnect.com/directory/vanceboro-apparel/,https://textileconnect.com/directory/vanceboro-apparel/,,,manufacturer,Textile Connect: apparel-and-product-manufacturing,Contact for quote,Textile Connect,https://textileconnect.com/directory/
Van Dyne Crotty Inc,Columbus,OH,https://textileconnect.com/directory/van-dyne-crotty-inc/,https://textileconnect.com/directory/van-dyne-crotty-inc/,https://textileconnect.com/directory/van-dyne-crotty-inc/,,,manufacturer,Textile Connect: apparel-and-product-manufacturing,Contact for quote,Textile Connect,https://textileconnect.com/directory/
Vanguard Furniture Co,Conover,NC,https://textileconnect.com/directory/vanguard-furniture-co/,https://textileconnect.com/directory/vanguard-furniture-co/,https://textileconnect.com/directory/vanguard-furniture-co/,,,manufacturer,Textile Connect: apparel-and-product-manufacturing,Contact for quote,Textile Connect,https://textileconnect.com/directory/
Vanguard Supreme Machine Corp,Monroe,NC,https://textileconnect.com/directory/vanguard-supreme-machine-corp/,https://textileconnect.com/directory/vanguard-supreme-machine-corp/,https://textileconnect.com/directory/vanguard-supreme-machine-corp/,,,manufacturer,Textile Connect: apparel-and-product-manufacturing,Contact for quote,Textile Connect,https://textileconnect.com/directory/
Van Holt Machine Shop,High Point,NC,https://textileconnect.com/directory/van-holt-machine-shop/,https://textileconnect.com/directory/van-holt-machine-shop/,https://textileconnect.com/directory/van-holt-machine-shop/,,,manufacturer,Textile Connect: apparel-and-product-manufacturing,Contact for quote,Textile Connect,https://textileconnect.com/directory/
Van Lathem,Salisbury,NC,https://textileconnect.com/directory/van-lathem/,https://textileconnect.com/directory/van-lathem/,https://textileconnect.com/directory/van-lathem/,,,manufacturer,Textile Connect: apparel-and-product-manufacturing,Contact for quote,Textile Connect,https://textileconnect.com/directory/
Vapor Apparel,Hanahan,SC,https://textileconnect.com/directory/vapor-apparel/,https://textileconnect.com/directory/vapor-apparel/,https://textileconnect.com/directory/vapor-apparel/,,,manufacturer,Textile Connect: apparel-and-product-manufacturing,Contact for quote,Textile Connect,https://textileconnect.com/directory/
Vapor Apparel Co.,N. Charletston,SC,https://textileconnect.com/directory/vapor-apparel-co/,https://textileconnect.com/directory/vapor-apparel-co/,https://textileconnect.com/directory/vapor-apparel-co/,,,manufacturer,Textile Connect: apparel-and-product-manufacturing,Contact for quote,Textile Connect,https://textileconnect.com/directory/
Varinit Corp,Greenville,SC,https://textileconnect.com/directory/varinit-corp/,https://textileconnect.com/directory/varinit-corp/,https://textileconnect.com/directory/varinit-corp/,,,manufacturer,Textile Connect: apparel-and-product-manufacturing,Contact for quote,Textile Connect,https://textileconnect.com/directory/
"Vartest Laboratories, Inc.",New York,NY,https://textileconnect.com/directory/vartest-laboratories-inc/,https://textileconnect.com/directory/vartest-laboratories-inc/,https://textileconnect.com/directory/vartest-laboratories-inc/,,,manufacturer,Textile Connect: apparel-and-product-manufacturing,Contact for quote,Textile Connect,https://textileconnect.com/directory/
V C Mfg Co Inc,Cameron,NC,https://textileconnect.com/directory/v-c-mfg-co-inc/,https://textileconnect.com/directory/v-c-mfg-co-inc/,https://textileconnect.com/directory/v-c-mfg-co-inc/,,,manufacturer,Textile Connect: apparel-and-product-manufacturing,Contact for quote,Textile Connect,https://textileconnect.com/directory/
V Dells Garments,Louisburg,NC,https://textileconnect.com/directory/v-dells-garments/,https://textileconnect.com/directory/v-dells-garments/,https://textileconnect.com/directory/v-dells-garments/,,,manufacturer,Textile Connect: apparel-and-product-manufacturing,Contact for quote,Textile Connect,https://textileconnect.com/directory/
Vector Shirts,Hamlet,NC,https://textileconnect.com/directory/vector-shirts/,https://textileconnect.com/directory/vector-shirts/,https://textileconnect.com/directory/vector-shirts/,,,manufacturer,Textile Connect: apparel-and-product-manufacturing,Contact for quote,Textile Connect,https://textileconnect.com/directory/
Velco Inc,Hickory,NC,https://textileconnect.com/directory/velco-inc/,https://textileconnect.com/directory/velco-inc/,https://textileconnect.com/directory/velco-inc/,,,manufacturer,Textile Connect: apparel-and-product-manufacturing,Contact for quote,Textile Connect,https://textileconnect.com/directory/
Vemarei LLC,Smithtown,NY,https://textileconnect.com/directory/vemarei-llc/,https://textileconnect.com/directory/vemarei-llc/,https://textileconnect.com/directory/vemarei-llc/,,,manufacturer,Textile Connect: apparel-and-product-manufacturing,Contact for quote,Textile Connect,https://textileconnect.com/directory/
Venosan North America Inc,Asheboro,NC,https://textileconnect.com/directory/venosan-north-america-inc/,https://textileconnect.com/directory/venosan-north-america-inc/,https://textileconnect.com/directory/venosan-north-america-inc/,,,manufacturer,Textile Connect: apparel-and-product-manufacturing,Contact for quote,Textile Connect,https://textileconnect.com/directory/
VenTara Corporation / Hi-Tech Fabrics,Fuquay Varina,NC,https://textileconnect.com/directory/ventara-corporation-hi-tech-fabrics/,https://textileconnect.com/directory/ventara-corporation-hi-tech-fabrics/,https://textileconnect.com/directory/ventara-corporation-hi-tech-fabrics/,,,manufacturer,Textile Connect: apparel-and-product-manufacturing,Contact for quote,Textile Connect,https://textileconnect.com/directory/
Venus Thread Inc.,Atlanta,GA,https://textileconnect.com/directory/venus-thread-inc/,https://textileconnect.com/directory/venus-thread-inc/,https://textileconnect.com/directory/venus-thread-inc/,,,manufacturer,Textile Connect: apparel-and-product-manufacturing,Contact for quote,Textile Connect,https://textileconnect.com/directory/
Verena Design Inc,High Point,NC,https://textileconnect.com/directory/verena-design-inc/,https://textileconnect.com/directory/verena-design-inc/,https://textileconnect.com/directory/verena-design-inc/,,,manufacturer,Textile Connect: apparel-and-product-manufacturing,Contact for quote,Textile Connect,https://textileconnect.com/directory/
Versalift Southeast,Graham,NC,https://textileconnect.com/directory/versalift-southeast/,https://textileconnect.com/directory/versalift-southeast/,https://textileconnect.com/directory/versalift-southeast/,,,manufacturer,Textile Connect: apparel-and-product-manufacturing,Contact for quote,Textile Connect,https://textileconnect.com/directory/
Versatile Knits Inc,Clover,SC,https://textileconnect.com/directory/versatile-knits-inc/,https://textileconnect.com/directory/versatile-knits-inc/,https://textileconnect.com/directory/versatile-knits-inc/,,,manufacturer,Textile Connect: apparel-and-product-manufacturing,Contact for quote,Textile Connect,https://textileconnect.com/directory/
Vertical Textiles,Miami,FL,https://textileconnect.com/directory/vertical-textiles/,https://textileconnect.com/directory/vertical-textiles/,https://textileconnect.com/directory/vertical-textiles/,,,manufacturer,Textile Connect: apparel-and-product-manufacturing,Contact for quote,Textile Connect,https://textileconnect.com/directory/
"Veyance Technology, Inc.",Porterdale,GA,https://textileconnect.com/directory/veyance-technology-inc/,https://textileconnect.com/directory/veyance-technology-inc/,https://textileconnect.com/directory/veyance-technology-inc/,,,manufacturer,Textile Connect: apparel-and-product-manufacturing,Contact for quote,Textile Connect,https://textileconnect.com/directory/
VF Corp,Greensboro,NC,https://textileconnect.com/directory/vf-corp/,https://textileconnect.com/directory/vf-corp/,https://textileconnect.com/directory/vf-corp/,,,manufacturer,Textile Connect: apparel-and-product-manufacturing,Contact for quote,Textile Connect,https://textileconnect.com/directory/
VF Jeanswear LP,Mocksville,NC,https://textileconnect.com/directory/vf-jeanswear-lp-3/,https://textileconnect.com/directory/vf-jeanswear-lp-3/,https://textileconnect.com/directory/vf-jeanswear-lp-3/,,,manufacturer,Textile Connect: apparel-and-product-manufacturing,Contact for quote,Textile Connect,https://textileconnect.com/directory/
Victoria’s Rag Patch Inc,Calabash,NC,https://textileconnect.com/directory/victorias-rag-patch-inc/,https://textileconnect.com/directory/victorias-rag-patch-inc/,https://textileconnect.com/directory/victorias-rag-patch-inc/,,,manufacturer,Textile Connect: apparel-and-product-manufacturing,Contact for quote,Textile Connect,https://textileconnect.com/directory/
Victor Mill Inc,Greenville,SC,https://textileconnect.com/directory/victor-mill-inc/,https://textileconnect.com/directory/victor-mill-inc/,https://textileconnect.com/directory/victor-mill-inc/,,,manufacturer,Textile Connect: apparel-and-product-manufacturing,Contact for quote,Textile Connect,https://textileconnect.com/directory/
Vinthu Group LLC,Detroit,MI,https://textileconnect.com/directory/vinthu-group-llc/,https://textileconnect.com/directory/vinthu-group-llc/,https://textileconnect.com/directory/vinthu-group-llc/,,,manufacturer,Textile Connect: apparel-and-product-manufacturing,Contact for quote,Textile Connect,https://textileconnect.com/directory/
Violetta’s Sewing Kit,Charlotte,NC,https://textileconnect.com/directory/violettas-sewing-kit/,https://textileconnect.com/directory/violettas-sewing-kit/,https://textileconnect.com/directory/violettas-sewing-kit/,,,manufacturer,Textile Connect: apparel-and-product-manufacturing,Contact for quote,Textile Connect,https://textileconnect.com/directory/
Vista Products,Hamlet,NC,https://textileconnect.com/directory/vista-products/,https://textileconnect.com/directory/vista-products/,https://textileconnect.com/directory/vista-products/,,,manufacturer,Textile Connect: apparel-and-product-manufacturing,Contact for quote,Textile Connect,https://textileconnect.com/directory/
"Visten Business Services, LLC.",Arden,NC,https://textileconnect.com/directory/visten-business-services-llc/,https://textileconnect.com/directory/visten-business-services-llc/,https://textileconnect.com/directory/visten-business-services-llc/,,,manufacturer,Textile Connect: apparel-and-product-manufacturing,Contact for quote,Textile Connect,https://textileconnect.com/directory/
VitaFlex LLC,Burlington,NC,https://textileconnect.com/directory/vitaflex-llc/,https://textileconnect.com/directory/vitaflex-llc/,https://textileconnect.com/directory/vitaflex-llc/,,,manufacturer,Textile Connect: apparel-and-product-manufacturing,Contact for quote,Textile Connect,https://textileconnect.com/directory/
"Vita Nonwovens, LLC",High Point,NC,https://textileconnect.com/directory/vita-nonwovens-llc/,https://textileconnect.com/directory/vita-nonwovens-llc/,https://textileconnect.com/directory/vita-nonwovens-llc/,,,manufacturer,Textile Connect: apparel-and-product-manufacturing,Contact for quote,Textile Connect,https://textileconnect.com/directory/
Vitel Industries,Des Plaines,IL,https://textileconnect.com/directory/vitel-industries/,https://textileconnect.com/directory/vitel-industries/,https://textileconnect.com/directory/vitel-industries/,,,manufacturer,Textile Connect: apparel-and-product-manufacturing,Contact for quote,Textile Connect,https://textileconnect.com/directory/
W.D. Felder & Co.,Lubbock,TX,https://textileconnect.com/directory/w-d-felder-co/,https://textileconnect.com/directory/w-d-felder-co/,https://textileconnect.com/directory/w-d-felder-co/,,,manufacturer,Textile Connect: apparel-and-product-manufacturing,Contact for quote,Textile Connect,https://textileconnect.com/directory/
W & W Gin Inc,Margarettsville,NC,https://textileconnect.com/directory/w-w-gin-inc/,https://textileconnect.com/directory/w-w-gin-inc/,https://textileconnect.com/directory/w-w-gin-inc/,,,manufacturer,Textile Connect: apparel-and-product-manufacturing,Contact for quote,Textile Connect,https://textileconnect.com/directory/
Wachovia,Charlotte,NC,https://textileconnect.com/directory/wachovia/,https://textileconnect.com/directory/wachovia/,https://textileconnect.com/directory/wachovia/,,,manufacturer,Textile Connect: apparel-and-product-manufacturing,Contact for quote,Textile Connect,https://textileconnect.com/directory/
Wactor & Assoc,Orangeburg,SC,https://textileconnect.com/directory/wactor-assoc/,https://textileconnect.com/directory/wactor-assoc/,https://textileconnect.com/directory/wactor-assoc/,,,manufacturer,Textile Connect: apparel-and-product-manufacturing,Contact for quote,Textile Connect,https://textileconnect.com/directory/
Wade Manufacturing Co,Wadesboro,NC,https://textileconnect.com/directory/wade-manufacturing-co/,https://textileconnect.com/directory/wade-manufacturing-co/,https://textileconnect.com/directory/wade-manufacturing-co/,,,manufacturer,Textile Connect: apparel-and-product-manufacturing,Contact for quote,Textile Connect,https://textileconnect.com/directory/
Walco,Marion,NC,https://textileconnect.com/directory/walco/,https://textileconnect.com/directory/walco/,https://textileconnect.com/directory/walco/,,,manufacturer,Textile Connect: apparel-and-product-manufacturing,Contact for quote,Textile Connect,https://textileconnect.com/directory/
Walcot Trading Co.,Memphis,TN,https://textileconnect.com/directory/walcot-trading-co/,https://textileconnect.com/directory/walcot-trading-co/,https://textileconnect.com/directory/walcot-trading-co/,,,manufacturer,Textile Connect: apparel-and-product-manufacturing,Contact for quote,Textile Connect,https://textileconnect.com/directory/
"Wald-Tex, Inc.",New York,NY,https://textileconnect.com/directory/wald-tex-inc/,https://textileconnect.com/directory/wald-tex-inc/,https://textileconnect.com/directory/wald-tex-inc/,,,manufacturer,Textile Connect: apparel-and-product-manufacturing,Contact for quote,Textile Connect,https://textileconnect.com/directory/
Wales Fabrics Knit Goods,Clover,SC,https://textileconnect.com/directory/wales-fabrics-knit-goods/,https://textileconnect.com/directory/wales-fabrics-knit-goods/,https://textileconnect.com/directory/wales-fabrics-knit-goods/,,,manufacturer,Textile Connect: apparel-and-product-manufacturing,Contact for quote,Textile Connect,https://textileconnect.com/directory/
Walker’s Draperies & Interiors,Durham,NC,https://textileconnect.com/directory/walkers-draperies-interiors/,https://textileconnect.com/directory/walkers-draperies-interiors/,https://textileconnect.com/directory/walkers-draperies-interiors/,,,manufacturer,Textile Connect: apparel-and-product-manufacturing,Contact for quote,Textile Connect,https://textileconnect.com/directory/
Walter Reynolds,Lincolnton,NC,https://textileconnect.com/directory/walter-reynolds/,https://textileconnect.com/directory/walter-reynolds/,https://textileconnect.com/directory/walter-reynolds/,,,manufacturer,Textile Connect: apparel-and-product-manufacturing,Contact for quote,Textile Connect,https://textileconnect.com/directory/
Waltrich Plastic Corp.,Walthourville,GA,https://textileconnect.com/directory/waltrich-plastic-corp/,https://textileconnect.com/directory/waltrich-plastic-corp/,https://textileconnect.com/directory/waltrich-plastic-corp/,,,manufacturer,Textile Connect: apparel-and-product-manufacturing,Contact for quote,Textile Connect,https://textileconnect.com/directory/
Ward’s Awning Co,Greensboro,NC,https://textileconnect.com/directory/wards-awning-co/,https://textileconnect.com/directory/wards-awning-co/,https://textileconnect.com/directory/wards-awning-co/,,,manufacturer,Textile Connect: apparel-and-product-manufacturing,Contact for quote,Textile Connect,https://textileconnect.com/directory/
Ward & Nixon Cotton Gin Inc,Winfall,NC,https://textileconnect.com/directory/ward-nixon-cotton-gin-inc/,https://textileconnect.com/directory/ward-nixon-cotton-gin-inc/,https://textileconnect.com/directory/ward-nixon-cotton-gin-inc/,,,manufacturer,Textile Connect: apparel-and-product-manufacturing,Contact for quote,Textile Connect,https://textileconnect.com/directory/
Ward Hosiery Co.,Hickory,NC,https://textileconnect.com/directory/ward-hosiery-co/,https://textileconnect.com/directory/ward-hosiery-co/,https://textileconnect.com/directory/ward-hosiery-co/,,,manufacturer,Textile Connect: apparel-and-product-manufacturing,Contact for quote,Textile Connect,https://textileconnect.com/directory/
Warmilu,Ann Arbor,MI,https://textileconnect.com/directory/warmilu/,https://textileconnect.com/directory/warmilu/,https://textileconnect.com/directory/warmilu/,,,manufacturer,Textile Connect: apparel-and-product-manufacturing,Contact for quote,Textile Connect,https://textileconnect.com/directory/
WARP Development Corp,Monroe,NC,https://textileconnect.com/directory/warp-development-corp/,https://textileconnect.com/directory/warp-development-corp/,https://textileconnect.com/directory/warp-development-corp/,,,manufacturer,Textile Connect: apparel-and-product-manufacturing,Contact for quote,Textile Connect,https://textileconnect.com/directory/
Warp Knit Mills,Lincolnton,NC,https://textileconnect.com/directory/warp-knit-mills/,https://textileconnect.com/directory/warp-knit-mills/,https://textileconnect.com/directory/warp-knit-mills/,,,manufacturer,Textile Connect: apparel-and-product-manufacturing,Contact for quote,Textile Connect,https://textileconnect.com/directory/
Warp Technologies Inc,Holly Springs,NC,https://textileconnect.com/directory/warp-technologies-inc/,https://textileconnect.com/directory/warp-technologies-inc/,https://textileconnect.com/directory/warp-technologies-inc/,,,manufacturer,Textile Connect: apparel-and-product-manufacturing,Contact for quote,Textile Connect,https://textileconnect.com/directory/
Warptek LLC,Wellford,SC,https://textileconnect.com/directory/warptek-llc/,https://textileconnect.com/directory/warptek-llc/,https://textileconnect.com/directory/warptek-llc/,,,manufacturer,Textile Connect: apparel-and-product-manufacturing,Contact for quote,Textile Connect,https://textileconnect.com/directory/
Warren Corporation,Stafford Springs,CT,https://textileconnect.com/directory/warren-corporation/,https://textileconnect.com/directory/warren-corporation/,https://textileconnect.com/directory/warren-corporation/,,,manufacturer,Textile Connect: apparel-and-product-manufacturing,Contact for quote,Textile Connect,https://textileconnect.com/directory/
Washburn & Co,Roebuck,SC,https://textileconnect.com/directory/washburn-co/,https://textileconnect.com/directory/washburn-co/,https://textileconnect.com/directory/washburn-co/,,,manufacturer,Textile Connect: apparel-and-product-manufacturing,Contact for quote,Textile Connect,https://textileconnect.com/directory/
Washington Garment Dyeing,Los Angeles,CA,https://textileconnect.com/directory/washington-garment-dyeing/,https://textileconnect.com/directory/washington-garment-dyeing/,https://textileconnect.com/directory/washington-garment-dyeing/,,,manufacturer,Textile Connect: apparel-and-product-manufacturing,Contact for quote,Textile Connect,https://textileconnect.com/directory/
Washington Penn Plastics,Charlotte,NC,https://textileconnect.com/directory/washington-penn-plastics/,https://textileconnect.com/directory/washington-penn-plastics/,https://textileconnect.com/directory/washington-penn-plastics/,,,manufacturer,Textile Connect: apparel-and-product-manufacturing,Contact for quote,Textile Connect,https://textileconnect.com/directory/
WaterLand Canvas,Charleston,SC,https://textileconnect.com/directory/waterland-canvas/,https://textileconnect.com/directory/waterland-canvas/,https://textileconnect.com/directory/waterland-canvas/,,,manufacturer,Textile Connect: apparel-and-product-manufacturing,Contact for quote,Textile Connect,https://textileconnect.com/directory/
Waters Sail,Lexington,SC,https://textileconnect.com/directory/waters-sail/,https://textileconnect.com/directory/waters-sail/,https://textileconnect.com/directory/waters-sail/,,,manufacturer,Textile Connect: apparel-and-product-manufacturing,Contact for quote,Textile Connect,https://textileconnect.com/directory/
Waverly Mills Inc,Laurinburg,NC,https://textileconnect.com/directory/waverly-mills-inc/,https://textileconnect.com/directory/waverly-mills-inc/,https://textileconnect.com/directory/waverly-mills-inc/,,,manufacturer,Textile Connect: apparel-and-product-manufacturing,Contact for quote,Textile Connect,https://textileconnect.com/directory/
"Wayne Mills Co., Inc.",Philadelphia,PA,https://textileconnect.com/directory/wayne-mills-co-inc/,https://textileconnect.com/directory/wayne-mills-co-inc/,https://textileconnect.com/directory/wayne-mills-co-inc/,,,manufacturer,Textile Connect: apparel-and-product-manufacturing,Contact for quote,Textile Connect,https://textileconnect.com/directory/
Wayne Mills Co. Inc.,Philadelphia,PA,https://textileconnect.com/directory/wayne-mills-co-inc-2/,https://textileconnect.com/directory/wayne-mills-co-inc-2/,https://textileconnect.com/directory/wayne-mills-co-inc-2/,,,manufacturer,Textile Connect: apparel-and-product-manufacturing,Contact for quote,Textile Connect,https://textileconnect.com/directory/
WB Fashions,Aheville,NC,https://textileconnect.com/directory/wb-fashions/,https://textileconnect.com/directory/wb-fashions/,https://textileconnect.com/directory/wb-fashions/,,,manufacturer,Textile Connect: apparel-and-product-manufacturing,Contact for quote,Textile Connect,https://textileconnect.com/directory/
WC & R INTERESTS LLC,Fletcher,NC,https://textileconnect.com/directory/wc-r-interests-llc/,https://textileconnect.com/directory/wc-r-interests-llc/,https://textileconnect.com/directory/wc-r-interests-llc/,,,manufacturer,Textile Connect: apparel-and-product-manufacturing,Contact for quote,Textile Connect,https://textileconnect.com/directory/
WCI Group,Cary,NC,https://textileconnect.com/directory/wci-group/,https://textileconnect.com/directory/wci-group/,https://textileconnect.com/directory/wci-group/,,,manufacturer,Textile Connect: apparel-and-product-manufacturing,Contact for quote,Textile Connect,https://textileconnect.com/directory/
Wea Furniture Co,Hickory,NC,https://textileconnect.com/directory/wea-furniture-co/,https://textileconnect.com/directory/wea-furniture-co/,https://textileconnect.com/directory/wea-furniture-co/,,,manufacturer,Textile Connect: apparel-and-product-manufacturing,Contact for quote,Textile Connect,https://textileconnect.com/directory/
Weavetec Inc,Blacksburg,SC,https://textileconnect.com/directory/weavetec-inc/,https://textileconnect.com/directory/weavetec-inc/,https://textileconnect.com/directory/weavetec-inc/,,,manufacturer,Textile Connect: apparel-and-product-manufacturing,Contact for quote,Textile Connect,https://textileconnect.com/directory/
Weavexx Corp,Youngsville,NC,https://textileconnect.com/directory/weavexx-corp/,https://textileconnect.com/directory/weavexx-corp/,https://textileconnect.com/directory/weavexx-corp/,,,manufacturer,Textile Connect: apparel-and-product-manufacturing,Contact for quote,Textile Connect,https://textileconnect.com/directory/
Webtech Inc,Spartanburg,SC,https://textileconnect.com/directory/webtech-inc/,https://textileconnect.com/directory/webtech-inc/,https://textileconnect.com/directory/webtech-inc/,,,manufacturer,Textile Connect: apparel-and-product-manufacturing,Contact for quote,Textile Connect,https://textileconnect.com/directory/
Webtec Inc,Charlotte,NC,https://textileconnect.com/directory/webtec-inc/,https://textileconnect.com/directory/webtec-inc/,https://textileconnect.com/directory/webtec-inc/,,,manufacturer,Textile Connect: apparel-and-product-manufacturing,Contact for quote,Textile Connect,https://textileconnect.com/directory/
W E Daye,Durham,NC,https://textileconnect.com/directory/w-e-daye/,https://textileconnect.com/directory/w-e-daye/,https://textileconnect.com/directory/w-e-daye/,,,manufacturer,Textile Connect: apparel-and-product-manufacturing,Contact for quote,Textile Connect,https://textileconnect.com/directory/
Wedding Accessories,Rural Hall,NC,https://textileconnect.com/directory/wedding-accessories/,https://textileconnect.com/directory/wedding-accessories/,https://textileconnect.com/directory/wedding-accessories/,,,manufacturer,Textile Connect: apparel-and-product-manufacturing,Contact for quote,Textile Connect,https://textileconnect.com/directory/
Weeks Dye Works,Garner,NC,https://textileconnect.com/directory/weeks-dye-works/,https://textileconnect.com/directory/weeks-dye-works/,https://textileconnect.com/directory/weeks-dye-works/,,,manufacturer,Textile Connect: apparel-and-product-manufacturing,Contact for quote,Textile Connect,https://textileconnect.com/directory/
Weldon Gin Co,Weldon,NC,https://textileconnect.com/directory/weldon-gin-co/,https://textileconnect.com/directory/weldon-gin-co/,https://textileconnect.com/directory/weldon-gin-co/,,,manufacturer,Textile Connect: apparel-and-product-manufacturing,Contact for quote,Textile Connect,https://textileconnect.com/directory/
"Wellman Plastics Recycling, LLC",Johnsonville,SC,https://textileconnect.com/directory/wellman-plastics-recycling-llc/,https://textileconnect.com/directory/wellman-plastics-recycling-llc/,https://textileconnect.com/directory/wellman-plastics-recycling-llc/,,,manufacturer,Textile Connect: apparel-and-product-manufacturing,Contact for quote,Textile Connect,https://textileconnect.com/directory/
"Wellmark, LLC.",Asheboro,NC,https://textileconnect.com/directory/wellmark-llc/,https://textileconnect.com/directory/wellmark-llc/,https://textileconnect.com/directory/wellmark-llc/,,,manufacturer,Textile Connect: apparel-and-product-manufacturing,Contact for quote,Textile Connect,https://textileconnect.com/directory/
"Wells Hosiery Mills, Inc.",Asheboro,NC,https://textileconnect.com/directory/wells-hosiery-mills-inc/,https://textileconnect.com/directory/wells-hosiery-mills-inc/,https://textileconnect.com/directory/wells-hosiery-mills-inc/,,,manufacturer,Textile Connect: apparel-and-product-manufacturing,Contact for quote,Textile Connect,https://textileconnect.com/directory/
Wellstone Mills LLC,Greenville,SC,https://textileconnect.com/directory/wellstone-mills-llc/,https://textileconnect.com/directory/wellstone-mills-llc/,https://textileconnect.com/directory/wellstone-mills-llc/,,,manufacturer,Textile Connect: apparel-and-product-manufacturing,Contact for quote,Textile Connect,https://textileconnect.com/directory/
Wendell Fabrics Corporation,Blacksburg,SC,https://textileconnect.com/directory/wendell-fabrics-corporation/,https://textileconnect.com/directory/wendell-fabrics-corporation/,https://textileconnect.com/directory/wendell-fabrics-corporation/,,,manufacturer,Textile Connect: apparel-and-product-manufacturing,Contact for quote,Textile Connect,https://textileconnect.com/directory/
Werner Mathis USA Inc,Concord,NC,https://textileconnect.com/directory/werner-mathis-usa-inc/,https://textileconnect.com/directory/werner-mathis-usa-inc/,https://textileconnect.com/directory/werner-mathis-usa-inc/,,,manufacturer,Textile Connect: apparel-and-product-manufacturing,Contact for quote,Textile Connect,https://textileconnect.com/directory/
Wes-Co Enterprises,Granite Falls,NC,https://textileconnect.com/directory/wes-co-enterprises/,https://textileconnect.com/directory/wes-co-enterprises/,https://textileconnect.com/directory/wes-co-enterprises/,,,manufacturer,Textile Connect: apparel-and-product-manufacturing,Contact for quote,Textile Connect,https://textileconnect.com/directory/
X-Rite,Greensboro,NC,https://textileconnect.com/directory/x-rite/,https://textileconnect.com/directory/x-rite/,https://textileconnect.com/directory/x-rite/,,,manufacturer,Textile Connect: apparel-and-product-manufacturing,Contact for quote,Textile Connect,https://textileconnect.com/directory/
"Xanofi, Inc.",Raleigh,NC,https://textileconnect.com/directory/xanofi-inc/,https://textileconnect.com/directory/xanofi-inc/,https://textileconnect.com/directory/xanofi-inc/,,,manufacturer,Textile Connect: apparel-and-product-manufacturing,Contact for quote,Textile Connect,https://textileconnect.com/directory/
Xerium Technologies Inc,Youngsville,NC,https://textileconnect.com/directory/xerium-technologies-inc/,https://textileconnect.com/directory/xerium-technologies-inc/,https://textileconnect.com/directory/xerium-technologies-inc/,,,manufacturer,Textile Connect: apparel-and-product-manufacturing,Contact for quote,Textile Connect,https://textileconnect.com/directory/
"Yangtex, S.A.",,,https://textileconnect.com/directory/yangtex-s-a/,https://textileconnect.com/directory/yangtex-s-a/,https://textileconnect.com/directory/yangtex-s-a/,,,manufacturer,Textile Connect: apparel-and-product-manufacturing,Contact for quote,Textile Connect,https://textileconnect.com/directory/
Yarnex Inc,Columbia,SC,https://textileconnect.com/directory/yarnex-inc/,https://textileconnect.com/directory/yarnex-inc/,https://textileconnect.com/directory/yarnex-inc/,,,manufacturer,Textile Connect: apparel-and-product-manufacturing,Contact for quote,Textile Connect,https://textileconnect.com/directory/
Yarn Mavens Inc.,New York,NY,https://textileconnect.com/directory/yarn-mavens-inc/,https://textileconnect.com/directory/yarn-mavens-inc/,https://textileconnect.com/directory/yarn-mavens-inc/,,,manufacturer,Textile Connect: apparel-and-product-manufacturing,Contact for quote,Textile Connect,https://textileconnect.com/directory/
Yarn Sales Corp.,Hillsborough,NJ,https://textileconnect.com/directory/yarn-sales-corp/,https://textileconnect.com/directory/yarn-sales-corp/,https://textileconnect.com/directory/yarn-sales-corp/,,,manufacturer,Textile Connect: apparel-and-product-manufacturing,Contact for quote,Textile Connect,https://textileconnect.com/directory/
Yarntex Corp,Gastonia,NC,https://textileconnect.com/directory/yarntex-corp/,https://textileconnect.com/directory/yarntex-corp/,https://textileconnect.com/directory/yarntex-corp/,,,manufacturer,Textile Connect: apparel-and-product-manufacturing,Contact for quote,Textile Connect,https://textileconnect.com/directory/
Yarrington Mills Corp.,Hatboro,PA,https://textileconnect.com/directory/yarrington-mills-corp/,https://textileconnect.com/directory/yarrington-mills-corp/,https://textileconnect.com/directory/yarrington-mills-corp/,,,manufacturer,Textile Connect: apparel-and-product-manufacturing,Contact for quote,Textile Connect,https://textileconnect.com/directory/
Yates Bleachery Co.,Flintstone,GA,https://textileconnect.com/directory/yates-bleachery-co/,https://textileconnect.com/directory/yates-bleachery-co/,https://textileconnect.com/directory/yates-bleachery-co/,,,manufacturer,Textile Connect: apparel-and-product-manufacturing,Contact for quote,Textile Connect,https://textileconnect.com/directory/
Yates Johnson & Co. Inc.,Spartanburg,SC,https://textileconnect.com/directory/yates-johnson-co-inc/,https://textileconnect.com/directory/yates-johnson-co-inc/,https://textileconnect.com/directory/yates-johnson-co-inc/,,,manufacturer,Textile Connect: apparel-and-product-manufacturing,Contact for quote,Textile Connect,https://textileconnect.com/directory/
Yellow Dog Design,Greensboro,NC,https://textileconnect.com/directory/yellow-dog-design/,https://textileconnect.com/directory/yellow-dog-design/,https://textileconnect.com/directory/yellow-dog-design/,,,manufacturer,Textile Connect: apparel-and-product-manufacturing,Contact for quote,Textile Connect,https://textileconnect.com/directory/
Yin USA,Dallas,TX,https://textileconnect.com/directory/yin-usa/,https://textileconnect.com/directory/yin-usa/,https://textileconnect.com/directory/yin-usa/,,,manufacturer,Textile Connect: apparel-and-product-manufacturing,Contact for quote,Textile Connect,https://textileconnect.com/directory/
"YKK USA, Inc.",Macon,GA,https://textileconnect.com/directory/ykk-usa-inc/,https://textileconnect.com/directory/ykk-usa-inc/,https://textileconnect.com/directory/ykk-usa-inc/,,,manufacturer,Textile Connect: apparel-and-product-manufacturing,Contact for quote,Textile Connect,https://textileconnect.com/directory/
YKKUSA Inc (Greensboro),Greensboro,NC,https://textileconnect.com/directory/ykkusa-inc-greensboro/,https://textileconnect.com/directory/ykkusa-inc-greensboro/,https://textileconnect.com/directory/ykkusa-inc-greensboro/,,,manufacturer,Textile Connect: apparel-and-product-manufacturing,Contact for quote,Textile Connect,https://textileconnect.com/directory/
YLI Corp,Rock Hill,SC,https://textileconnect.com/directory/yli-corp/,https://textileconnect.com/directory/yli-corp/,https://textileconnect.com/directory/yli-corp/,,,manufacturer,Textile Connect: apparel-and-product-manufacturing,Contact for quote,Textile Connect,https://textileconnect.com/directory/
Yolanda’s Sewing Basket,High Point,NC,https://textileconnect.com/directory/yolandas-sewing-basket/,https://textileconnect.com/directory/yolandas-sewing-basket/,https://textileconnect.com/directory/yolandas-sewing-basket/,,,manufacturer,Textile Connect: apparel-and-product-manufacturing,Contact for quote,Textile Connect,https://textileconnect.com/directory/
York Distribution Svc,High Point,NC,https://textileconnect.com/directory/york-distribution-svc/,https://textileconnect.com/directory/york-distribution-svc/,https://textileconnect.com/directory/york-distribution-svc/,,,manufacturer,Textile Connect: apparel-and-product-manufacturing,Contact for quote,Textile Connect,https://textileconnect.com/directory/
Young Dress Maker & Alterations,Charlotte,NC,https://textileconnect.com/directory/young-dress-maker-alterations/,https://textileconnect.com/directory/young-dress-maker-alterations/,https://textileconnect.com/directory/young-dress-maker-alterations/,,,manufacturer,Textile Connect: apparel-and-product-manufacturing,Contact for quote,Textile Connect,https://textileconnect.com/directory/
Young Trading,Lexington,NC,https://textileconnect.com/directory/young-trading/,https://textileconnect.com/directory/young-trading/,https://textileconnect.com/directory/young-trading/,,,manufacturer,Textile Connect: apparel-and-product-manufacturing,Contact for quote,Textile Connect,https://textileconnect.com/directory/
Your Premium Products de Honduras S.A. de C.V.,,,https://textileconnect.com/directory/your-premium-products-de-honduras-s-a-de-c-v/,https://textileconnect.com/directory/your-premium-products-de-honduras-s-a-de-c-v/,https://textileconnect.com/directory/your-premium-products-de-honduras-s-a-de-c-v/,,,manufacturer,Textile Connect: apparel-and-product-manufacturing,Contact for quote,Textile Connect,https://textileconnect.com/directory/
YU Apparel Corporation/YOU Compression Wear,Conover,NC,https://textileconnect.com/directory/yu-apparel-corporation-you-compression-wear/,https://textileconnect.com/directory/yu-apparel-corporation-you-compression-wear/,https://textileconnect.com/directory/yu-apparel-corporation-you-compression-wear/,,,manufacturer,Textile Connect: apparel-and-product-manufacturing,Contact for quote,Textile Connect,https://textileconnect.com/directory/
Yukiya 2,Spring Lake,NC,https://textileconnect.com/directory/yukiya-2/,https://textileconnect.com/directory/yukiya-2/,https://textileconnect.com/directory/yukiya-2/,,,manufacturer,Textile Connect: apparel-and-product-manufacturing,Contact for quote,Textile Connect,https://textileconnect.com/directory/
Yvonne’s Alterations Shop,Hickory,NC,https://textileconnect.com/directory/yvonnes-alterations-shop/,https://textileconnect.com/directory/yvonnes-alterations-shop/,https://textileconnect.com/directory/yvonnes-alterations-shop/,,,manufacturer,Textile Connect: apparel-and-product-manufacturing,Contact for quote,Textile Connect,https://textileconnect.com/directory/
Z-Tex Inc,High Point,NC,https://textileconnect.com/directory/z-tex-inc/,https://textileconnect.com/directory/z-tex-inc/,https://textileconnect.com/directory/z-tex-inc/,,,manufacturer,Textile Connect: apparel-and-product-manufacturing,Contact for quote,Textile Connect,https://textileconnect.com/directory/
Zabcord S.A. de C.V.,,,https://textileconnect.com/directory/zabcord-s-a-de-c-v/,https://textileconnect.com/directory/zabcord-s-a-de-c-v/,https://textileconnect.com/directory/zabcord-s-a-de-c-v/,,,manufacturer,Textile Connect: apparel-and-product-manufacturing,Contact for quote,Textile Connect,https://textileconnect.com/directory/
Zach Hosiery,Thomasville,NC,https://textileconnect.com/directory/zach-hosiery/,https://textileconnect.com/directory/zach-hosiery/,https://textileconnect.com/directory/zach-hosiery/,,,manufacturer,Textile Connect: apparel-and-product-manufacturing,Contact for quote,Textile Connect,https://textileconnect.com/directory/
Zambaiti USA Inc,Spartanburg,SC,https://textileconnect.com/directory/zambaiti-usa-inc/,https://textileconnect.com/directory/zambaiti-usa-inc/,https://textileconnect.com/directory/zambaiti-usa-inc/,,,manufacturer,Textile Connect: apparel-and-product-manufacturing,Contact for quote,Textile Connect,https://textileconnect.com/directory/
Zebra Custom Designs,Sumter,SC,https://textileconnect.com/directory/zebra-custom-designs/,https://textileconnect.com/directory/zebra-custom-designs/,https://textileconnect.com/directory/zebra-custom-designs/,,,manufacturer,Textile Connect: apparel-and-product-manufacturing,Contact for quote,Textile Connect,https://textileconnect.com/directory/
Zenith Engraving Co Inc,Chester,SC,https://textileconnect.com/directory/zenith-engraving-co-inc/,https://textileconnect.com/directory/zenith-engraving-co-inc/,https://textileconnect.com/directory/zenith-engraving-co-inc/,,,manufacturer,Textile Connect: apparel-and-product-manufacturing,Contact for quote,Textile Connect,https://textileconnect.com/directory/
Zenobia Studio,Asheville,NC,https://textileconnect.com/directory/zenobia-studio/,https://textileconnect.com/directory/zenobia-studio/,https://textileconnect.com/directory/zenobia-studio/,,,manufacturer,Textile Connect: apparel-and-product-manufacturing,Contact for quote,Textile Connect,https://textileconnect.com/directory/
Zens Manufacturing Inc.,"Milwauke, WI",WI,https://textileconnect.com/directory/zens-manufacturing-inc/,https://textileconnect.com/directory/zens-manufacturing-inc/,https://textileconnect.com/directory/zens-manufacturing-inc/,,,manufacturer,Textile Connect: apparel-and-product-manufacturing,Contact for quote,Textile Connect,https://textileconnect.com/directory/
"Zeus, Inc.",Orangeburg,SC,https://textileconnect.com/directory/zeus-inc/,https://textileconnect.com/directory/zeus-inc/,https://textileconnect.com/directory/zeus-inc/,,,manufacturer,Textile Connect: apparel-and-product-manufacturing,Contact for quote,Textile Connect,https://textileconnect.com/directory/
Zibo’s Inc,High Point,NC,https://textileconnect.com/directory/zibos-inc/,https://textileconnect.com/directory/zibos-inc/,https://textileconnect.com/directory/zibos-inc/,,,manufacturer,Textile Connect: apparel-and-product-manufacturing,Contact for quote,Textile Connect,https://textileconnect.com/directory/
Zilingo Pte Ltd (Singapore),15-24/25,,https://textileconnect.com/directory/zilingo-pte-ltd-singapore/,https://textileconnect.com/directory/zilingo-pte-ltd-singapore/,https://textileconnect.com/directory/zilingo-pte-ltd-singapore/,,,manufacturer,Textile Connect: apparel-and-product-manufacturing,Contact for quote,Textile Connect,https://textileconnect.com/directory/
Zimmer America Corporation,Cowpens,SC,https://textileconnect.com/directory/zimmer-america-corporation/,https://textileconnect.com/directory/zimmer-america-corporation/,https://textileconnect.com/directory/zimmer-america-corporation/,,,manufacturer,Textile Connect: apparel-and-product-manufacturing,Contact for quote,Textile Connect,https://textileconnect.com/directory/
Zimmer Carolinas,Cary,NC,https://textileconnect.com/directory/zimmer-carolinas/,https://textileconnect.com/directory/zimmer-carolinas/,https://textileconnect.com/directory/zimmer-carolinas/,,,manufacturer,Textile Connect: apparel-and-product-manufacturing,Contact for quote,Textile Connect,https://textileconnect.com/directory/
Zimmerman Co,Columbia,SC,https://textileconnect.com/directory/zimmerman-co/,https://textileconnect.com/directory/zimmerman-co/,https://textileconnect.com/directory/zimmerman-co/,,,manufacturer,Textile Connect: apparel-and-product-manufacturing,Contact for quote,Textile Connect,https://textileconnect.com/directory/
Zimmer Orthopaedic Surgical,Statesville,NC,https://textileconnect.com/directory/zimmer-orthopaedic-surgical/,https://textileconnect.com/directory/zimmer-orthopaedic-surgical/,https://textileconnect.com/directory/zimmer-orthopaedic-surgical/,,,manufacturer,Textile Connect: apparel-and-product-manufacturing,Contact for quote,Textile Connect,https://textileconnect.com/directory/
Zipper Consultants & Zipper,Raleigh,NC,https://textileconnect.com/directory/zipper-consultants-zipper/,https://textileconnect.com/directory/zipper-consultants-zipper/,https://textileconnect.com/directory/zipper-consultants-zipper/,,,manufacturer,Textile Connect: apparel-and-product-manufacturing,Contact for quote,Textile Connect,https://textileconnect.com/directory/
Zipper Cord Corp.,Allentown,PA,https://textileconnect.com/directory/zipper-cord-corp/,https://textileconnect.com/directory/zipper-cord-corp/,https://textileconnect.com/directory/zipper-cord-corp/,,,manufacturer,Textile Connect: apparel-and-product-manufacturing,Contact for quote,Textile Connect,https://textileconnect.com/directory/
Zucker Feather Products,California,MO,https://textileconnect.com/directory/zucker-feather-products/,https://textileconnect.com/directory/zucker-feather-products/,https://textileconnect.com/directory/zucker-feather-products/,,,manufacturer,Textile Connect: apparel-and-product-manufacturing,Contact for quote,Textile Connect,https://textileconnect.com/directory/
"Zuiko, Inc.",Norcross,GA,https://textileconnect.com/directory/zuiko-inc/,https://textileconnect.com/directory/zuiko-inc/,https://textileconnect.com/directory/zuiko-inc/,,,manufacturer,Textile Connect: apparel-and-product-manufacturing,Contact for quote,Textile Connect,https://textileconnect.com/directory/
Zust Inc,Spartanburg,SC,https://textileconnect.com/directory/zust-inc/,https://textileconnect.com/directory/zust-inc/,https://textileconnect.com/directory/zust-inc/,,,manufacturer,Textile Connect: apparel-and-product-manufacturing,Contact for quote,Textile Connect,https://textileconnect.com/directory/
Stitch K,"Stitch K 
 
							   Los Angeles",CA,https://www.stitchk.com/,https://www.stitchk.com/,https://www.stitchk.com/,323,,cut_and_sew,Cotton Inc cut & sew,Contact for quote,Cotton Incorporated,https://www.cottoninc.com/quality-products/textile-sourcing/cut-and-sew/
First Avenue Manufacturing,"First Avenue Manufacturing 
 
							   Thomson",GA,https://www.usa-linens.com,https://www.usa-linens.com,https://www.usa-linens.com,,,cut_and_sew,Cotton Inc cut & sew,Contact for quote,Cotton Incorporated,https://www.cottoninc.com/quality-products/textile-sourcing/cut-and-sew/
Topps Safety Apparel Inc.,Rochester,IN,http://www.toppssafetyapparel.com/,http://www.toppssafetyapparel.com/,http://www.toppssafetyapparel.com/,574,,cut_and_sew,Cotton Inc cut & sew,Contact for quote,Cotton Incorporated,https://www.cottoninc.com/quality-products/textile-sourcing/cut-and-sew/
JOMEL Seams Reasonable,"JOMEL Seams Reasonable 
 
							   Burkesville",KY,https://jomel.net/,https://jomel.net/,https://jomel.net/,973,,cut_and_sew,Cotton Inc cut & sew,Contact for quote,Cotton Incorporated,https://www.cottoninc.com/quality-products/textile-sourcing/cut-and-sew/
"Hillside, NJ",Hillside,NJ,https://jomel.net/,https://jomel.net/,https://jomel.net/,973,,cut_and_sew,Cotton Inc cut & sew,Contact for quote,Cotton Incorporated,https://www.cottoninc.com/quality-products/textile-sourcing/cut-and-sew/
Fire-Dex,"South Progress Drive 
Medina",OH,https://www.firedex.com/,https://www.firedex.com/,https://www.firedex.com/,330,,cut_and_sew,Cotton Inc cut & sew,Contact for quote,Cotton Incorporated,https://www.cottoninc.com/quality-products/textile-sourcing/cut-and-sew/
"Sarah Lynn Sportswear, Inc.",Allentown,PA,http://www.slsportswear.com/,http://www.slsportswear.com/,http://www.slsportswear.com/,610,,cut_and_sew,Cotton Inc cut & sew,Contact for quote,Cotton Incorporated,https://www.cottoninc.com/quality-products/textile-sourcing/cut-and-sew/
Monalisa Manufacturing,"East Green Street  
Allentown",PA,http://www.monalisamfg.com/,http://www.monalisamfg.com/,http://www.monalisamfg.com/,610,,cut_and_sew,Cotton Inc cut & sew,Contact for quote,Cotton Incorporated,https://www.cottoninc.com/quality-products/textile-sourcing/cut-and-sew/
Excel Manufacturing,"Frutas Avenue  
El Paso",TX,http://www.excelmfg.net/,http://www.excelmfg.net/,http://www.excelmfg.net/,915,,cut_and_sew,Cotton Inc cut & sew,Contact for quote,Cotton Incorporated,https://www.cottoninc.com/quality-products/textile-sourcing/cut-and-sew/
Lebanon Apparel Corporation dba LA CORP,"Thornhill Drive  
Lebanon",VA,http://www.lacorpusa.com/,http://www.lacorpusa.com/,http://www.lacorpusa.com/,276,,cut_and_sew,Cotton Inc cut & sew,Contact for quote,Cotton Incorporated,https://www.cottoninc.com/quality-products/textile-sourcing/cut-and-sew/
First Avenue Manufacturing,"First Avenue Manufacturing 
 
						   Thomson",GA,https://www.usa-linens.com,https://www.usa-linens.com,https://www.usa-linens.com,,,cut_and_sew,Cotton Inc cut & sew,Contact for quote,Cotton Incorporated,https://www.cottoninc.com/quality-products/textile-sourcing/cut-and-sew/
JOMEL Seams Reasonable,"JOMEL Seams Reasonable 
 
						   Burkesville",KY,https://jomel.net/,https://jomel.net/,https://jomel.net/,973,,cut_and_sew,Cotton Inc cut & sew,Contact for quote,Cotton Incorporated,https://www.cottoninc.com/quality-products/textile-sourcing/cut-and-sew/
Stitch K,"Stitch K 
 
						   Los Angeles",CA,https://www.stitchk.com/,https://www.stitchk.com/,https://www.stitchk.com/,323,,cut_and_sew,Cotton Inc cut & sew,Contact for quote,Cotton Incorporated,https://www.cottoninc.com/quality-products/textile-sourcing/cut-and-sew/
"Accent Awnings, Inc.",Andrews,NC,https://www.manufacturednc.com/Accent-Awnings-Inc,https://www.manufacturednc.com/Accent-Awnings-Inc,https://www.manufacturednc.com/Accent-Awnings-Inc,,,manufacturer,ManufacturedNC,Contact for quote,ManufacturedNC,https://www.manufacturednc.com/
Acme-McCrary Corporation,Asheboro,NC,https://www.manufacturednc.com/Acme-McCrary,https://www.manufacturednc.com/Acme-McCrary,https://www.manufacturednc.com/Acme-McCrary,,,manufacturer,ManufacturedNC,Contact for quote,ManufacturedNC,https://www.manufacturednc.com/
ADALÉI,Raleigh,NC,https://www.manufacturednc.com/adali,https://www.manufacturednc.com/adali,https://www.manufacturednc.com/adali,,,manufacturer,ManufacturedNC,Contact for quote,ManufacturedNC,https://www.manufacturednc.com/
AEC Narrow Fabrics,Asheboro,NC,https://www.manufacturednc.com/AEC-Narrow-Fabrics,https://www.manufacturednc.com/AEC-Narrow-Fabrics,https://www.manufacturednc.com/AEC-Narrow-Fabrics,,,manufacturer,ManufacturedNC,Contact for quote,ManufacturedNC,https://www.manufacturednc.com/
American & Efird LLC,Mt. Holly,NC,https://www.manufacturednc.com/American-and-Efird-LLC,https://www.manufacturednc.com/American-and-Efird-LLC,https://www.manufacturednc.com/American-and-Efird-LLC,,,manufacturer,ManufacturedNC,Contact for quote,ManufacturedNC,https://www.manufacturednc.com/
American Fiber & Finishing,Albemarle,NC,https://www.manufacturednc.com/American-Fiber-and-Finishing,https://www.manufacturednc.com/American-Fiber-and-Finishing,https://www.manufacturednc.com/American-Fiber-and-Finishing,,,manufacturer,ManufacturedNC,Contact for quote,ManufacturedNC,https://www.manufacturednc.com/
"American Technical Solutions, Inc. (ATSI)",Walkertown,NC,https://www.manufacturednc.com/American-Technical-Solutions-Inc,https://www.manufacturednc.com/American-Technical-Solutions-Inc,https://www.manufacturednc.com/American-Technical-Solutions-Inc,,,manufacturer,ManufacturedNC,Contact for quote,ManufacturedNC,https://www.manufacturednc.com/
American Webbing and Fittings,Winston Salem,NC,https://www.manufacturednc.com/american-webbing-and-fittings,https://www.manufacturednc.com/american-webbing-and-fittings,https://www.manufacturednc.com/american-webbing-and-fittings,,,manufacturer,ManufacturedNC,Contact for quote,ManufacturedNC,https://www.manufacturednc.com/
"Amerifab International, Inc.",High Point,NC,https://www.manufacturednc.com/Amerifab-International,https://www.manufacturednc.com/Amerifab-International,https://www.manufacturednc.com/Amerifab-International,,,manufacturer,ManufacturedNC,Contact for quote,ManufacturedNC,https://www.manufacturednc.com/
Apex Mills,Graham,NC,https://www.manufacturednc.com/apex-mills,https://www.manufacturednc.com/apex-mills,https://www.manufacturednc.com/apex-mills,,,manufacturer,ManufacturedNC,Contact for quote,ManufacturedNC,https://www.manufacturednc.com/
Artistic Quilting,High Point,NC,https://www.manufacturednc.com/crawford-industries-inc-dba-artistic-quilting,https://www.manufacturednc.com/crawford-industries-inc-dba-artistic-quilting,https://www.manufacturednc.com/crawford-industries-inc-dba-artistic-quilting,,,manufacturer,ManufacturedNC,Contact for quote,ManufacturedNC,https://www.manufacturednc.com/
Ashton LLC,Gibsonville,NC,https://www.manufacturednc.com/ashton-llc,https://www.manufacturednc.com/ashton-llc,https://www.manufacturednc.com/ashton-llc,,,manufacturer,ManufacturedNC,Contact for quote,ManufacturedNC,https://www.manufacturednc.com/
Avgol Americas,Mocksville,NC,https://www.manufacturednc.com/avgol-americas,https://www.manufacturednc.com/avgol-americas,https://www.manufacturednc.com/avgol-americas,,,manufacturer,ManufacturedNC,Contact for quote,ManufacturedNC,https://www.manufacturednc.com/
Avient Fiber-LIne,"Hickory, 28602 USA",NC,https://www.manufacturednc.com/avient-fiber-line,https://www.manufacturednc.com/avient-fiber-line,https://www.manufacturednc.com/avient-fiber-line,,,manufacturer,ManufacturedNC,Contact for quote,ManufacturedNC,https://www.manufacturednc.com/
"Ballistic Recovery Systems, Inc dba BRS Aerospace",Pinebluff,NC,https://www.manufacturednc.com/Ballistic-Recovery-Systems-Inc,https://www.manufacturednc.com/Ballistic-Recovery-Systems-Inc,https://www.manufacturednc.com/Ballistic-Recovery-Systems-Inc,,,manufacturer,ManufacturedNC,Contact for quote,ManufacturedNC,https://www.manufacturednc.com/
Barnhardt Manufacturing Company,Charlotte,NC,https://www.manufacturednc.com/barnhardt-manufacturing-company,https://www.manufacturednc.com/barnhardt-manufacturing-company,https://www.manufacturednc.com/barnhardt-manufacturing-company,,,manufacturer,ManufacturedNC,Contact for quote,ManufacturedNC,https://www.manufacturednc.com/
Beocare Inc.,Hudson,NC,https://www.manufacturednc.com/Beocare-Inc,https://www.manufacturednc.com/Beocare-Inc,https://www.manufacturednc.com/Beocare-Inc,,,manufacturer,ManufacturedNC,Contact for quote,ManufacturedNC,https://www.manufacturednc.com/
"BIRCH BROS. SOUTHERN, INC.",WAXHAW,NC,https://www.manufacturednc.com/birch-bros-southern-inc,https://www.manufacturednc.com/birch-bros-southern-inc,https://www.manufacturednc.com/birch-bros-southern-inc,,,manufacturer,ManufacturedNC,Contact for quote,ManufacturedNC,https://www.manufacturednc.com/
BMA Manufacturing,Burlington,NC,https://www.manufacturednc.com/bma-manufacturing,https://www.manufacturednc.com/bma-manufacturing,https://www.manufacturednc.com/bma-manufacturing,,,manufacturer,ManufacturedNC,Contact for quote,ManufacturedNC,https://www.manufacturednc.com/
Boardroom Socks Inc.,Charlotte,NC,https://www.manufacturednc.com/boardroom-socks-inc,https://www.manufacturednc.com/boardroom-socks-inc,https://www.manufacturednc.com/boardroom-socks-inc,,,manufacturer,ManufacturedNC,Contact for quote,ManufacturedNC,https://www.manufacturednc.com/
BOSSONG MEDICAL,Asheboro,NC,https://www.manufacturednc.com/bossong-medical,https://www.manufacturednc.com/bossong-medical,https://www.manufacturednc.com/bossong-medical,,,manufacturer,ManufacturedNC,Contact for quote,ManufacturedNC,https://www.manufacturednc.com/
Brilliant You Denim,Greensboro,NC,https://www.manufacturednc.com/brilliant-you-denim,https://www.manufacturednc.com/brilliant-you-denim,https://www.manufacturednc.com/brilliant-you-denim,,,manufacturer,ManufacturedNC,Contact for quote,ManufacturedNC,https://www.manufacturednc.com/
BST Tape Co. LLC,Hickory,NC,https://www.manufacturednc.com/BST-Tape-Co,https://www.manufacturednc.com/BST-Tape-Co,https://www.manufacturednc.com/BST-Tape-Co,,,manufacturer,ManufacturedNC,Contact for quote,ManufacturedNC,https://www.manufacturednc.com/
Capel Incorporated,Troy,NC,https://www.manufacturednc.com/Capel-Incorporated,https://www.manufacturednc.com/Capel-Incorporated,https://www.manufacturednc.com/Capel-Incorporated,,,manufacturer,ManufacturedNC,Contact for quote,ManufacturedNC,https://www.manufacturednc.com/
Carolina Glove Company,Conover,NC,https://www.manufacturednc.com/Carolina-Glove-Company,https://www.manufacturednc.com/Carolina-Glove-Company,https://www.manufacturednc.com/Carolina-Glove-Company,,,manufacturer,ManufacturedNC,Contact for quote,ManufacturedNC,https://www.manufacturednc.com/
Carolina Nonwovens Company,Maiden,NC,https://www.manufacturednc.com/Carolina-Nonwovens-Company,https://www.manufacturednc.com/Carolina-Nonwovens-Company,https://www.manufacturednc.com/Carolina-Nonwovens-Company,,,manufacturer,ManufacturedNC,Contact for quote,ManufacturedNC,https://www.manufacturednc.com/
"Carriff Corporation, Inc.",Midland,NC,https://www.manufacturednc.com/carriff-corporation-inc,https://www.manufacturednc.com/carriff-corporation-inc,https://www.manufacturednc.com/carriff-corporation-inc,,,manufacturer,ManufacturedNC,Contact for quote,ManufacturedNC,https://www.manufacturednc.com/
"Century Hosiery, Inc.",Denton,NC,https://www.manufacturednc.com/century-hosiery-inc,https://www.manufacturednc.com/century-hosiery-inc,https://www.manufacturednc.com/century-hosiery-inc,,,manufacturer,ManufacturedNC,Contact for quote,ManufacturedNC,https://www.manufacturednc.com/
Colortex USA,Gastonia,NC,https://www.manufacturednc.com/Colortex-USA,https://www.manufacturednc.com/Colortex-USA,https://www.manufacturednc.com/Colortex-USA,,,manufacturer,ManufacturedNC,Contact for quote,ManufacturedNC,https://www.manufacturednc.com/
Composite Fabrics Of America,Taylorsville,NC,https://www.manufacturednc.com/Composite-Fabrics-Of-America,https://www.manufacturednc.com/Composite-Fabrics-Of-America,https://www.manufacturednc.com/Composite-Fabrics-Of-America,,,manufacturer,ManufacturedNC,Contact for quote,ManufacturedNC,https://www.manufacturednc.com/
Conitex Sonoco,Gastonia,NC,https://www.manufacturednc.com/Conitex-Sonoco,https://www.manufacturednc.com/Conitex-Sonoco,https://www.manufacturednc.com/Conitex-Sonoco,,,manufacturer,ManufacturedNC,Contact for quote,ManufacturedNC,https://www.manufacturednc.com/
Contempora Fabrics,Lumberton,NC,https://www.manufacturednc.com/Contempora-Fabrics,https://www.manufacturednc.com/Contempora-Fabrics,https://www.manufacturednc.com/Contempora-Fabrics,,,manufacturer,ManufacturedNC,Contact for quote,ManufacturedNC,https://www.manufacturednc.com/
Coveritup,Fayetteville,NC,https://www.manufacturednc.com/CoverItUp,https://www.manufacturednc.com/CoverItUp,https://www.manufacturednc.com/CoverItUp,,,manufacturer,ManufacturedNC,Contact for quote,ManufacturedNC,https://www.manufacturednc.com/
Coville,Winston-Salem NC,NC,https://www.manufacturednc.com/Coville,https://www.manufacturednc.com/Coville,https://www.manufacturednc.com/Coville,,,manufacturer,ManufacturedNC,Contact for quote,ManufacturedNC,https://www.manufacturednc.com/
"Created Crochet's, inc.",winston salem,NC,https://www.manufacturednc.com/created-crochets-inc,https://www.manufacturednc.com/created-crochets-inc,https://www.manufacturednc.com/created-crochets-inc,,,manufacturer,ManufacturedNC,Contact for quote,ManufacturedNC,https://www.manufacturednc.com/
"Dalco Nonwovens, LLC",Conover,NC,https://www.manufacturednc.com/DalcoNonwovens,https://www.manufacturednc.com/DalcoNonwovens,https://www.manufacturednc.com/DalcoNonwovens,,,manufacturer,ManufacturedNC,Contact for quote,ManufacturedNC,https://www.manufacturednc.com/
Domestic Fabrics and Blankets Corp,Kinston,NC,https://www.manufacturednc.com/DomesticFabricsBlanketsCorp,https://www.manufacturednc.com/DomesticFabricsBlanketsCorp,https://www.manufacturednc.com/DomesticFabricsBlanketsCorp,,,manufacturer,ManufacturedNC,Contact for quote,ManufacturedNC,https://www.manufacturednc.com/
Draperies By Townes,Raleigh,NC,https://www.manufacturednc.com/Draperies-By-Townes,https://www.manufacturednc.com/Draperies-By-Townes,https://www.manufacturednc.com/Draperies-By-Townes,,,manufacturer,ManufacturedNC,Contact for quote,ManufacturedNC,https://www.manufacturednc.com/
Dunn Manufacturing,Monroe,NC,https://www.manufacturednc.com/Dunn-Manufacturing,https://www.manufacturednc.com/Dunn-Manufacturing,https://www.manufacturednc.com/Dunn-Manufacturing,,,manufacturer,ManufacturedNC,Contact for quote,ManufacturedNC,https://www.manufacturednc.com/
"Dynayarn USA, LLC",Graham,NC,https://www.manufacturednc.com/Dynayarn-USA-LLC,https://www.manufacturednc.com/Dynayarn-USA-LLC,https://www.manufacturednc.com/Dynayarn-USA-LLC,,,manufacturer,ManufacturedNC,Contact for quote,ManufacturedNC,https://www.manufacturednc.com/
Echoview Industries,Weaverville,NC,https://www.manufacturednc.com/Echoview-Industries,https://www.manufacturednc.com/Echoview-Industries,https://www.manufacturednc.com/Echoview-Industries,,,manufacturer,ManufacturedNC,Contact for quote,ManufacturedNC,https://www.manufacturednc.com/
Elastic Therapy or ETI,Asheboro,NC,https://www.manufacturednc.com/elastic-therapy-or-eti,https://www.manufacturednc.com/elastic-therapy-or-eti,https://www.manufacturednc.com/elastic-therapy-or-eti,,,manufacturer,ManufacturedNC,Contact for quote,ManufacturedNC,https://www.manufacturednc.com/
Elite Cushion Co.,Conover,NC,https://www.manufacturednc.com/elite-cushion-co,https://www.manufacturednc.com/elite-cushion-co,https://www.manufacturednc.com/elite-cushion-co,,,manufacturer,ManufacturedNC,Contact for quote,ManufacturedNC,https://www.manufacturednc.com/
"Everest Textile USA, LLC",Forest City,NC,https://www.manufacturednc.com/everest-textile-usa-llc,https://www.manufacturednc.com/everest-textile-usa-llc,https://www.manufacturednc.com/everest-textile-usa-llc,,,manufacturer,ManufacturedNC,Contact for quote,ManufacturedNC,https://www.manufacturednc.com/
Excelsior Sewing LLC,Fletcher,NC,https://www.manufacturednc.com/excelsior-sewing-llc,https://www.manufacturednc.com/excelsior-sewing-llc,https://www.manufacturednc.com/excelsior-sewing-llc,,,manufacturer,ManufacturedNC,Contact for quote,ManufacturedNC,https://www.manufacturednc.com/
Falcon&Wagen,Durham,NC,https://www.manufacturednc.com/Falcon_Wagen,https://www.manufacturednc.com/Falcon_Wagen,https://www.manufacturednc.com/Falcon_Wagen,,,manufacturer,ManufacturedNC,Contact for quote,ManufacturedNC,https://www.manufacturednc.com/
Filtec Precise,Tabor City,NC,https://www.manufacturednc.com/filtec-precise,https://www.manufacturednc.com/filtec-precise,https://www.manufacturednc.com/filtec-precise,,,manufacturer,ManufacturedNC,Contact for quote,ManufacturedNC,https://www.manufacturednc.com/
Firefly Studio,Clyde,NC,https://www.manufacturednc.com/firefly-studio,https://www.manufacturednc.com/firefly-studio,https://www.manufacturednc.com/firefly-studio,,,manufacturer,ManufacturedNC,Contact for quote,ManufacturedNC,https://www.manufacturednc.com/
Fisher Textiles,Matthews,NC,https://www.manufacturednc.com/Fisher-Textiles,https://www.manufacturednc.com/Fisher-Textiles,https://www.manufacturednc.com/Fisher-Textiles,,,manufacturer,ManufacturedNC,Contact for quote,ManufacturedNC,https://www.manufacturednc.com/
"Flynt Amtex, Inc.",Burlington,NC,https://www.manufacturednc.com/flynt-amtex-inc,https://www.manufacturednc.com/flynt-amtex-inc,https://www.manufacturednc.com/flynt-amtex-inc,,,manufacturer,ManufacturedNC,Contact for quote,ManufacturedNC,https://www.manufacturednc.com/
Founder Sport Group,Statesville,NC,https://www.manufacturednc.com/founder-sport-group,https://www.manufacturednc.com/founder-sport-group,https://www.manufacturednc.com/founder-sport-group,,,manufacturer,ManufacturedNC,Contact for quote,ManufacturedNC,https://www.manufacturednc.com/
Frontier Yarns,Sanford,NC,https://www.manufacturednc.com/frontier-yarns,https://www.manufacturednc.com/frontier-yarns,https://www.manufacturednc.com/frontier-yarns,,,manufacturer,ManufacturedNC,Contact for quote,ManufacturedNC,https://www.manufacturednc.com/
"Fuller Specialty Co.,Inc.",Burlington,NC,https://www.manufacturednc.com/Fuller-Specialty-Co-Inc,https://www.manufacturednc.com/Fuller-Specialty-Co-Inc,https://www.manufacturednc.com/Fuller-Specialty-Co-Inc,,,manufacturer,ManufacturedNC,Contact for quote,ManufacturedNC,https://www.manufacturednc.com/
Grace Apparel Company,Black Mountain,NC,https://www.manufacturednc.com/grace-apparel-company,https://www.manufacturednc.com/grace-apparel-company,https://www.manufacturednc.com/grace-apparel-company,,,manufacturer,ManufacturedNC,Contact for quote,ManufacturedNC,https://www.manufacturednc.com/
Granite Knitwear dba Cal Cru,Granite Quarry,NC,https://www.manufacturednc.com/Cal-Cru,https://www.manufacturednc.com/Cal-Cru,https://www.manufacturednc.com/Cal-Cru,,,manufacturer,ManufacturedNC,Contact for quote,ManufacturedNC,https://www.manufacturednc.com/
"Hawk Distributors, Inc",Sanford,NC,https://www.manufacturednc.com/Hawk-Distributors-Inc,https://www.manufacturednc.com/Hawk-Distributors-Inc,https://www.manufacturednc.com/Hawk-Distributors-Inc,,,manufacturer,ManufacturedNC,Contact for quote,ManufacturedNC,https://www.manufacturednc.com/
Hem Mills inc.,Concord,NC,https://www.manufacturednc.com/hem-mills-inc,https://www.manufacturednc.com/hem-mills-inc,https://www.manufacturednc.com/hem-mills-inc,,,manufacturer,ManufacturedNC,Contact for quote,ManufacturedNC,https://www.manufacturednc.com/
"Heritage Classic Wovens, LLC.",Forest City,NC,https://www.manufacturednc.com/Heritage-Classic-Wovens,https://www.manufacturednc.com/Heritage-Classic-Wovens,https://www.manufacturednc.com/Heritage-Classic-Wovens,,,manufacturer,ManufacturedNC,Contact for quote,ManufacturedNC,https://www.manufacturednc.com/
"Hickory Brands, Inc",Hickory,NC,https://www.manufacturednc.com/Hickory-Brands-INC,https://www.manufacturednc.com/Hickory-Brands-INC,https://www.manufacturednc.com/Hickory-Brands-INC,,,manufacturer,ManufacturedNC,Contact for quote,ManufacturedNC,https://www.manufacturednc.com/
High Rock Hosiery Inc,Lexington,NC,https://www.manufacturednc.com/High-Rock-Hosiery,https://www.manufacturednc.com/High-Rock-Hosiery,https://www.manufacturednc.com/High-Rock-Hosiery,,,manufacturer,ManufacturedNC,Contact for quote,ManufacturedNC,https://www.manufacturednc.com/
High Speed Gear,Swansboro,NC,https://www.manufacturednc.com/High-Speed-Gear,https://www.manufacturednc.com/High-Speed-Gear,https://www.manufacturednc.com/High-Speed-Gear,,,manufacturer,ManufacturedNC,Contact for quote,ManufacturedNC,https://www.manufacturednc.com/
"Holt Hosiery Mills, Inc.",Burlington,NC,https://www.manufacturednc.com/Holt-Hosiery-Mills,https://www.manufacturednc.com/Holt-Hosiery-Mills,https://www.manufacturednc.com/Holt-Hosiery-Mills,,,manufacturer,ManufacturedNC,Contact for quote,ManufacturedNC,https://www.manufacturednc.com/
"Hornwood, Inc.",Lilesville,NC,https://www.manufacturednc.com/Hornwood-Inc,https://www.manufacturednc.com/Hornwood-Inc,https://www.manufacturednc.com/Hornwood-Inc,,,manufacturer,ManufacturedNC,Contact for quote,ManufacturedNC,https://www.manufacturednc.com/
Huitt Mills Inc.,Hildebran,NC,https://www.manufacturednc.com/HuittMills,https://www.manufacturednc.com/HuittMills,https://www.manufacturednc.com/HuittMills,,,manufacturer,ManufacturedNC,Contact for quote,ManufacturedNC,https://www.manufacturednc.com/
"Industries of the Blind, Inc",Greensboro,NC,https://www.manufacturednc.com/Industries-of-the Blind-Inc,https://www.manufacturednc.com/Industries-of-the Blind-Inc,https://www.manufacturednc.com/Industries-of-the Blind-Inc,,,manufacturer,ManufacturedNC,Contact for quote,ManufacturedNC,https://www.manufacturednc.com/
Innofa,Eden,NC,https://www.manufacturednc.com/Innofa,https://www.manufacturednc.com/Innofa,https://www.manufacturednc.com/Innofa,,,manufacturer,ManufacturedNC,Contact for quote,ManufacturedNC,https://www.manufacturednc.com/
Interstate Narrow Fabrics,Haw River,NC,https://www.manufacturednc.com/Interstate-Narrow-Fabrics,https://www.manufacturednc.com/Interstate-Narrow-Fabrics,https://www.manufacturednc.com/Interstate-Narrow-Fabrics,,,manufacturer,ManufacturedNC,Contact for quote,ManufacturedNC,https://www.manufacturednc.com/
JRB & J Knitting Inc,Mount Gilead,NC,https://www.manufacturednc.com/JRB-and-J-Knitting-Inc,https://www.manufacturednc.com/JRB-and-J-Knitting-Inc,https://www.manufacturednc.com/JRB-and-J-Knitting-Inc,,,manufacturer,ManufacturedNC,Contact for quote,ManufacturedNC,https://www.manufacturednc.com/
"Kem-Wove, Inc.",Charlotte,NC,https://www.manufacturednc.com/kem-wove-inc,https://www.manufacturednc.com/kem-wove-inc,https://www.manufacturednc.com/kem-wove-inc,,,manufacturer,ManufacturedNC,Contact for quote,ManufacturedNC,https://www.manufacturednc.com/
Kindly Woven,Laurinburg,NC,https://www.manufacturednc.com/kindly-woven,https://www.manufacturednc.com/kindly-woven,https://www.manufacturednc.com/kindly-woven,,,manufacturer,ManufacturedNC,Contact for quote,ManufacturedNC,https://www.manufacturednc.com/
"Knit-Rite, Inc.",Ellerbe,NC,https://www.manufacturednc.com/Knit-Rite-Inc,https://www.manufacturednc.com/Knit-Rite-Inc,https://www.manufacturednc.com/Knit-Rite-Inc,,,manufacturer,ManufacturedNC,Contact for quote,ManufacturedNC,https://www.manufacturednc.com/
"Kudzu Textiles, Inc.",Burlington,NC,https://www.manufacturednc.com/kudzu-textiles-llc,https://www.manufacturednc.com/kudzu-textiles-llc,https://www.manufacturednc.com/kudzu-textiles-llc,,,manufacturer,ManufacturedNC,Contact for quote,ManufacturedNC,https://www.manufacturednc.com/
"Kurz Transfer Products, Huntersville",Huntersville,NC,https://www.manufacturednc.com/kurz-transfer-products-huntersville,https://www.manufacturednc.com/kurz-transfer-products-huntersville,https://www.manufacturednc.com/kurz-transfer-products-huntersville,,,manufacturer,ManufacturedNC,Contact for quote,ManufacturedNC,https://www.manufacturednc.com/
"Lantal Textiles, Inc.",Rural Hall,NC,https://www.manufacturednc.com/lantal-textiles-inc,https://www.manufacturednc.com/lantal-textiles-inc,https://www.manufacturednc.com/lantal-textiles-inc,,,manufacturer,ManufacturedNC,Contact for quote,ManufacturedNC,https://www.manufacturednc.com/
"Lions Services, Inc.",Charlotte,NC,https://www.manufacturednc.com/lions-services-inc,https://www.manufacturednc.com/lions-services-inc,https://www.manufacturednc.com/lions-services-inc,,,manufacturer,ManufacturedNC,Contact for quote,ManufacturedNC,https://www.manufacturednc.com/
Logo Wear Graphics LLC,Summerfield,NC,https://www.manufacturednc.com/logo-wear-graphics-llc,https://www.manufacturednc.com/logo-wear-graphics-llc,https://www.manufacturednc.com/logo-wear-graphics-llc,,,manufacturer,ManufacturedNC,Contact for quote,ManufacturedNC,https://www.manufacturednc.com/
Longworth Industries Inc.,Southern Pines,NC,https://www.manufacturednc.com/Longworth-Industries-Inc,https://www.manufacturednc.com/Longworth-Industries-Inc,https://www.manufacturednc.com/Longworth-Industries-Inc,,,manufacturer,ManufacturedNC,Contact for quote,ManufacturedNC,https://www.manufacturednc.com/
LuRay Textiles Inc.,North Wilkesboro,NC,https://www.manufacturednc.com/LuRay-Textiles-Inc,https://www.manufacturednc.com/LuRay-Textiles-Inc,https://www.manufacturednc.com/LuRay-Textiles-Inc,,,manufacturer,ManufacturedNC,Contact for quote,ManufacturedNC,https://www.manufacturednc.com/
Lynx Defense,Selma,NC,https://www.manufacturednc.com/lynx-defense,https://www.manufacturednc.com/lynx-defense,https://www.manufacturednc.com/lynx-defense,,,manufacturer,ManufacturedNC,Contact for quote,ManufacturedNC,https://www.manufacturednc.com/
"M.J. Soffe, LLC",Fayetteville,NC,https://www.manufacturednc.com/mj-soffe-llc,https://www.manufacturednc.com/mj-soffe-llc,https://www.manufacturednc.com/mj-soffe-llc,,,manufacturer,ManufacturedNC,Contact for quote,ManufacturedNC,https://www.manufacturednc.com/
Mack and Mack Inc.,Greensboro,NC,https://www.manufacturednc.com/mack-and-mack-inc,https://www.manufacturednc.com/mack-and-mack-inc,https://www.manufacturednc.com/mack-and-mack-inc,,,manufacturer,ManufacturedNC,Contact for quote,ManufacturedNC,https://www.manufacturednc.com/
Matrex Inc,Greensboro,NC,https://www.manufacturednc.com/matrex-inc,https://www.manufacturednc.com/matrex-inc,https://www.manufacturednc.com/matrex-inc,,,manufacturer,ManufacturedNC,Contact for quote,ManufacturedNC,https://www.manufacturednc.com/
"Mayo Knitting Mill, Inc.",Tarboro,NC,https://www.manufacturednc.com/Mayo-Knitting-Mill-Inc,https://www.manufacturednc.com/Mayo-Knitting-Mill-Inc,https://www.manufacturednc.com/Mayo-Knitting-Mill-Inc,,,manufacturer,ManufacturedNC,Contact for quote,ManufacturedNC,https://www.manufacturednc.com/
METYX USA,Charlotte,NC,https://www.manufacturednc.com/metyx-usa,https://www.manufacturednc.com/metyx-usa,https://www.manufacturednc.com/metyx-usa,,,manufacturer,ManufacturedNC,Contact for quote,ManufacturedNC,https://www.manufacturednc.com/
MIKAN PRINTING CORP.,Mooresville,NC,https://www.manufacturednc.com/mikan-printing-corp,https://www.manufacturednc.com/mikan-printing-corp,https://www.manufacturednc.com/mikan-printing-corp,,,manufacturer,ManufacturedNC,Contact for quote,ManufacturedNC,https://www.manufacturednc.com/
Mills Manufacturing Corporation,Asheville,NC,https://www.manufacturednc.com/Mills-Manufacturing-Corporation,https://www.manufacturednc.com/Mills-Manufacturing-Corporation,https://www.manufacturednc.com/Mills-Manufacturing-Corporation,,,manufacturer,ManufacturedNC,Contact for quote,ManufacturedNC,https://www.manufacturednc.com/
Mitts Nitts Inc,Durham,NC,https://www.manufacturednc.com/Mitts-Nitts-Inc,https://www.manufacturednc.com/Mitts-Nitts-Inc,https://www.manufacturednc.com/Mitts-Nitts-Inc,,,manufacturer,ManufacturedNC,Contact for quote,ManufacturedNC,https://www.manufacturednc.com/
"Modern Densifying, Inc.",Shelby,NC,https://www.manufacturednc.com/modern-densifying-inc,https://www.manufacturednc.com/modern-densifying-inc,https://www.manufacturednc.com/modern-densifying-inc,,,manufacturer,ManufacturedNC,Contact for quote,ManufacturedNC,https://www.manufacturednc.com/
"Mount Vernon Mills, Inc",Rockingham,NC,https://www.manufacturednc.com/mount-vernon-mills-inc,https://www.manufacturednc.com/mount-vernon-mills-inc,https://www.manufacturednc.com/mount-vernon-mills-inc,,,manufacturer,ManufacturedNC,Contact for quote,ManufacturedNC,https://www.manufacturednc.com/
Mountain International,Brevard,NC,https://www.manufacturednc.com/Mountain-International,https://www.manufacturednc.com/Mountain-International,https://www.manufacturednc.com/Mountain-International,,,manufacturer,ManufacturedNC,Contact for quote,ManufacturedNC,https://www.manufacturednc.com/
Mountain Rug Mills,Hendersonville,NC,https://www.manufacturednc.com/MountainRugMills,https://www.manufacturednc.com/MountainRugMills,https://www.manufacturednc.com/MountainRugMills,,,manufacturer,ManufacturedNC,Contact for quote,ManufacturedNC,https://www.manufacturednc.com/
Mt. Gilead Cut & Sew,Mt. gilead,NC,https://www.manufacturednc.com/mt-gilead-cut--sew,https://www.manufacturednc.com/mt-gilead-cut--sew,https://www.manufacturednc.com/mt-gilead-cut--sew,,,manufacturer,ManufacturedNC,Contact for quote,ManufacturedNC,https://www.manufacturednc.com/
National Spinning Company,Washington,NC,https://www.manufacturednc.com/National-Spinning-Company,https://www.manufacturednc.com/National-Spinning-Company,https://www.manufacturednc.com/National-Spinning-Company,,,manufacturer,ManufacturedNC,Contact for quote,ManufacturedNC,https://www.manufacturednc.com/
Nester Hosiery,Mount Airy,NC,https://www.manufacturednc.com/Nester-Hosiery,https://www.manufacturednc.com/Nester-Hosiery,https://www.manufacturednc.com/Nester-Hosiery,,,manufacturer,ManufacturedNC,Contact for quote,ManufacturedNC,https://www.manufacturednc.com/
Nicelle Technologies Inc,Raleigh,NC,https://www.manufacturednc.com/nicelle-technologies-inc,https://www.manufacturednc.com/nicelle-technologies-inc,https://www.manufacturednc.com/nicelle-technologies-inc,,,manufacturer,ManufacturedNC,Contact for quote,ManufacturedNC,https://www.manufacturednc.com/
O'Mara Incorporated,Rutherford College,NC,https://www.manufacturednc.com/Omara-Incorporated,https://www.manufacturednc.com/Omara-Incorporated,https://www.manufacturednc.com/Omara-Incorporated,,,manufacturer,ManufacturedNC,Contact for quote,ManufacturedNC,https://www.manufacturednc.com/
On Foot Innovations,Albemarle,NC,https://www.manufacturednc.com/on-foot-innovations,https://www.manufacturednc.com/on-foot-innovations,https://www.manufacturednc.com/on-foot-innovations,,,manufacturer,ManufacturedNC,Contact for quote,ManufacturedNC,https://www.manufacturednc.com/
Opportunity Threads,Morganton,NC,https://www.manufacturednc.com/OpportunityThreads,https://www.manufacturednc.com/OpportunityThreads,https://www.manufacturednc.com/OpportunityThreads,,,manufacturer,ManufacturedNC,Contact for quote,ManufacturedNC,https://www.manufacturednc.com/
"P&A Industrial Fabrications, LLC",Roxboro,NC,https://www.manufacturednc.com/pa-industrial-fabrications-llc,https://www.manufacturednc.com/pa-industrial-fabrications-llc,https://www.manufacturednc.com/pa-industrial-fabrications-llc,,,manufacturer,ManufacturedNC,Contact for quote,ManufacturedNC,https://www.manufacturednc.com/
"Parker Sales and Service, Inc.",Sparta,NC,https://www.manufacturednc.com/parker-sales-and-service-inc,https://www.manufacturednc.com/parker-sales-and-service-inc,https://www.manufacturednc.com/parker-sales-and-service-inc,,,manufacturer,ManufacturedNC,Contact for quote,ManufacturedNC,https://www.manufacturednc.com/
Parrott Canvas Co.,Greenville,NC,https://www.manufacturednc.com/Parrott-Canvas-Co,https://www.manufacturednc.com/Parrott-Canvas-Co,https://www.manufacturednc.com/Parrott-Canvas-Co,,,manufacturer,ManufacturedNC,Contact for quote,ManufacturedNC,https://www.manufacturednc.com/
Plant D manufacturing,Thomasville,NC,https://www.manufacturednc.com/Plant-D-manufacturing,https://www.manufacturednc.com/Plant-D-manufacturing,https://www.manufacturednc.com/Plant-D-manufacturing,,,manufacturer,ManufacturedNC,Contact for quote,ManufacturedNC,https://www.manufacturednc.com/
Pleneri,Conover,NC,https://www.manufacturednc.com/pleneri,https://www.manufacturednc.com/pleneri,https://www.manufacturednc.com/pleneri,,,manufacturer,ManufacturedNC,Contact for quote,ManufacturedNC,https://www.manufacturednc.com/
Precision Fabrics Group Inc.,Greensboro,NC,https://www.manufacturednc.com/Precision-Fabrics-Group-Inc,https://www.manufacturednc.com/Precision-Fabrics-Group-Inc,https://www.manufacturednc.com/Precision-Fabrics-Group-Inc,,,manufacturer,ManufacturedNC,Contact for quote,ManufacturedNC,https://www.manufacturednc.com/
Premier Quilting Corporation,Oxford,NC,https://www.manufacturednc.com/Premier-Quilting-Corporation,https://www.manufacturednc.com/Premier-Quilting-Corporation,https://www.manufacturednc.com/Premier-Quilting-Corporation,,,manufacturer,ManufacturedNC,Contact for quote,ManufacturedNC,https://www.manufacturednc.com/
"Premiere Fibers, Inc",Ansonville,NC,https://www.manufacturednc.com/premiere-fibers-inc,https://www.manufacturednc.com/premiere-fibers-inc,https://www.manufacturednc.com/premiere-fibers-inc,,,manufacturer,ManufacturedNC,Contact for quote,ManufacturedNC,https://www.manufacturednc.com/
Pro-Tect Socks,Ramseur,NC,https://www.manufacturednc.com/pro-tect-socks,https://www.manufacturednc.com/pro-tect-socks,https://www.manufacturednc.com/pro-tect-socks,,,manufacturer,ManufacturedNC,Contact for quote,ManufacturedNC,https://www.manufacturednc.com/
"Quinter Textile Group, LLC",CHARLOTTE,NC,https://www.manufacturednc.com/quinter-textile-group-llc,https://www.manufacturednc.com/quinter-textile-group-llc,https://www.manufacturednc.com/quinter-textile-group-llc,,,manufacturer,ManufacturedNC,Contact for quote,ManufacturedNC,https://www.manufacturednc.com/
R. Evans Hosiery,Connelly Springs,NC,https://www.manufacturednc.com/REvansHosiery,https://www.manufacturednc.com/REvansHosiery,https://www.manufacturednc.com/REvansHosiery,,,manufacturer,ManufacturedNC,Contact for quote,ManufacturedNC,https://www.manufacturednc.com/
Ravenox,Burlington,NC,https://www.manufacturednc.com/ravenox,https://www.manufacturednc.com/ravenox,https://www.manufacturednc.com/ravenox,,,manufacturer,ManufacturedNC,Contact for quote,ManufacturedNC,https://www.manufacturednc.com/
Renaissance Fiber Inc,Winston Salem,NC,https://www.manufacturednc.com/renaissance-fiber-inc,https://www.manufacturednc.com/renaissance-fiber-inc,https://www.manufacturednc.com/renaissance-fiber-inc,,,manufacturer,ManufacturedNC,Contact for quote,ManufacturedNC,https://www.manufacturednc.com/
Richmond Dental and Medical,Charlotte,NC,https://www.manufacturednc.com/richmond-dental-and-medical,https://www.manufacturednc.com/richmond-dental-and-medical,https://www.manufacturednc.com/richmond-dental-and-medical,,,manufacturer,ManufacturedNC,Contact for quote,ManufacturedNC,https://www.manufacturednc.com/
"RIVA INDUSTRIES,LLC",ASHEBORO,NC,https://www.manufacturednc.com/riva-industriesllc,https://www.manufacturednc.com/riva-industriesllc,https://www.manufacturednc.com/riva-industriesllc,,,manufacturer,ManufacturedNC,Contact for quote,ManufacturedNC,https://www.manufacturednc.com/
"RLCB, INC.",Raleigh,NC,https://www.manufacturednc.com/RLCB-Inc,https://www.manufacturednc.com/RLCB-Inc,https://www.manufacturednc.com/RLCB-Inc,,,manufacturer,ManufacturedNC,Contact for quote,ManufacturedNC,https://www.manufacturednc.com/
Royal Carolina Corporation,Greensboro,NC,https://www.manufacturednc.com/royal-carolina-corporation,https://www.manufacturednc.com/royal-carolina-corporation,https://www.manufacturednc.com/royal-carolina-corporation,,,manufacturer,ManufacturedNC,Contact for quote,ManufacturedNC,https://www.manufacturednc.com/
RSM Company,Charlotte,NC,https://www.manufacturednc.com/rsm-company,https://www.manufacturednc.com/rsm-company,https://www.manufacturednc.com/rsm-company,,,manufacturer,ManufacturedNC,Contact for quote,ManufacturedNC,https://www.manufacturednc.com/
Salem Neckwear Corporation,Randleman,NC,https://www.manufacturednc.com/Salem-Neckwear-Corporation,https://www.manufacturednc.com/Salem-Neckwear-Corporation,https://www.manufacturednc.com/Salem-Neckwear-Corporation,,,manufacturer,ManufacturedNC,Contact for quote,ManufacturedNC,https://www.manufacturednc.com/
"Sanctuary Systems, LLC",Fremont,NC,https://www.manufacturednc.com/sanctuary-systems-llc,https://www.manufacturednc.com/sanctuary-systems-llc,https://www.manufacturednc.com/sanctuary-systems-llc,,,manufacturer,ManufacturedNC,Contact for quote,ManufacturedNC,https://www.manufacturednc.com/
"Sandy Paws Innovations, Inc.",Wilmington,NC,https://www.manufacturednc.com/Sandy-Paws-Innovations,https://www.manufacturednc.com/Sandy-Paws-Innovations,https://www.manufacturednc.com/Sandy-Paws-Innovations,,,manufacturer,ManufacturedNC,Contact for quote,ManufacturedNC,https://www.manufacturednc.com/
"Sans Technical Fibers, LLC",Stoneville,NC,https://www.manufacturednc.com/sans-technical-fibers-llc,https://www.manufacturednc.com/sans-technical-fibers-llc,https://www.manufacturednc.com/sans-technical-fibers-llc,,,manufacturer,ManufacturedNC,Contact for quote,ManufacturedNC,https://www.manufacturednc.com/
Service Thread,Laurinburg,NC,https://www.manufacturednc.com/Service-Thread,https://www.manufacturednc.com/Service-Thread,https://www.manufacturednc.com/Service-Thread,,,manufacturer,ManufacturedNC,Contact for quote,ManufacturedNC,https://www.manufacturednc.com/
"Sir Speedy Printing, Signs and  Marketing",Statesville,NC,https://www.manufacturednc.com/sir-speedy-printing-signs-and--marketing,https://www.manufacturednc.com/sir-speedy-printing-signs-and--marketing,https://www.manufacturednc.com/sir-speedy-printing-signs-and--marketing,,,manufacturer,ManufacturedNC,Contact for quote,ManufacturedNC,https://www.manufacturednc.com/
Slimline Truck Covers,Claremont,NC,https://www.manufacturednc.com/Slimline-Truck-Covers,https://www.manufacturednc.com/Slimline-Truck-Covers,https://www.manufacturednc.com/Slimline-Truck-Covers,,,manufacturer,ManufacturedNC,Contact for quote,ManufacturedNC,https://www.manufacturednc.com/
"Smith Case, Inc",Winston Salem,NC,https://www.manufacturednc.com/Smith-Case-Inc,https://www.manufacturednc.com/Smith-Case-Inc,https://www.manufacturednc.com/Smith-Case-Inc,,,manufacturer,ManufacturedNC,Contact for quote,ManufacturedNC,https://www.manufacturednc.com/
"South Fork Industries, Inc.",Maiden,NC,https://www.manufacturednc.com/South-Fork-Industries-Inc,https://www.manufacturednc.com/South-Fork-Industries-Inc,https://www.manufacturednc.com/South-Fork-Industries-Inc,,,manufacturer,ManufacturedNC,Contact for quote,ManufacturedNC,https://www.manufacturednc.com/
Southeastern Felt & Supply Cor,Charlotte,NC,https://www.manufacturednc.com/southeastern-felt--supply-cor,https://www.manufacturednc.com/southeastern-felt--supply-cor,https://www.manufacturednc.com/southeastern-felt--supply-cor,,,manufacturer,ManufacturedNC,Contact for quote,ManufacturedNC,https://www.manufacturednc.com/
"SpanSet, Inc.",Sanford,NC,https://www.manufacturednc.com/SpanSet-Inc,https://www.manufacturednc.com/SpanSet-Inc,https://www.manufacturednc.com/SpanSet-Inc,,,manufacturer,ManufacturedNC,Contact for quote,ManufacturedNC,https://www.manufacturednc.com/
"Spartan Dyers, Inc.",Belmont,NC,https://www.manufacturednc.com/spartan-dyers-inc,https://www.manufacturednc.com/spartan-dyers-inc,https://www.manufacturednc.com/spartan-dyers-inc,,,manufacturer,ManufacturedNC,Contact for quote,ManufacturedNC,https://www.manufacturednc.com/
Speizman Industrial Seamless Development Lab,Charlotte,NC,https://www.manufacturednc.com/speizman-industrial-seamless-development-lab,https://www.manufacturednc.com/speizman-industrial-seamless-development-lab,https://www.manufacturednc.com/speizman-industrial-seamless-development-lab,,,manufacturer,ManufacturedNC,Contact for quote,ManufacturedNC,https://www.manufacturednc.com/
Spintech LLC,Statesville,NC,https://www.manufacturednc.com/spintech-llc,https://www.manufacturednc.com/spintech-llc,https://www.manufacturednc.com/spintech-llc,,,manufacturer,ManufacturedNC,Contact for quote,ManufacturedNC,https://www.manufacturednc.com/
Spoonflower,Durham,NC,https://www.manufacturednc.com/spoonflower,https://www.manufacturednc.com/spoonflower,https://www.manufacturednc.com/spoonflower,,,manufacturer,ManufacturedNC,Contact for quote,ManufacturedNC,https://www.manufacturednc.com/
"Sports Solutions, Inc.",Pilot Mountain,NC,https://www.manufacturednc.com/Sports-Solutions-Inc,https://www.manufacturednc.com/Sports-Solutions-Inc,https://www.manufacturednc.com/Sports-Solutions-Inc,,,manufacturer,ManufacturedNC,Contact for quote,ManufacturedNC,https://www.manufacturednc.com/
Spuntech Industries,Roxboro,NC,https://www.manufacturednc.com/Spuntech-Industries,https://www.manufacturednc.com/Spuntech-Industries,https://www.manufacturednc.com/Spuntech-Industries,,,manufacturer,ManufacturedNC,Contact for quote,ManufacturedNC,https://www.manufacturednc.com/
Stage Decoration & Supplies,Greensboro,NC,https://www.manufacturednc.com/Stage-Decoration-and-Supplies,https://www.manufacturednc.com/Stage-Decoration-and-Supplies,https://www.manufacturednc.com/Stage-Decoration-and-Supplies,,,manufacturer,ManufacturedNC,Contact for quote,ManufacturedNC,https://www.manufacturednc.com/
STI,KINGS MOUNTAIN,NC,https://www.manufacturednc.com/sti,https://www.manufacturednc.com/sti,https://www.manufacturednc.com/sti,,,manufacturer,ManufacturedNC,Contact for quote,ManufacturedNC,https://www.manufacturednc.com/
Style Source Inc,Wilmington,NC,https://www.manufacturednc.com/Style-Source-Inc,https://www.manufacturednc.com/Style-Source-Inc,https://www.manufacturednc.com/Style-Source-Inc,,,manufacturer,ManufacturedNC,Contact for quote,ManufacturedNC,https://www.manufacturednc.com/
Summers Room Vintage LLC,SANFORD,NC,https://www.manufacturednc.com/summers-room-vintage-llc,https://www.manufacturednc.com/summers-room-vintage-llc,https://www.manufacturednc.com/summers-room-vintage-llc,,,manufacturer,ManufacturedNC,Contact for quote,ManufacturedNC,https://www.manufacturednc.com/
Supertex Inc.,LIBERTY,NC,https://www.manufacturednc.com/Supertex_Inc,https://www.manufacturednc.com/Supertex_Inc,https://www.manufacturednc.com/Supertex_Inc,,,manufacturer,ManufacturedNC,Contact for quote,ManufacturedNC,https://www.manufacturednc.com/
Supreme Corporation,Conover,NC,https://www.manufacturednc.com/SupremeCorporation,https://www.manufacturednc.com/SupremeCorporation,https://www.manufacturednc.com/SupremeCorporation,,,manufacturer,ManufacturedNC,Contact for quote,ManufacturedNC,https://www.manufacturednc.com/
"Surratt Hosiery Mill, Inc.",Denton,NC,https://www.manufacturednc.com/Surratt-Hosiery-Mill-Inc,https://www.manufacturednc.com/Surratt-Hosiery-Mill-Inc,https://www.manufacturednc.com/Surratt-Hosiery-Mill-Inc,,,manufacturer,ManufacturedNC,Contact for quote,ManufacturedNC,https://www.manufacturednc.com/
"Surry Chemicals, Inc.",Mount Airy,NC,https://www.manufacturednc.com/surry-chemicals-inc,https://www.manufacturednc.com/surry-chemicals-inc,https://www.manufacturednc.com/surry-chemicals-inc,,,manufacturer,ManufacturedNC,Contact for quote,ManufacturedNC,https://www.manufacturednc.com/
Survival Innovations LLC,Mills River,NC,https://www.manufacturednc.com/survival-innovations-llc,https://www.manufacturednc.com/survival-innovations-llc,https://www.manufacturednc.com/survival-innovations-llc,,,manufacturer,ManufacturedNC,Contact for quote,ManufacturedNC,https://www.manufacturednc.com/
tecnortham,RUTHERFORDTON,NC,https://www.manufacturednc.com/tecnortham,https://www.manufacturednc.com/tecnortham,https://www.manufacturednc.com/tecnortham,,,manufacturer,ManufacturedNC,Contact for quote,ManufacturedNC,https://www.manufacturednc.com/
Terraloam LLC,Charlotte,NC,https://www.manufacturednc.com/terraloam-llc,https://www.manufacturednc.com/terraloam-llc,https://www.manufacturednc.com/terraloam-llc,,,manufacturer,ManufacturedNC,Contact for quote,ManufacturedNC,https://www.manufacturednc.com/
"Tex-Care Medical, a division of CEFC",Burlington,NC,https://www.manufacturednc.com/tex-care-medical-a-division-of-cefc,https://www.manufacturednc.com/tex-care-medical-a-division-of-cefc,https://www.manufacturednc.com/tex-care-medical-a-division-of-cefc,,,manufacturer,ManufacturedNC,Contact for quote,ManufacturedNC,https://www.manufacturednc.com/
"The Quantum Group, Inc.",Colfax,NC,https://www.manufacturednc.com/The-Quantum-Group-Inc,https://www.manufacturednc.com/The-Quantum-Group-Inc,https://www.manufacturednc.com/The-Quantum-Group-Inc,,,manufacturer,ManufacturedNC,Contact for quote,ManufacturedNC,https://www.manufacturednc.com/
The Sock Factory,Hickory,NC,https://www.manufacturednc.com/TheSockFactory,https://www.manufacturednc.com/TheSockFactory,https://www.manufacturednc.com/TheSockFactory,,,manufacturer,ManufacturedNC,Contact for quote,ManufacturedNC,https://www.manufacturednc.com/
"The Special Event Linen Co, Inc.",Denver,NC,https://www.manufacturednc.com/the-special-event-linen-co-inc,https://www.manufacturednc.com/the-special-event-linen-co-inc,https://www.manufacturednc.com/the-special-event-linen-co-inc,,,manufacturer,ManufacturedNC,Contact for quote,ManufacturedNC,https://www.manufacturednc.com/
The WEARhouse,Asheboro,NC,https://www.manufacturednc.com/the-wearhouse,https://www.manufacturednc.com/the-wearhouse,https://www.manufacturednc.com/the-wearhouse,,,manufacturer,ManufacturedNC,Contact for quote,ManufacturedNC,https://www.manufacturednc.com/
"TJ Glove Inc., dba The John Plant Company",Ramseur,NC,https://www.manufacturednc.com/The-John-Plant-Company,https://www.manufacturednc.com/The-John-Plant-Company,https://www.manufacturednc.com/The-John-Plant-Company,,,manufacturer,ManufacturedNC,Contact for quote,ManufacturedNC,https://www.manufacturednc.com/
Trotters Sewing Company,Asheboro,NC,https://www.manufacturednc.com/BJ-Con-Sew-Inc,https://www.manufacturednc.com/BJ-Con-Sew-Inc,https://www.manufacturednc.com/BJ-Con-Sew-Inc,,,manufacturer,ManufacturedNC,Contact for quote,ManufacturedNC,https://www.manufacturednc.com/
TS Designs,Burlington,NC,https://www.manufacturednc.com/TS-Designs,https://www.manufacturednc.com/TS-Designs,https://www.manufacturednc.com/TS-Designs,,,manufacturer,ManufacturedNC,Contact for quote,ManufacturedNC,https://www.manufacturednc.com/
"TSG Finishing, LLC",Hickory,NC,https://www.manufacturednc.com/TSG-Finishing,https://www.manufacturednc.com/TSG-Finishing,https://www.manufacturednc.com/TSG-Finishing,,,manufacturer,ManufacturedNC,Contact for quote,ManufacturedNC,https://www.manufacturednc.com/
Tuff Temp Corp.,Murfreesboro,NC,https://www.manufacturednc.com/tuff-temp-corp,https://www.manufacturednc.com/tuff-temp-corp,https://www.manufacturednc.com/tuff-temp-corp,,,manufacturer,ManufacturedNC,Contact for quote,ManufacturedNC,https://www.manufacturednc.com/
Tumbling Colors,Raleigh,NC,https://www.manufacturednc.com/Tumbling-Colors,https://www.manufacturednc.com/Tumbling-Colors,https://www.manufacturednc.com/Tumbling-Colors,,,manufacturer,ManufacturedNC,Contact for quote,ManufacturedNC,https://www.manufacturednc.com/
"Twin City Knitting Company, Inc",Conover,NC,https://www.manufacturednc.com/Twin-City-Knitting,https://www.manufacturednc.com/Twin-City-Knitting,https://www.manufacturednc.com/Twin-City-Knitting,,,manufacturer,ManufacturedNC,Contact for quote,ManufacturedNC,https://www.manufacturednc.com/
"Ultimate Textile, Inc.",Rutherfordton,NC,https://www.manufacturednc.com/Ultimate-Textile,https://www.manufacturednc.com/Ultimate-Textile,https://www.manufacturednc.com/Ultimate-Textile,,,manufacturer,ManufacturedNC,Contact for quote,ManufacturedNC,https://www.manufacturednc.com/
"Unifi, Inc.",Greensboro,NC,https://www.manufacturednc.com/Unifi,https://www.manufacturednc.com/Unifi,https://www.manufacturednc.com/Unifi,,,manufacturer,ManufacturedNC,Contact for quote,ManufacturedNC,https://www.manufacturednc.com/
"Unifour Finishers, Inc.",Hickory,NC,https://www.manufacturednc.com/Unifour-Finishers-Inc,https://www.manufacturednc.com/Unifour-Finishers-Inc,https://www.manufacturednc.com/Unifour-Finishers-Inc,,,manufacturer,ManufacturedNC,Contact for quote,ManufacturedNC,https://www.manufacturednc.com/
United Sewing Automation,Mount Airy,NC,https://www.manufacturednc.com/united-sewing-automation,https://www.manufacturednc.com/united-sewing-automation,https://www.manufacturednc.com/united-sewing-automation,,,manufacturer,ManufacturedNC,Contact for quote,ManufacturedNC,https://www.manufacturednc.com/
Uwharrie Knits Inc,Norwood,NC,https://www.manufacturednc.com/Uwharrie-Knits,https://www.manufacturednc.com/Uwharrie-Knits,https://www.manufacturednc.com/Uwharrie-Knits,,,manufacturer,ManufacturedNC,Contact for quote,ManufacturedNC,https://www.manufacturednc.com/
Ventara Corporation,Fuquay Varina,NC,https://www.manufacturednc.com/ventara-corporation,https://www.manufacturednc.com/ventara-corporation,https://www.manufacturednc.com/ventara-corporation,,,manufacturer,ManufacturedNC,Contact for quote,ManufacturedNC,https://www.manufacturednc.com/
Warm Industrial Nonwovens/ The Warm Company,Hendersonville,NC,https://www.manufacturednc.com/warm-industrial-nonwovens-the-warm-company,https://www.manufacturednc.com/warm-industrial-nonwovens-the-warm-company,https://www.manufacturednc.com/warm-industrial-nonwovens-the-warm-company,,,manufacturer,ManufacturedNC,Contact for quote,ManufacturedNC,https://www.manufacturednc.com/
Wear-Flex Slings,Winston Salem,NC,https://www.manufacturednc.com/wear-flex-slings,https://www.manufacturednc.com/wear-flex-slings,https://www.manufacturednc.com/wear-flex-slings,,,manufacturer,ManufacturedNC,Contact for quote,ManufacturedNC,https://www.manufacturednc.com/
Welcome Industrial,Burlington,NC,https://www.manufacturednc.com/welcome-industrial,https://www.manufacturednc.com/welcome-industrial,https://www.manufacturednc.com/welcome-industrial,,,manufacturer,ManufacturedNC,Contact for quote,ManufacturedNC,https://www.manufacturednc.com/
Wells Hosiery and Apparel,Asheboro,NC,https://www.manufacturednc.com/Wells-Hosiery-and-Apparel,https://www.manufacturednc.com/Wells-Hosiery-and-Apparel,https://www.manufacturednc.com/Wells-Hosiery-and-Apparel,,,manufacturer,ManufacturedNC,Contact for quote,ManufacturedNC,https://www.manufacturednc.com/
"Willow Tex, LLC",Mount Airy,NC,https://www.manufacturednc.com/willow-tex-llc,https://www.manufacturednc.com/willow-tex-llc,https://www.manufacturednc.com/willow-tex-llc,,,manufacturer,ManufacturedNC,Contact for quote,ManufacturedNC,https://www.manufacturednc.com/
Wilson Brown Sock Company,Burlington,NC,https://www.manufacturednc.com/wilson-brown-sock-company,https://www.manufacturednc.com/wilson-brown-sock-company,https://www.manufacturednc.com/wilson-brown-sock-company,,,manufacturer,ManufacturedNC,Contact for quote,ManufacturedNC,https://www.manufacturednc.com/
Worldwide Protective Products,Wilkesboro,NC,https://www.manufacturednc.com/Worldwide-Protective-Products,https://www.manufacturednc.com/Worldwide-Protective-Products,https://www.manufacturednc.com/Worldwide-Protective-Products,,,manufacturer,ManufacturedNC,Contact for quote,ManufacturedNC,https://www.manufacturednc.com/
"Wound-About, Inc",Pilot Mountain,NC,https://www.manufacturednc.com/Wound-About-Inc,https://www.manufacturednc.com/Wound-About-Inc,https://www.manufacturednc.com/Wound-About-Inc,,,manufacturer,ManufacturedNC,Contact for quote,ManufacturedNC,https://www.manufacturednc.com/
Yanjan USA LLC,Statesville,NC,https://www.manufacturednc.com/yanjan-usa-llc,https://www.manufacturednc.com/yanjan-usa-llc,https://www.manufacturednc.com/yanjan-usa-llc,,,manufacturer,ManufacturedNC,Contact for quote,ManufacturedNC,https://www.manufacturednc.com/
Members List,,,https://ncto.org/about/members-list/,https://ncto.org/about/members-list/,https://ncto.org/about/members-list/,,,manufacturer,NCTO member,Contact for quote,NCTO,https://ncto.org/about/members/
"NCTO Members, Affiliates & Partners",,,https://ncto.org/about/ncto-members-partners/,https://ncto.org/about/ncto-members-partners/,https://ncto.org/about/ncto-members-partners/,,,manufacturer,NCTO member,Contact for quote,NCTO,https://ncto.org/about/members/
Partners,,,https://ncto.org/industry-partners-resources/,https://ncto.org/industry-partners-resources/,https://ncto.org/industry-partners-resources/,,,manufacturer,NCTO member,Contact for quote,NCTO,https://ncto.org/about/members/
COVID-19 RESPONSE,,,https://ncto.org/federal-government-covid-19-procurement/,https://ncto.org/federal-government-covid-19-procurement/,https://ncto.org/federal-government-covid-19-procurement/,,,manufacturer,NCTO member,Contact for quote,NCTO,https://ncto.org/about/members/
Make American PPE,,,https://ncto.org/make-american-ppe/,https://ncto.org/make-american-ppe/,https://ncto.org/make-american-ppe/,,,manufacturer,NCTO member,Contact for quote,NCTO,https://ncto.org/about/members/
About,,,https://ncto.org/about/,https://ncto.org/about/,https://ncto.org/about/,,,manufacturer,NCTO member,Contact for quote,NCTO,https://ncto.org/about/members/
Mission Statement,,,https://ncto.org/about/mission-statement/,https://ncto.org/about/mission-statement/,https://ncto.org/about/mission-statement/,,,manufacturer,NCTO member,Contact for quote,NCTO,https://ncto.org/about/members/
Councils,,,https://ncto.org/about/councils/,https://ncto.org/about/councils/,https://ncto.org/about/councils/,,,manufacturer,NCTO member,Contact for quote,NCTO,https://ncto.org/about/members/
Committees,,,https://ncto.org/about/committees/,https://ncto.org/about/committees/,https://ncto.org/about/committees/,,,manufacturer,NCTO member,Contact for quote,NCTO,https://ncto.org/about/members/
Officers and Board of Directors,,,https://ncto.org/about/officers-and-board-of-directors/,https://ncto.org/about/officers-and-board-of-directors/,https://ncto.org/about/officers-and-board-of-directors/,,,manufacturer,NCTO member,Contact for quote,NCTO,https://ncto.org/about/members/
NCTO Staff,,,https://ncto.org/about/ncto-staff/,https://ncto.org/about/ncto-staff/,https://ncto.org/about/ncto-staff/,,,manufacturer,NCTO member,Contact for quote,NCTO,https://ncto.org/about/members/
Policy Positions,,,https://ncto.org/policy-positions/,https://ncto.org/policy-positions/,https://ncto.org/policy-positions/,,,manufacturer,NCTO member,Contact for quote,NCTO,https://ncto.org/about/members/
NCTO Accomplishments,,,https://ncto.org/policy-positions/ncto-accomplishments/,https://ncto.org/policy-positions/ncto-accomplishments/,https://ncto.org/policy-positions/ncto-accomplishments/,,,manufacturer,NCTO member,Contact for quote,NCTO,https://ncto.org/about/members/
Trade Policy,,,https://ncto.org/policy-positions/trade-policy/,https://ncto.org/policy-positions/trade-policy/,https://ncto.org/policy-positions/trade-policy/,,,manufacturer,NCTO member,Contact for quote,NCTO,https://ncto.org/about/members/
Government Procurement,,,https://ncto.org/policy-positions/government-procurement/,https://ncto.org/policy-positions/government-procurement/,https://ncto.org/policy-positions/government-procurement/,,,manufacturer,NCTO member,Contact for quote,NCTO,https://ncto.org/about/members/
Regulatory,,,https://ncto.org/policy-positions/regulatory/,https://ncto.org/policy-positions/regulatory/,https://ncto.org/policy-positions/regulatory/,,,manufacturer,NCTO member,Contact for quote,NCTO,https://ncto.org/about/members/
Facts & Figures,,,https://ncto.org/facts-figures/,https://ncto.org/facts-figures/,https://ncto.org/facts-figures/,,,manufacturer,NCTO member,Contact for quote,NCTO,https://ncto.org/about/members/
U.S. Textile Industry,,,https://ncto.org/facts-figures/us-textile-industry/,https://ncto.org/facts-figures/us-textile-industry/,https://ncto.org/facts-figures/us-textile-industry/,,,manufacturer,NCTO member,Contact for quote,NCTO,https://ncto.org/about/members/
Multiplier Effect,,,https://ncto.org/facts-figures/multiplier-effect/,https://ncto.org/facts-figures/multiplier-effect/,https://ncto.org/facts-figures/multiplier-effect/,,,manufacturer,NCTO member,Contact for quote,NCTO,https://ncto.org/about/members/
Economic Impact,,,https://ncto.org/facts-figures/economic-impact/,https://ncto.org/facts-figures/economic-impact/,https://ncto.org/facts-figures/economic-impact/,,,manufacturer,NCTO member,Contact for quote,NCTO,https://ncto.org/about/members/
Employment,,,https://ncto.org/facts-figures/employment/,https://ncto.org/facts-figures/employment/,https://ncto.org/facts-figures/employment/,,,manufacturer,NCTO member,Contact for quote,NCTO,https://ncto.org/about/members/
Trade,,,https://ncto.org/facts-figures/trade/,https://ncto.org/facts-figures/trade/,https://ncto.org/facts-figures/trade/,,,manufacturer,NCTO member,Contact for quote,NCTO,https://ncto.org/about/members/
Textiles and Our Military,,,https://ncto.org/facts-figures/textiles-and-our-military/,https://ncto.org/facts-figures/textiles-and-our-military/,https://ncto.org/facts-figures/textiles-and-our-military/,,,manufacturer,NCTO member,Contact for quote,NCTO,https://ncto.org/about/members/
News & Events,,,https://ncto.org/news-events/,https://ncto.org/news-events/,https://ncto.org/news-events/,,,manufacturer,NCTO member,Contact for quote,NCTO,https://ncto.org/about/members/
Press Releases,,,https://ncto.org/news-events/press-releases/,https://ncto.org/news-events/press-releases/,https://ncto.org/news-events/press-releases/,,,manufacturer,NCTO member,Contact for quote,NCTO,https://ncto.org/about/members/
Textiles in the News,,,https://ncto.org/news-events/press-releases/members-in-the-news/,https://ncto.org/news-events/press-releases/members-in-the-news/,https://ncto.org/news-events/press-releases/members-in-the-news/,,,manufacturer,NCTO member,Contact for quote,NCTO,https://ncto.org/about/members/
Textures Magazine,,,https://ncto.org/news-events/press-releases/textures-magazine/,https://ncto.org/news-events/press-releases/textures-magazine/,https://ncto.org/news-events/press-releases/textures-magazine/,,,manufacturer,NCTO member,Contact for quote,NCTO,https://ncto.org/about/members/
Testimony and Statements,,,https://ncto.org/news-events/press-releases/testimony-and-statements/,https://ncto.org/news-events/press-releases/testimony-and-statements/,https://ncto.org/news-events/press-releases/testimony-and-statements/,,,manufacturer,NCTO member,Contact for quote,NCTO,https://ncto.org/about/members/
NCTO Events,,,https://ncto.org/news-events/press-releases/ncto-events/,https://ncto.org/news-events/press-releases/ncto-events/,https://ncto.org/news-events/press-releases/ncto-events/,,,manufacturer,NCTO member,Contact for quote,NCTO,https://ncto.org/about/members/
Industry Calendar,,,https://ncto.org/news-events/press-releases/industry-calendar/,https://ncto.org/news-events/press-releases/industry-calendar/,https://ncto.org/news-events/press-releases/industry-calendar/,,,manufacturer,NCTO member,Contact for quote,NCTO,https://ncto.org/about/members/
Membership,,,https://ncto.org/become-a-member/,https://ncto.org/become-a-member/,https://ncto.org/become-a-member/,,,manufacturer,NCTO member,Contact for quote,NCTO,https://ncto.org/about/members/
Associations and Affiliates,,,https://ncto.org/industry-partners-resources/associations-affiliates/,https://ncto.org/industry-partners-resources/associations-affiliates/,https://ncto.org/industry-partners-resources/associations-affiliates/,,,manufacturer,NCTO member,Contact for quote,NCTO,https://ncto.org/about/members/
Textile Colleges and Universities,,,https://ncto.org/industry-partners-resources/textile-colleges-universities/,https://ncto.org/industry-partners-resources/textile-colleges-universities/,https://ncto.org/industry-partners-resources/textile-colleges-universities/,,,manufacturer,NCTO member,Contact for quote,NCTO,https://ncto.org/about/members/
Government Resources,,,https://ncto.org/industry-partners-resources/government-resources/,https://ncto.org/industry-partners-resources/government-resources/,https://ncto.org/industry-partners-resources/government-resources/,,,manufacturer,NCTO member,Contact for quote,NCTO,https://ncto.org/about/members/
A.B. Carter Inc.,,,https://ncto.org/a-b-carter-inc,https://ncto.org/a-b-carter-inc,https://ncto.org/a-b-carter-inc,,,manufacturer,NCTO member,Contact for quote,NCTO,https://ncto.org/about/members/
Ace Binding Company,,,https://ncto.org/ace-binding/,https://ncto.org/ace-binding/,https://ncto.org/ace-binding/,,,manufacturer,NCTO member,Contact for quote,NCTO,https://ncto.org/about/members/
Alpek Polyester,,,https://ncto.org/alpek-polyester/,https://ncto.org/alpek-polyester/,https://ncto.org/alpek-polyester/,,,manufacturer,NCTO member,Contact for quote,NCTO,https://ncto.org/about/members/
American & Efird LLC,,,https://ncto.org/american-efird/,https://ncto.org/american-efird/,https://ncto.org/american-efird/,,,manufacturer,NCTO member,Contact for quote,NCTO,https://ncto.org/about/members/
American Cotton Shippers Association,,,https://ncto.org/american-cotton-shippers-association/,https://ncto.org/american-cotton-shippers-association/,https://ncto.org/american-cotton-shippers-association/,,,manufacturer,NCTO member,Contact for quote,NCTO,https://ncto.org/about/members/
"American Elastic & Tape, Inc.",,,https://ncto.org/american-elastic-tape/,https://ncto.org/american-elastic-tape/,https://ncto.org/american-elastic-tape/,,,manufacturer,NCTO member,Contact for quote,NCTO,https://ncto.org/about/members/
American Fashion Network LLC,,,https://ncto.org/american-fashion-industry/,https://ncto.org/american-fashion-industry/,https://ncto.org/american-fashion-industry/,,,manufacturer,NCTO member,Contact for quote,NCTO,https://ncto.org/about/members/
American Suessen Corporation,,,https://ncto.org/american-suessen-corporation/,https://ncto.org/american-suessen-corporation/,https://ncto.org/american-suessen-corporation/,,,manufacturer,NCTO member,Contact for quote,NCTO,https://ncto.org/about/members/
American Textile & Apparel Inc.,,,https://ncto.org/american-textile-apparel-inc/,https://ncto.org/american-textile-apparel-inc/,https://ncto.org/american-textile-apparel-inc/,,,manufacturer,NCTO member,Contact for quote,NCTO,https://ncto.org/about/members/
American Truetzschler Inc.,,,https://ncto.org/american-truetzschler-inc/,https://ncto.org/american-truetzschler-inc/,https://ncto.org/american-truetzschler-inc/,,,manufacturer,NCTO member,Contact for quote,NCTO,https://ncto.org/about/members/
American Wax Inc.,,,https://ncto.org/american-wax-inc/,https://ncto.org/american-wax-inc/,https://ncto.org/american-wax-inc/,,,manufacturer,NCTO member,Contact for quote,NCTO,https://ncto.org/about/members/
"American Woolen Company, Inc.",,,https://ncto.org/american-woolen-company-inc/,https://ncto.org/american-woolen-company-inc/,https://ncto.org/american-woolen-company-inc/,,,manufacturer,NCTO member,Contact for quote,NCTO,https://ncto.org/about/members/
Antex,,,https://ncto.org/antex/,https://ncto.org/antex/,https://ncto.org/antex/,,,manufacturer,NCTO member,Contact for quote,NCTO,https://ncto.org/about/members/
"Archroma US, Inc.",,,https://ncto.org/archroma-us-inc/,https://ncto.org/archroma-us-inc/,https://ncto.org/archroma-us-inc/,,,manufacturer,NCTO member,Contact for quote,NCTO,https://ncto.org/about/members/
Auburn Manufacturing,,,https://ncto.org/auburn-manufacturing-inc-ami/,https://ncto.org/auburn-manufacturing-inc-ami/,https://ncto.org/auburn-manufacturing-inc-ami/,,,manufacturer,NCTO member,Contact for quote,NCTO,https://ncto.org/about/members/
Auriga Polymers Inc. & Indorama Ventures USA,,,https://ncto.org/auriga-polymers-inc-indorama-ventures-usa/,https://ncto.org/auriga-polymers-inc-indorama-ventures-usa/,https://ncto.org/auriga-polymers-inc-indorama-ventures-usa/,,,manufacturer,NCTO member,Contact for quote,NCTO,https://ncto.org/about/members/
Aurora Specialty Textiles Group,,,https://ncto.org/aurora-specialty-textiles-group/,https://ncto.org/aurora-specialty-textiles-group/,https://ncto.org/aurora-specialty-textiles-group/,,,manufacturer,NCTO member,Contact for quote,NCTO,https://ncto.org/about/members/
Avon Protection Ceradyne,,,https://ncto.org/avon-protection-ceradyne/,https://ncto.org/avon-protection-ceradyne/,https://ncto.org/avon-protection-ceradyne/,,,manufacturer,NCTO member,Contact for quote,NCTO,https://ncto.org/about/members/
Barnet,,,https://ncto.org/barnet/,https://ncto.org/barnet/,https://ncto.org/barnet/,,,manufacturer,NCTO member,Contact for quote,NCTO,https://ncto.org/about/members/
BASF,,,https://ncto.org/basf/,https://ncto.org/basf/,https://ncto.org/basf/,,,manufacturer,NCTO member,Contact for quote,NCTO,https://ncto.org/about/members/
Beck’s Classic Manufacturing Inc.,,,https://ncto.org/becks-classic-manufacturing-inc/,https://ncto.org/becks-classic-manufacturing-inc/,https://ncto.org/becks-classic-manufacturing-inc/,,,manufacturer,NCTO member,Contact for quote,NCTO,https://ncto.org/about/members/
Beverly Knits Inc.,,,https://ncto.org/beverly-knits-inc/,https://ncto.org/beverly-knits-inc/,https://ncto.org/beverly-knits-inc/,,,manufacturer,NCTO member,Contact for quote,NCTO,https://ncto.org/about/members/
Boxercraft,,,https://ncto.org/boxercraft/,https://ncto.org/boxercraft/,https://ncto.org/boxercraft/,,,manufacturer,NCTO member,Contact for quote,NCTO,https://ncto.org/about/members/
Buhler Quality Yarns Corp.,,,https://ncto.org/buhler-quality-yarns-corp/,https://ncto.org/buhler-quality-yarns-corp/,https://ncto.org/buhler-quality-yarns-corp/,,,manufacturer,NCTO member,Contact for quote,NCTO,https://ncto.org/about/members/
Bureau Veritas,,,https://ncto.org/bureau-veritas/,https://ncto.org/bureau-veritas/,https://ncto.org/bureau-veritas/,,,manufacturer,NCTO member,Contact for quote,NCTO,https://ncto.org/about/members/
Calcot Ltd.,,,https://ncto.org/calcot-ltd/,https://ncto.org/calcot-ltd/,https://ncto.org/calcot-ltd/,,,manufacturer,NCTO member,Contact for quote,NCTO,https://ncto.org/about/members/
Carolinas Cotton Growers Cooperative Inc.,,,https://ncto.org/carolina-cotton-growers-cooperative-inc/,https://ncto.org/carolina-cotton-growers-cooperative-inc/,https://ncto.org/carolina-cotton-growers-cooperative-inc/,,,manufacturer,NCTO member,Contact for quote,NCTO,https://ncto.org/about/members/
"Central Textiles, Inc.",,,https://ncto.org/central-textiles-inc/,https://ncto.org/central-textiles-inc/,https://ncto.org/central-textiles-inc/,,,manufacturer,NCTO member,Contact for quote,NCTO,https://ncto.org/about/members/
Chargeurs Wool (USA) Inc.,,,https://ncto.org/chargeurs-wool-usa-inc/,https://ncto.org/chargeurs-wool-usa-inc/,https://ncto.org/chargeurs-wool-usa-inc/,,,manufacturer,NCTO member,Contact for quote,NCTO,https://ncto.org/about/members/
"Chemical Market Analytics by OPIS, A Dow Jones Company",,,https://ncto.org/chemical-market-analytics-by-opis-a-dow-jones-company/,https://ncto.org/chemical-market-analytics-by-opis-a-dow-jones-company/,https://ncto.org/chemical-market-analytics-by-opis-a-dow-jones-company/,,,manufacturer,NCTO member,Contact for quote,NCTO,https://ncto.org/about/members/
Affiliate Members,,,https://ncto.org/affiliate-members/,https://ncto.org/affiliate-members/,https://ncto.org/affiliate-members/,,,manufacturer,NCTO member,Contact for quote,NCTO,https://ncto.org/about/members/
Members List (A to Z),,,https://ncto.org/about/members-list/,https://ncto.org/about/members-list/,https://ncto.org/about/members-list/,,,manufacturer,NCTO member,Contact for quote,NCTO,https://ncto.org/about/members/
Home,,,https://ncto.org/,https://ncto.org/,https://ncto.org/,,,manufacturer,NCTO member,Contact for quote,NCTO,https://ncto.org/about/members/
We Make Amazing,,,https://ncto.org/we-make-amazing/,https://ncto.org/we-make-amazing/,https://ncto.org/we-make-amazing/,,,manufacturer,NCTO member,Contact for quote,NCTO,https://ncto.org/about/members/
Become a Member,,,https://ncto.org/become-a-member/,https://ncto.org/become-a-member/,https://ncto.org/become-a-member/,,,manufacturer,NCTO member,Contact for quote,NCTO,https://ncto.org/about/members/
Contact,,,https://ncto.org/contact/,https://ncto.org/contact/,https://ncto.org/contact/,,,manufacturer,NCTO member,Contact for quote,NCTO,https://ncto.org/about/members/
City Fire & Safety,,,https://ncto.org/city-fire-safety/,https://ncto.org/city-fire-safety/,https://ncto.org/city-fire-safety/,,,manufacturer,NCTO member,Contact for quote,NCTO,https://ncto.org/about/members/
Clover Knits,,,https://ncto.org/clover-knits/,https://ncto.org/clover-knits/,https://ncto.org/clover-knits/,,,manufacturer,NCTO member,Contact for quote,NCTO,https://ncto.org/about/members/
Columbia Flag & Sign,,,https://ncto.org/columbia-flag-sign/,https://ncto.org/columbia-flag-sign/,https://ncto.org/columbia-flag-sign/,,,manufacturer,NCTO member,Contact for quote,NCTO,https://ncto.org/about/members/
Contempora Fabrics,,,https://ncto.org/contempora-fabrics/,https://ncto.org/contempora-fabrics/,https://ncto.org/contempora-fabrics/,,,manufacturer,NCTO member,Contact for quote,NCTO,https://ncto.org/about/members/
Cotton Incorporated,,,https://ncto.org/cotton-incorporated/,https://ncto.org/cotton-incorporated/,https://ncto.org/cotton-incorporated/,,,manufacturer,NCTO member,Contact for quote,NCTO,https://ncto.org/about/members/
Crypton LLC,,,https://ncto.org/crypton-llc/,https://ncto.org/crypton-llc/,https://ncto.org/crypton-llc/,,,manufacturer,NCTO member,Contact for quote,NCTO,https://ncto.org/about/members/
"Defender Services, Inc.",,,https://ncto.org/defender-services-inc/,https://ncto.org/defender-services-inc/,https://ncto.org/defender-services-inc/,,,manufacturer,NCTO member,Contact for quote,NCTO,https://ncto.org/about/members/
DNA Technical Fabrics,,,https://ncto.org/dna-technical-fabrics/,https://ncto.org/dna-technical-fabrics/,https://ncto.org/dna-technical-fabrics/,,,manufacturer,NCTO member,Contact for quote,NCTO,https://ncto.org/about/members/
Down Decor,,,https://ncto.org/down-decor,https://ncto.org/down-decor,https://ncto.org/down-decor,,,manufacturer,NCTO member,Contact for quote,NCTO,https://ncto.org/about/members/
Duke Energy Corporation,,,https://ncto.org/duke-energy-corporation/,https://ncto.org/duke-energy-corporation/,https://ncto.org/duke-energy-corporation/,,,manufacturer,NCTO member,Contact for quote,NCTO,https://ncto.org/about/members/
DuPont Personal Protection,,,https://ncto.org/dupont-protection-technologies/,https://ncto.org/dupont-protection-technologies/,https://ncto.org/dupont-protection-technologies/,,,manufacturer,NCTO member,Contact for quote,NCTO,https://ncto.org/about/members/
Electritex,,,https://ncto.org/electritex/,https://ncto.org/electritex/,https://ncto.org/electritex/,,,manufacturer,NCTO member,Contact for quote,NCTO,https://ncto.org/about/members/
Burlington Fabrics (Elevate Textiles),,,https://ncto.org/burlington-fabrics-elevate-textiles/,https://ncto.org/burlington-fabrics-elevate-textiles/,https://ncto.org/burlington-fabrics-elevate-textiles/,,,manufacturer,NCTO member,Contact for quote,NCTO,https://ncto.org/about/members/
Embroidery Solutions,,,https://ncto.org/embroidery-solutions/,https://ncto.org/embroidery-solutions/,https://ncto.org/embroidery-solutions/,,,manufacturer,NCTO member,Contact for quote,NCTO,https://ncto.org/about/members/
Ethan Allen,,,https://ncto.org/ethan-allen/,https://ncto.org/ethan-allen/,https://ncto.org/ethan-allen/,,,manufacturer,NCTO member,Contact for quote,NCTO,https://ncto.org/about/members/
Everra,,,https://ncto.org/everra/,https://ncto.org/everra/,https://ncto.org/everra/,,,manufacturer,NCTO member,Contact for quote,NCTO,https://ncto.org/about/members/
Fairfield Chair,,,https://ncto.org/fairfield-chair/,https://ncto.org/fairfield-chair/,https://ncto.org/fairfield-chair/,,,manufacturer,NCTO member,Contact for quote,NCTO,https://ncto.org/about/members/
Fechheimer,,,https://ncto.org/fechheimer/,https://ncto.org/fechheimer/,https://ncto.org/fechheimer/,,,manufacturer,NCTO member,Contact for quote,NCTO,https://ncto.org/about/members/
Ferrara Manufacturing,,,https://ncto.org/ferrara-mfg/,https://ncto.org/ferrara-mfg/,https://ncto.org/ferrara-mfg/,,,manufacturer,NCTO member,Contact for quote,NCTO,https://ncto.org/about/members/
Fi-Tech,,,https://ncto.org/fi-tech/,https://ncto.org/fi-tech/,https://ncto.org/fi-tech/,,,manufacturer,NCTO member,Contact for quote,NCTO,https://ncto.org/about/members/
Freedom and Glory,,,https://ncto.org/freedom-and-glory/,https://ncto.org/freedom-and-glory/,https://ncto.org/freedom-and-glory/,,,manufacturer,NCTO member,Contact for quote,NCTO,https://ncto.org/about/members/
"Fruit of the Loom, Inc.",,,https://ncto.org/fruit-of-the-loom-inc/,https://ncto.org/fruit-of-the-loom-inc/,https://ncto.org/fruit-of-the-loom-inc/,,,manufacturer,NCTO member,Contact for quote,NCTO,https://ncto.org/about/members/
"Gildan Activewear, Inc.",,,https://ncto.org/gildan-activewear-inc/,https://ncto.org/gildan-activewear-inc/,https://ncto.org/gildan-activewear-inc/,,,manufacturer,NCTO member,Contact for quote,NCTO,https://ncto.org/about/members/
"Glen Raven, Inc.",,,https://ncto.org/glen-raven-inc/,https://ncto.org/glen-raven-inc/,https://ncto.org/glen-raven-inc/,,,manufacturer,NCTO member,Contact for quote,NCTO,https://ncto.org/about/members/
"Goetz & Sons, Inc.",,,https://ncto.org/goetz-sons-inc/,https://ncto.org/goetz-sons-inc/,https://ncto.org/goetz-sons-inc/,,,manufacturer,NCTO member,Contact for quote,NCTO,https://ncto.org/about/members/
"Greenwood Mills, Inc.",,,https://ncto.org/greenwood-mills-inc/,https://ncto.org/greenwood-mills-inc/,https://ncto.org/greenwood-mills-inc/,,,manufacturer,NCTO member,Contact for quote,NCTO,https://ncto.org/about/members/
"Hamrick Mills, Inc.",,,https://ncto.org/hamrick-mills-inc/,https://ncto.org/hamrick-mills-inc/,https://ncto.org/hamrick-mills-inc/,,,manufacturer,NCTO member,Contact for quote,NCTO,https://ncto.org/about/members/
Hanesbrands Inc.,,,https://ncto.org/hanesbrands-inc/,https://ncto.org/hanesbrands-inc/,https://ncto.org/hanesbrands-inc/,,,manufacturer,NCTO member,Contact for quote,NCTO,https://ncto.org/about/members/
Health Supply US,,,https://ncto.org/health-supply-us/,https://ncto.org/health-supply-us/,https://ncto.org/health-supply-us/,,,manufacturer,NCTO member,Contact for quote,NCTO,https://ncto.org/about/members/
"Henderson Sewing Machine Co., Inc.",,,https://ncto.org/henderson-sewing-machine-co/,https://ncto.org/henderson-sewing-machine-co/,https://ncto.org/henderson-sewing-machine-co/,,,manufacturer,NCTO member,Contact for quote,NCTO,https://ncto.org/about/members/
HomTex Inc.,,,https://ncto.org/homtex-inc/,https://ncto.org/homtex-inc/,https://ncto.org/homtex-inc/,,,manufacturer,NCTO member,Contact for quote,NCTO,https://ncto.org/about/members/
Huntsman Corporation,,,https://ncto.org/huntsman-corporation/,https://ncto.org/huntsman-corporation/,https://ncto.org/huntsman-corporation/,,,manufacturer,NCTO member,Contact for quote,NCTO,https://ncto.org/about/members/
Inman Mills,,,https://ncto.org/inman-mills/,https://ncto.org/inman-mills/,https://ncto.org/inman-mills/,,,manufacturer,NCTO member,Contact for quote,NCTO,https://ncto.org/about/members/
"ITEMA America, Inc.",,,https://ncto.org/itema-america-inc/,https://ncto.org/itema-america-inc/,https://ncto.org/itema-america-inc/,,,manufacturer,NCTO member,Contact for quote,NCTO,https://ncto.org/about/members/
JB Martin Company,,,https://ncto.org/jb-martin-company/,https://ncto.org/jb-martin-company/,https://ncto.org/jb-martin-company/,,,manufacturer,NCTO member,Contact for quote,NCTO,https://ncto.org/about/members/
Kaltex America Inc.,,,https://ncto.org/kaltex-america-inc/,https://ncto.org/kaltex-america-inc/,https://ncto.org/kaltex-america-inc/,,,manufacturer,NCTO member,Contact for quote,NCTO,https://ncto.org/about/members/
"Kaneka Americas Holding, Inc.",,,https://ncto.org/kaneka-americas-holding-inc/,https://ncto.org/kaneka-americas-holding-inc/,https://ncto.org/kaneka-americas-holding-inc/,,,manufacturer,NCTO member,Contact for quote,NCTO,https://ncto.org/about/members/
Kelley Drye & Warren LLP,,,https://ncto.org/kelley-drye-warren-llp/,https://ncto.org/kelley-drye-warren-llp/,https://ncto.org/kelley-drye-warren-llp/,,,manufacturer,NCTO member,Contact for quote,NCTO,https://ncto.org/about/members/
KENTWOOL,,,https://ncto.org/kentwool/,https://ncto.org/kentwool/,https://ncto.org/kentwool/,,,manufacturer,NCTO member,Contact for quote,NCTO,https://ncto.org/about/members/
Kordsa,,,https://ncto.org/kordsa/,https://ncto.org/kordsa/,https://ncto.org/kordsa/,,,manufacturer,NCTO member,Contact for quote,NCTO,https://ncto.org/about/members/
"Lenzing Fibers, Inc.",,,https://ncto.org/lenzing-fibers-inc/,https://ncto.org/lenzing-fibers-inc/,https://ncto.org/lenzing-fibers-inc/,,,manufacturer,NCTO member,Contact for quote,NCTO,https://ncto.org/about/members/
MMI Textiles,,,https://ncto.org/mmi-textiles/,https://ncto.org/mmi-textiles/,https://ncto.org/mmi-textiles/,,,manufacturer,NCTO member,Contact for quote,NCTO,https://ncto.org/about/members/
McMichael Mills Inc.,,,https://ncto.org/mcmichaels-inc/,https://ncto.org/mcmichaels-inc/,https://ncto.org/mcmichaels-inc/,,,manufacturer,NCTO member,Contact for quote,NCTO,https://ncto.org/about/members/
Meridian Specialty Yarn Group,,,https://ncto.org/meridian-specialty-yarn-group/,https://ncto.org/meridian-specialty-yarn-group/,https://ncto.org/meridian-specialty-yarn-group/,,,manufacturer,NCTO member,Contact for quote,NCTO,https://ncto.org/about/members/
Merrow Manufacturing,,,https://ncto.org/merrow-manufacturing/,https://ncto.org/merrow-manufacturing/,https://ncto.org/merrow-manufacturing/,,,manufacturer,NCTO member,Contact for quote,NCTO,https://ncto.org/about/members/
Milberg Factors Inc.,,,https://ncto.org/milberg-factors-inc/,https://ncto.org/milberg-factors-inc/,https://ncto.org/milberg-factors-inc/,,,manufacturer,NCTO member,Contact for quote,NCTO,https://ncto.org/about/members/
Milliken & Company,,,https://ncto.org/milliken-company/,https://ncto.org/milliken-company/,https://ncto.org/milliken-company/,,,manufacturer,NCTO member,Contact for quote,NCTO,https://ncto.org/about/members/
"Mount Vernon Mills, Inc.",,,https://ncto.org/mount-vernon-mills-inc/,https://ncto.org/mount-vernon-mills-inc/,https://ncto.org/mount-vernon-mills-inc/,,,manufacturer,NCTO member,Contact for quote,NCTO,https://ncto.org/about/members/
"Murata Machinery USA, Inc.",,,https://ncto.org/murata-machinary-usa-inc/,https://ncto.org/murata-machinary-usa-inc/,https://ncto.org/murata-machinary-usa-inc/,,,manufacturer,NCTO member,Contact for quote,NCTO,https://ncto.org/about/members/
Nan Ya Plastics Corporation USA,,,https://ncto.org/nan-ya-plastics-corporation-usa/,https://ncto.org/nan-ya-plastics-corporation-usa/,https://ncto.org/nan-ya-plastics-corporation-usa/,,,manufacturer,NCTO member,Contact for quote,NCTO,https://ncto.org/about/members/
National Safety Apparel,,,https://ncto.org/national-safety-apparel/,https://ncto.org/national-safety-apparel/,https://ncto.org/national-safety-apparel/,,,manufacturer,NCTO member,Contact for quote,NCTO,https://ncto.org/about/members/
New Balance,,,https://ncto.org/new-balance/,https://ncto.org/new-balance/,https://ncto.org/new-balance/,,,manufacturer,NCTO member,Contact for quote,NCTO,https://ncto.org/about/members/
New York Embroidery Studio,,,https://ncto.org/new-york-embroidery-studio/,https://ncto.org/new-york-embroidery-studio/,https://ncto.org/new-york-embroidery-studio/,,,manufacturer,NCTO member,Contact for quote,NCTO,https://ncto.org/about/members/
Newtex,,,https://ncto.org/newtex/,https://ncto.org/newtex/,https://ncto.org/newtex/,,,manufacturer,NCTO member,Contact for quote,NCTO,https://ncto.org/about/members/
Nilit America Inc.,,,https://ncto.org/nilit-america-inc/,https://ncto.org/nilit-america-inc/,https://ncto.org/nilit-america-inc/,,,manufacturer,NCTO member,Contact for quote,NCTO,https://ncto.org/about/members/
Ocean State Innovators,,,https://ncto.org/ocean-state-innovations/,https://ncto.org/ocean-state-innovations/,https://ncto.org/ocean-state-innovations/,,,manufacturer,NCTO member,Contact for quote,NCTO,https://ncto.org/about/members/
Owens & Minor,,,https://ncto.org/owens-minor/,https://ncto.org/owens-minor/,https://ncto.org/owens-minor/,,,manufacturer,NCTO member,Contact for quote,NCTO,https://ncto.org/about/members/
"Palmetto Synthetics, LLC",,,https://ncto.org/palmetto-synthetics-llc/,https://ncto.org/palmetto-synthetics-llc/,https://ncto.org/palmetto-synthetics-llc/,,,manufacturer,NCTO member,Contact for quote,NCTO,https://ncto.org/about/members/
"Parkdale, Inc.",,,https://ncto.org/parkdale-mills/,https://ncto.org/parkdale-mills/,https://ncto.org/parkdale-mills/,,,manufacturer,NCTO member,Contact for quote,NCTO,https://ncto.org/about/members/
Pendleton Woolen Mills,,,https://ncto.org/pendleton-woolen-mills/,https://ncto.org/pendleton-woolen-mills/,https://ncto.org/pendleton-woolen-mills/,,,manufacturer,NCTO member,Contact for quote,NCTO,https://ncto.org/about/members/
"PHP Fibers, Inc.",,,https://ncto.org/php-fibers-inc/,https://ncto.org/php-fibers-inc/,https://ncto.org/php-fibers-inc/,,,manufacturer,NCTO member,Contact for quote,NCTO,https://ncto.org/about/members/
"Picanol of America, Inc.",,,https://ncto.org/picanol-of-america-inc/,https://ncto.org/picanol-of-america-inc/,https://ncto.org/picanol-of-america-inc/,,,manufacturer,NCTO member,Contact for quote,NCTO,https://ncto.org/about/members/
Plains Cotton Cooperative Association,,,https://ncto.org/plains-cotton-cooperative-association/,https://ncto.org/plains-cotton-cooperative-association/,https://ncto.org/plains-cotton-cooperative-association/,,,manufacturer,NCTO member,Contact for quote,NCTO,https://ncto.org/about/members/
PNC Financial Services Group,,,https://ncto.org/pnc-financial-services-group/,https://ncto.org/pnc-financial-services-group/,https://ncto.org/pnc-financial-services-group/,,,manufacturer,NCTO member,Contact for quote,NCTO,https://ncto.org/about/members/
Precision Machine Products Inc.,,,https://ncto.org/precision-machine-products-inc/,https://ncto.org/precision-machine-products-inc/,https://ncto.org/precision-machine-products-inc/,,,manufacturer,NCTO member,Contact for quote,NCTO,https://ncto.org/about/members/
"Premiere Fibers, Inc.",,,https://ncto.org/premiere-fibers-inc/,https://ncto.org/premiere-fibers-inc/,https://ncto.org/premiere-fibers-inc/,,,manufacturer,NCTO member,Contact for quote,NCTO,https://ncto.org/about/members/
Pulcra Chemicals LLC,,,https://ncto.org/pulcra-chemicals-llc/,https://ncto.org/pulcra-chemicals-llc/,https://ncto.org/pulcra-chemicals-llc/,,,manufacturer,NCTO member,Contact for quote,NCTO,https://ncto.org/about/members/
Redland Cotton,,,https://ncto.org/redland-cotton/,https://ncto.org/redland-cotton/,https://ncto.org/redland-cotton/,,,manufacturer,NCTO member,Contact for quote,NCTO,https://ncto.org/about/members/
Richloom,,,https://ncto.org/richloom/,https://ncto.org/richloom/,https://ncto.org/richloom/,,,manufacturer,NCTO member,Contact for quote,NCTO,https://ncto.org/about/members/
Rieter America LLC,,,https://ncto.org/rieter-america-llc/,https://ncto.org/rieter-america-llc/,https://ncto.org/rieter-america-llc/,,,manufacturer,NCTO member,Contact for quote,NCTO,https://ncto.org/about/members/
RSM Company,,,https://ncto.org/rsm-company/,https://ncto.org/rsm-company/,https://ncto.org/rsm-company/,,,manufacturer,NCTO member,Contact for quote,NCTO,https://ncto.org/about/members/
Sage Automotive Interiors,,,https://ncto.org/sage-automotive-interiors/,https://ncto.org/sage-automotive-interiors/,https://ncto.org/sage-automotive-interiors/,,,manufacturer,NCTO member,Contact for quote,NCTO,https://ncto.org/about/members/
Salem Corporation,,,https://ncto.org/salem-corporation/,https://ncto.org/salem-corporation/,https://ncto.org/salem-corporation/,,,manufacturer,NCTO member,Contact for quote,NCTO,https://ncto.org/about/members/
SanMar Corporation,,,https://ncto.org/sanmar-corporation/,https://ncto.org/sanmar-corporation/,https://ncto.org/sanmar-corporation/,,,manufacturer,NCTO member,Contact for quote,NCTO,https://ncto.org/about/members/
Saurer Inc.,,,https://ncto.org/saurer-inc/,https://ncto.org/saurer-inc/,https://ncto.org/saurer-inc/,,,manufacturer,NCTO member,Contact for quote,NCTO,https://ncto.org/about/members/
Schneider Mills Inc.,,,https://ncto.org/schneider-inc/,https://ncto.org/schneider-inc/,https://ncto.org/schneider-inc/,,,manufacturer,NCTO member,Contact for quote,NCTO,https://ncto.org/about/members/
Service Thread,,,https://ncto.org/service-thread/,https://ncto.org/service-thread/,https://ncto.org/service-thread/,,,manufacturer,NCTO member,Contact for quote,NCTO,https://ncto.org/about/members/
Shuford Yarns LLC,,,https://ncto.org/shuford-yarns-llc/,https://ncto.org/shuford-yarns-llc/,https://ncto.org/shuford-yarns-llc/,,,manufacturer,NCTO member,Contact for quote,NCTO,https://ncto.org/about/members/
Signet Mills,,,https://ncto.org/signet-mills/,https://ncto.org/signet-mills/,https://ncto.org/signet-mills/,,,manufacturer,NCTO member,Contact for quote,NCTO,https://ncto.org/about/members/
SNC Technical Services LLC,,,https://ncto.org/snc-technical-services-llc/,https://ncto.org/snc-technical-services-llc/,https://ncto.org/snc-technical-services-llc/,,,manufacturer,NCTO member,Contact for quote,NCTO,https://ncto.org/about/members/
Sonoco USA,,,https://ncto.org/sonoco/,https://ncto.org/sonoco/,https://ncto.org/sonoco/,,,manufacturer,NCTO member,Contact for quote,NCTO,https://ncto.org/about/members/
"Standard Textile Company, Inc.",,,https://ncto.org/standard-textile/,https://ncto.org/standard-textile/,https://ncto.org/standard-textile/,,,manufacturer,NCTO member,Contact for quote,NCTO,https://ncto.org/about/members/
Staple Cotton Cooperative Association,,,https://ncto.org/staple-cotton-cooperative-association/,https://ncto.org/staple-cotton-cooperative-association/,https://ncto.org/staple-cotton-cooperative-association/,,,manufacturer,NCTO member,Contact for quote,NCTO,https://ncto.org/about/members/
Stäubli Corporation,,,https://ncto.org/staubli-corporation/,https://ncto.org/staubli-corporation/,https://ncto.org/staubli-corporation/,,,manufacturer,NCTO member,Contact for quote,NCTO,https://ncto.org/about/members/
StringKing,,,https://ncto.org/string-king/,https://ncto.org/string-king/,https://ncto.org/string-king/,,,manufacturer,NCTO member,Contact for quote,NCTO,https://ncto.org/about/members/
Sun Fiber LLC,,,https://ncto.org/sun-fiber-llc/,https://ncto.org/sun-fiber-llc/,https://ncto.org/sun-fiber-llc/,,,manufacturer,NCTO member,Contact for quote,NCTO,https://ncto.org/about/members/
Swisstex Direct,,,https://ncto.org/swisstex-direct/,https://ncto.org/swisstex-direct/,https://ncto.org/swisstex-direct/,,,manufacturer,NCTO member,Contact for quote,NCTO,https://ncto.org/about/members/
SYMTECH Inc.,,,https://ncto.org/symtech-inc/,https://ncto.org/symtech-inc/,https://ncto.org/symtech-inc/,,,manufacturer,NCTO member,Contact for quote,NCTO,https://ncto.org/about/members/
Texpasa,,,https://ncto.org/texpasa/,https://ncto.org/texpasa/,https://ncto.org/texpasa/,,,manufacturer,NCTO member,Contact for quote,NCTO,https://ncto.org/about/members/
The Brickle Group,,,https://ncto.org/the-brickle-group/,https://ncto.org/the-brickle-group/,https://ncto.org/the-brickle-group/,,,manufacturer,NCTO member,Contact for quote,NCTO,https://ncto.org/about/members/
The LYCRA Company,,,https://ncto.org/the-lycra-company/,https://ncto.org/the-lycra-company/,https://ncto.org/the-lycra-company/,,,manufacturer,NCTO member,Contact for quote,NCTO,https://ncto.org/about/members/
The Moore Company,,,https://ncto.org/the-moore-company/,https://ncto.org/the-moore-company/,https://ncto.org/the-moore-company/,,,manufacturer,NCTO member,Contact for quote,NCTO,https://ncto.org/about/members/
Thibaut Design,,,https://ncto.org/thibaut-design/,https://ncto.org/thibaut-design/,https://ncto.org/thibaut-design/,,,manufacturer,NCTO member,Contact for quote,NCTO,https://ncto.org/about/members/
Thies,,,https://ncto.org/thies/,https://ncto.org/thies/,https://ncto.org/thies/,,,manufacturer,NCTO member,Contact for quote,NCTO,https://ncto.org/about/members/
TSG Finishing,,,https://ncto.org/tsg-finishing-llc/,https://ncto.org/tsg-finishing-llc/,https://ncto.org/tsg-finishing-llc/,,,manufacturer,NCTO member,Contact for quote,NCTO,https://ncto.org/about/members/
Two One Two New York,,,https://ncto.org/two-one-two-new-york/,https://ncto.org/two-one-two-new-york/,https://ncto.org/two-one-two-new-york/,,,manufacturer,NCTO member,Contact for quote,NCTO,https://ncto.org/about/members/
Under Armour Inc.,,,https://ncto.org/under-armour-inc/,https://ncto.org/under-armour-inc/,https://ncto.org/under-armour-inc/,,,manufacturer,NCTO member,Contact for quote,NCTO,https://ncto.org/about/members/
UNIFI Inc.,,,https://ncto.org/unifi-inc/,https://ncto.org/unifi-inc/,https://ncto.org/unifi-inc/,,,manufacturer,NCTO member,Contact for quote,NCTO,https://ncto.org/about/members/
"Uster Technologies, Inc.",,,https://ncto.org/uster-technologies-inc/,https://ncto.org/uster-technologies-inc/,https://ncto.org/uster-technologies-inc/,,,manufacturer,NCTO member,Contact for quote,NCTO,https://ncto.org/about/members/
Valdese Weavers,,,https://ncto.org/valdese-weavers/,https://ncto.org/valdese-weavers/,https://ncto.org/valdese-weavers/,,,manufacturer,NCTO member,Contact for quote,NCTO,https://ncto.org/about/members/
Valley Forge Flag,,,https://ncto.org/valley-forge-flag/,https://ncto.org/valley-forge-flag/,https://ncto.org/valley-forge-flag/,,,manufacturer,NCTO member,Contact for quote,NCTO,https://ncto.org/about/members/
"Van de Wiele, Inc.",,,https://ncto.org/van-de-wiele-inc/,https://ncto.org/van-de-wiele-inc/,https://ncto.org/van-de-wiele-inc/,,,manufacturer,NCTO member,Contact for quote,NCTO,https://ncto.org/about/members/
WL Gore & Associates Inc.,,,https://ncto.org/wl-gore-associates-inc/,https://ncto.org/wl-gore-associates-inc/,https://ncto.org/wl-gore-associates-inc/,,,manufacturer,NCTO member,Contact for quote,NCTO,https://ncto.org/about/members/
Wildwood Cotton Technologies,,,https://ncto.org/wildwood-cotton-technologies/,https://ncto.org/wildwood-cotton-technologies/,https://ncto.org/wildwood-cotton-technologies/,,,manufacturer,NCTO member,Contact for quote,NCTO,https://ncto.org/about/members/
Wilson Brown Sock Company,,,https://ncto.org/wilson-brown-sock-company/,https://ncto.org/wilson-brown-sock-company/,https://ncto.org/wilson-brown-sock-company/,,,manufacturer,NCTO member,Contact for quote,NCTO,https://ncto.org/about/members/
YKK Corporation of America,,,https://ncto.org/ykk-corporation-of-america/,https://ncto.org/ykk-corporation-of-america/,https://ncto.org/ykk-corporation-of-america/,,,manufacturer,NCTO member,Contact for quote,NCTO,https://ncto.org/about/members/
