name,city,state,url,website,buy_link,phone,email,type,notes,source,source_url,prices
A-B Emblem,Weaverville,NC,https://textileconnect.com/directory/a-b-emblem/,https://textileconnect.com/directory/a-b-emblem/,https://textileconnect.com/directory/a-b-emblem/,,,manufacturer,Textile Connect: apparel-and-product-manufacturing,Textile Connect,https://textileconnect.com/directory/,Contact for quote
"A. B. Carter, Inc.",Gastonia,NC,https://textileconnect.com/directory/a-b-carter-inc/,https://textileconnect.com/directory/a-b-carter-inc/,https://textileconnect.com/directory/a-b-carter-inc/,,,manufacturer,Textile Connect: apparel-and-product-manufacturing,Textile Connect,https://textileconnect.com/directory/,Contact for quote
"A.E. Nathan Co., Inc.",New York,NY,https://textileconnect.com/directory/a-e-nathan-co-inc/,https://textileconnect.com/directory/a-e-nathan-co-inc/,https://textileconnect.com/directory/a-e-nathan-co-inc/,,,manufacturer,Textile Connect: apparel-and-product-manufacturing,Textile Connect,https://textileconnect.com/directory/,Contact for quote
A. Hoffman Awning Co.,Baltimore,MD,https://textileconnect.com/directory/a-hoffman-awning-co/,https://textileconnect.com/directory/a-hoffman-awning-co/,https://textileconnect.com/directory/a-hoffman-awning-co/,,,manufacturer,Textile Connect: apparel-and-product-manufacturing,Textile Connect,https://textileconnect.com/directory/,Contact for quote
A. Kuehnert & Company,Monroe,NY,https://textileconnect.com/directory/a-kuehnert-company/,https://textileconnect.com/directory/a-kuehnert-company/,https://textileconnect.com/directory/a-kuehnert-company/,,,manufacturer,Textile Connect: apparel-and-product-manufacturing,Textile Connect,https://textileconnect.com/directory/,Contact for quote
A. Smith & Son Inc.,Burlington,NJ,https://textileconnect.com/directory/a-smith-son-inc/,https://textileconnect.com/directory/a-smith-son-inc/,https://textileconnect.com/directory/a-smith-son-inc/,,,manufacturer,Textile Connect: apparel-and-product-manufacturing,Textile Connect,https://textileconnect.com/directory/,Contact for quote
A/V Drapery & Designers,Chapin,SC,https://textileconnect.com/directory/a-v-drapery-designers/,https://textileconnect.com/directory/a-v-drapery-designers/,https://textileconnect.com/directory/a-v-drapery-designers/,,,manufacturer,Textile Connect: apparel-and-product-manufacturing,Textile Connect,https://textileconnect.com/directory/,Contact for quote
A & A Awnings and Storm Shutters,Virginia Beach,VA,https://textileconnect.com/directory/a-a-awnings-and-storm-shutters/,https://textileconnect.com/directory/a-a-awnings-and-storm-shutters/,https://textileconnect.com/directory/a-a-awnings-and-storm-shutters/,,,manufacturer,Textile Connect: apparel-and-product-manufacturing,Textile Connect,https://textileconnect.com/directory/,Contact for quote
A&A Enterprises,Greensboro,NC,https://textileconnect.com/directory/aa-enterprises/,https://textileconnect.com/directory/aa-enterprises/,https://textileconnect.com/directory/aa-enterprises/,,,manufacturer,Textile Connect: apparel-and-product-manufacturing,Textile Connect,https://textileconnect.com/directory/,Contact for quote
A & J Canvas Inc.,Vanceboro,NC,https://textileconnect.com/directory/a-j-canvas-inc/,https://textileconnect.com/directory/a-j-canvas-inc/,https://textileconnect.com/directory/a-j-canvas-inc/,,,manufacturer,Textile Connect: apparel-and-product-manufacturing,Textile Connect,https://textileconnect.com/directory/,Contact for quote
"A & P Technology, Inc.",Cincinnati,OH,https://textileconnect.com/directory/a-p-technology-inc/,https://textileconnect.com/directory/a-p-technology-inc/,https://textileconnect.com/directory/a-p-technology-inc/,,,manufacturer,Textile Connect: apparel-and-product-manufacturing,Textile Connect,https://textileconnect.com/directory/,Contact for quote
A & S Tool & Die Inc,Kernersville,NC,https://textileconnect.com/directory/a-s-tool-die-inc/,https://textileconnect.com/directory/a-s-tool-die-inc/,https://textileconnect.com/directory/a-s-tool-die-inc/,,,manufacturer,Textile Connect: apparel-and-product-manufacturing,Textile Connect,https://textileconnect.com/directory/,Contact for quote
A+ Products Inc.,Marlboro,NJ,https://textileconnect.com/directory/a-products-inc/,https://textileconnect.com/directory/a-products-inc/,https://textileconnect.com/directory/a-products-inc/,,,manufacturer,Textile Connect: apparel-and-product-manufacturing,Textile Connect,https://textileconnect.com/directory/,Contact for quote
AAAA Northstar Flag,Greensboro,NC,https://textileconnect.com/directory/aaaa-northstar-flag/,https://textileconnect.com/directory/aaaa-northstar-flag/,https://textileconnect.com/directory/aaaa-northstar-flag/,,,manufacturer,Textile Connect: apparel-and-product-manufacturing,Textile Connect,https://textileconnect.com/directory/,Contact for quote
AAAA Northstar Flag – Chapel Hill,Chapel Hill,NC,https://textileconnect.com/directory/aaaa-northstar-flag-chapel-hill/,https://textileconnect.com/directory/aaaa-northstar-flag-chapel-hill/,https://textileconnect.com/directory/aaaa-northstar-flag-chapel-hill/,,,manufacturer,Textile Connect: apparel-and-product-manufacturing,Textile Connect,https://textileconnect.com/directory/,Contact for quote
AAAA Northstar Flag – Greensboro,Greensboro,NC,https://textileconnect.com/directory/aaaa-northstar-flag-greensboro/,https://textileconnect.com/directory/aaaa-northstar-flag-greensboro/,https://textileconnect.com/directory/aaaa-northstar-flag-greensboro/,,,manufacturer,Textile Connect: apparel-and-product-manufacturing,Textile Connect,https://textileconnect.com/directory/,Contact for quote
AAAA Northstar Flag – Raleigh,Raleigh,NC,https://textileconnect.com/directory/aaaa-northstar-flag-raleigh/,https://textileconnect.com/directory/aaaa-northstar-flag-raleigh/,https://textileconnect.com/directory/aaaa-northstar-flag-raleigh/,,,manufacturer,Textile Connect: apparel-and-product-manufacturing,Textile Connect,https://textileconnect.com/directory/,Contact for quote
AAAA Northstar Flag – Rocky Mount,Rocky Mount,NC,https://textileconnect.com/directory/aaaa-northstar-flag-rocky-mount/,https://textileconnect.com/directory/aaaa-northstar-flag-rocky-mount/,https://textileconnect.com/directory/aaaa-northstar-flag-rocky-mount/,,,manufacturer,Textile Connect: apparel-and-product-manufacturing,Textile Connect,https://textileconnect.com/directory/,Contact for quote
AAA Awning Co. Inc.,Houston,TX,https://textileconnect.com/directory/aaa-awning-co-inc/,https://textileconnect.com/directory/aaa-awning-co-inc/,https://textileconnect.com/directory/aaa-awning-co-inc/,,,manufacturer,Textile Connect: apparel-and-product-manufacturing,Textile Connect,https://textileconnect.com/directory/,Contact for quote
Aamstrand Ropes & Twines Inc.,Manteno,IL,https://textileconnect.com/directory/aamstrand-ropes-twines-inc/,https://textileconnect.com/directory/aamstrand-ropes-twines-inc/,https://textileconnect.com/directory/aamstrand-ropes-twines-inc/,,,manufacturer,Textile Connect: apparel-and-product-manufacturing,Textile Connect,https://textileconnect.com/directory/,Contact for quote
ABC Canvas Inc,Farmington,NM,https://textileconnect.com/directory/abc-canvas-inc/,https://textileconnect.com/directory/abc-canvas-inc/,https://textileconnect.com/directory/abc-canvas-inc/,,,manufacturer,Textile Connect: apparel-and-product-manufacturing,Textile Connect,https://textileconnect.com/directory/,Contact for quote
ABC Hosiery,Youngsville,NC,https://textileconnect.com/directory/abc-hosiery/,https://textileconnect.com/directory/abc-hosiery/,https://textileconnect.com/directory/abc-hosiery/,,,manufacturer,Textile Connect: apparel-and-product-manufacturing,Textile Connect,https://textileconnect.com/directory/,Contact for quote
"ABC Industries, Inc.",Winona Lake,IN,https://textileconnect.com/directory/abc-industries-inc/,https://textileconnect.com/directory/abc-industries-inc/,https://textileconnect.com/directory/abc-industries-inc/,,,manufacturer,Textile Connect: apparel-and-product-manufacturing,Textile Connect,https://textileconnect.com/directory/,Contact for quote
Abea Leather Inc.,New York,NY,https://textileconnect.com/directory/abea-leather-inc/,https://textileconnect.com/directory/abea-leather-inc/,https://textileconnect.com/directory/abea-leather-inc/,,,manufacturer,Textile Connect: apparel-and-product-manufacturing,Textile Connect,https://textileconnect.com/directory/,Contact for quote
Abel Resources,Greensboro,NC,https://textileconnect.com/directory/abel-resources/,https://textileconnect.com/directory/abel-resources/,https://textileconnect.com/directory/abel-resources/,,,manufacturer,Textile Connect: apparel-and-product-manufacturing,Textile Connect,https://textileconnect.com/directory/,Contact for quote
ABJ Enterprises Inc,Dunn,NC,https://textileconnect.com/directory/abj-enterprises-inc/,https://textileconnect.com/directory/abj-enterprises-inc/,https://textileconnect.com/directory/abj-enterprises-inc/,,,manufacturer,Textile Connect: apparel-and-product-manufacturing,Textile Connect,https://textileconnect.com/directory/,Contact for quote
Above Fashion & Design – Fuquay Varina,Fuquay Varina,NC,https://textileconnect.com/directory/above-fashion-design-fuquay-varina/,https://textileconnect.com/directory/above-fashion-design-fuquay-varina/,https://textileconnect.com/directory/above-fashion-design-fuquay-varina/,,,manufacturer,Textile Connect: apparel-and-product-manufacturing,Textile Connect,https://textileconnect.com/directory/,Contact for quote
Abracadabra Signage & Graphics,Greenville,NC,https://textileconnect.com/directory/abracadabra-signage-graphics/,https://textileconnect.com/directory/abracadabra-signage-graphics/,https://textileconnect.com/directory/abracadabra-signage-graphics/,,,manufacturer,Textile Connect: apparel-and-product-manufacturing,Textile Connect,https://textileconnect.com/directory/,Contact for quote
"Absorbent Hygiene Insights, LLC",Charlotte,NC,https://textileconnect.com/directory/absorbent-hygiene-insights-llc/,https://textileconnect.com/directory/absorbent-hygiene-insights-llc/,https://textileconnect.com/directory/absorbent-hygiene-insights-llc/,,,manufacturer,Textile Connect: apparel-and-product-manufacturing,Textile Connect,https://textileconnect.com/directory/,Contact for quote
Abstract Printing Inc,Spartanburg,SC,https://textileconnect.com/directory/abstract-printing-inc/,https://textileconnect.com/directory/abstract-printing-inc/,https://textileconnect.com/directory/abstract-printing-inc/,,,manufacturer,Textile Connect: apparel-and-product-manufacturing,Textile Connect,https://textileconnect.com/directory/,Contact for quote
Abzorbit Inc,Newton,NC,https://textileconnect.com/directory/abzorbit-inc/,https://textileconnect.com/directory/abzorbit-inc/,https://textileconnect.com/directory/abzorbit-inc/,,,manufacturer,Textile Connect: apparel-and-product-manufacturing,Textile Connect,https://textileconnect.com/directory/,Contact for quote
Academy Awards,Florence,SC,https://textileconnect.com/directory/academy-awards/,https://textileconnect.com/directory/academy-awards/,https://textileconnect.com/directory/academy-awards/,,,manufacturer,Textile Connect: apparel-and-product-manufacturing,Textile Connect,https://textileconnect.com/directory/,Contact for quote
Accent Awnings Inc,Andrews,NC,https://textileconnect.com/directory/accent-awnings-inc/,https://textileconnect.com/directory/accent-awnings-inc/,https://textileconnect.com/directory/accent-awnings-inc/,,,manufacturer,Textile Connect: apparel-and-product-manufacturing,Textile Connect,https://textileconnect.com/directory/,Contact for quote
"Accentex, Inc.",Keansburg,NJ,https://textileconnect.com/directory/accentex-inc/,https://textileconnect.com/directory/accentex-inc/,https://textileconnect.com/directory/accentex-inc/,,,manufacturer,Textile Connect: apparel-and-product-manufacturing,Textile Connect,https://textileconnect.com/directory/,Contact for quote
Accent Fabrics,Lumberton,NC,https://textileconnect.com/directory/accent-fabrics/,https://textileconnect.com/directory/accent-fabrics/,https://textileconnect.com/directory/accent-fabrics/,,,manufacturer,Textile Connect: apparel-and-product-manufacturing,Textile Connect,https://textileconnect.com/directory/,Contact for quote
AccuPointe,Monroe,NC,https://textileconnect.com/directory/accupointe/,https://textileconnect.com/directory/accupointe/,https://textileconnect.com/directory/accupointe/,,,manufacturer,Textile Connect: apparel-and-product-manufacturing,Textile Connect,https://textileconnect.com/directory/,Contact for quote
Accurate Embroidery,Columbia,SC,https://textileconnect.com/directory/accurate-embroidery/,https://textileconnect.com/directory/accurate-embroidery/,https://textileconnect.com/directory/accurate-embroidery/,,,manufacturer,Textile Connect: apparel-and-product-manufacturing,Textile Connect,https://textileconnect.com/directory/,Contact for quote
Ace Plastics Inc,Charlotte,NC,https://textileconnect.com/directory/ace-plastics-inc/,https://textileconnect.com/directory/ace-plastics-inc/,https://textileconnect.com/directory/ace-plastics-inc/,,,manufacturer,Textile Connect: apparel-and-product-manufacturing,Textile Connect,https://textileconnect.com/directory/,Contact for quote
Ace Screen Printing Inc,Chester,SC,https://textileconnect.com/directory/ace-screen-printing-inc/,https://textileconnect.com/directory/ace-screen-printing-inc/,https://textileconnect.com/directory/ace-screen-printing-inc/,,,manufacturer,Textile Connect: apparel-and-product-manufacturing,Textile Connect,https://textileconnect.com/directory/,Contact for quote
ACG Cotton Marketing LLC,Lubbock,TX,https://textileconnect.com/directory/acg-cotton-marketing-llc/,https://textileconnect.com/directory/acg-cotton-marketing-llc/,https://textileconnect.com/directory/acg-cotton-marketing-llc/,,,manufacturer,Textile Connect: apparel-and-product-manufacturing,Textile Connect,https://textileconnect.com/directory/,Contact for quote
Achieve 02,Mooresville,NC,https://textileconnect.com/directory/achieve-02/,https://textileconnect.com/directory/achieve-02/,https://textileconnect.com/directory/achieve-02/,,,manufacturer,Textile Connect: apparel-and-product-manufacturing,Textile Connect,https://textileconnect.com/directory/,Contact for quote
Acirris,Wilson,NC,https://textileconnect.com/directory/acirris/,https://textileconnect.com/directory/acirris/,https://textileconnect.com/directory/acirris/,,,manufacturer,Textile Connect: apparel-and-product-manufacturing,Textile Connect,https://textileconnect.com/directory/,Contact for quote
Acme Distributor Sales,Charlotte,NC,https://textileconnect.com/directory/acme-distributor-sales/,https://textileconnect.com/directory/acme-distributor-sales/,https://textileconnect.com/directory/acme-distributor-sales/,,,manufacturer,Textile Connect: apparel-and-product-manufacturing,Textile Connect,https://textileconnect.com/directory/,Contact for quote
Acme McCrary – Asheboro,Asheboro,NC,https://textileconnect.com/directory/acme-mccrary-asheboro/,https://textileconnect.com/directory/acme-mccrary-asheboro/,https://textileconnect.com/directory/acme-mccrary-asheboro/,,,manufacturer,Textile Connect: apparel-and-product-manufacturing,Textile Connect,https://textileconnect.com/directory/,Contact for quote
Acme McCrary – Liberty,Liberty,NC,https://textileconnect.com/directory/acme-mccrary-liberty/,https://textileconnect.com/directory/acme-mccrary-liberty/,https://textileconnect.com/directory/acme-mccrary-liberty/,,,manufacturer,Textile Connect: apparel-and-product-manufacturing,Textile Connect,https://textileconnect.com/directory/,Contact for quote
Acme Sunshades Enterprise Inc.,Hayward,CA,https://textileconnect.com/directory/acme-sunshades-enterprise-inc/,https://textileconnect.com/directory/acme-sunshades-enterprise-inc/,https://textileconnect.com/directory/acme-sunshades-enterprise-inc/,,,manufacturer,Textile Connect: apparel-and-product-manufacturing,Textile Connect,https://textileconnect.com/directory/,Contact for quote
ACO Polmer Products,Charlotte,NC,https://textileconnect.com/directory/aco-polmer-products/,https://textileconnect.com/directory/aco-polmer-products/,https://textileconnect.com/directory/aco-polmer-products/,,,manufacturer,Textile Connect: apparel-and-product-manufacturing,Textile Connect,https://textileconnect.com/directory/,Contact for quote
A Creative Canvas Co. Inc.,Denver,CO,https://textileconnect.com/directory/a-creative-canvas-co-inc/,https://textileconnect.com/directory/a-creative-canvas-co-inc/,https://textileconnect.com/directory/a-creative-canvas-co-inc/,,,manufacturer,Textile Connect: apparel-and-product-manufacturing,Textile Connect,https://textileconnect.com/directory/,Contact for quote
B.W.T. Industries Inc.,Long Beach,CA,https://textileconnect.com/directory/b-w-t-industries-inc/,https://textileconnect.com/directory/b-w-t-industries-inc/,https://textileconnect.com/directory/b-w-t-industries-inc/,,,manufacturer,Textile Connect: apparel-and-product-manufacturing,Textile Connect,https://textileconnect.com/directory/,Contact for quote
B’s Kustom Kreations,Jefferson,MO,https://textileconnect.com/directory/bs-kustom-kreations/,https://textileconnect.com/directory/bs-kustom-kreations/,https://textileconnect.com/directory/bs-kustom-kreations/,,,manufacturer,Textile Connect: apparel-and-product-manufacturing,Textile Connect,https://textileconnect.com/directory/,Contact for quote
B & A Remnant Co,Greensboro,NC,https://textileconnect.com/directory/b-a-remnant-co/,https://textileconnect.com/directory/b-a-remnant-co/,https://textileconnect.com/directory/b-a-remnant-co/,,,manufacturer,Textile Connect: apparel-and-product-manufacturing,Textile Connect,https://textileconnect.com/directory/,Contact for quote
"B & B Accessories, Inc.",Syosset,NY,https://textileconnect.com/directory/b-b-accessories-inc/,https://textileconnect.com/directory/b-b-accessories-inc/,https://textileconnect.com/directory/b-b-accessories-inc/,,,manufacturer,Textile Connect: apparel-and-product-manufacturing,Textile Connect,https://textileconnect.com/directory/,Contact for quote
B&B Accessories Inc,Syosset,NY,https://textileconnect.com/directory/bb-accessories-inc/,https://textileconnect.com/directory/bb-accessories-inc/,https://textileconnect.com/directory/bb-accessories-inc/,,,manufacturer,Textile Connect: apparel-and-product-manufacturing,Textile Connect,https://textileconnect.com/directory/,Contact for quote
B&B Sweater Mills,Brooklyn,NY,https://textileconnect.com/directory/bb-sweater-mills/,https://textileconnect.com/directory/bb-sweater-mills/,https://textileconnect.com/directory/bb-sweater-mills/,,,manufacturer,Textile Connect: apparel-and-product-manufacturing,Textile Connect,https://textileconnect.com/directory/,Contact for quote
B & B Swimwear Inc,Jefferson,NC,https://textileconnect.com/directory/b-b-swimwear-inc/,https://textileconnect.com/directory/b-b-swimwear-inc/,https://textileconnect.com/directory/b-b-swimwear-inc/,,,manufacturer,Textile Connect: apparel-and-product-manufacturing,Textile Connect,https://textileconnect.com/directory/,Contact for quote
B & B T-Shirts,Greensboro,NC,https://textileconnect.com/directory/b-b-t-shirts/,https://textileconnect.com/directory/b-b-t-shirts/,https://textileconnect.com/directory/b-b-t-shirts/,,,manufacturer,Textile Connect: apparel-and-product-manufacturing,Textile Connect,https://textileconnect.com/directory/,Contact for quote
B & B Trim,Jefferson,SC,https://textileconnect.com/directory/b-b-trim/,https://textileconnect.com/directory/b-b-trim/,https://textileconnect.com/directory/b-b-trim/,,,manufacturer,Textile Connect: apparel-and-product-manufacturing,Textile Connect,https://textileconnect.com/directory/,Contact for quote
B & D Hosiery,Oakboro,NC,https://textileconnect.com/directory/b-d-hosiery/,https://textileconnect.com/directory/b-d-hosiery/,https://textileconnect.com/directory/b-d-hosiery/,,,manufacturer,Textile Connect: apparel-and-product-manufacturing,Textile Connect,https://textileconnect.com/directory/,Contact for quote
B & H Fabrics,Greensboro,NC,https://textileconnect.com/directory/b-h-fabrics/,https://textileconnect.com/directory/b-h-fabrics/,https://textileconnect.com/directory/b-h-fabrics/,,,manufacturer,Textile Connect: apparel-and-product-manufacturing,Textile Connect,https://textileconnect.com/directory/,Contact for quote
B & J Knits Inc,Statesville,NC,https://textileconnect.com/directory/b-j-knits-inc/,https://textileconnect.com/directory/b-j-knits-inc/,https://textileconnect.com/directory/b-j-knits-inc/,,,manufacturer,Textile Connect: apparel-and-product-manufacturing,Textile Connect,https://textileconnect.com/directory/,Contact for quote
B & M Wholesale,Mt Airy,NC,https://textileconnect.com/directory/b-m-wholesale/,https://textileconnect.com/directory/b-m-wholesale/,https://textileconnect.com/directory/b-m-wholesale/,,,manufacturer,Textile Connect: apparel-and-product-manufacturing,Textile Connect,https://textileconnect.com/directory/,Contact for quote
B&R Innovations LLC,Bethpage,NY,https://textileconnect.com/directory/br-innovations-llc/,https://textileconnect.com/directory/br-innovations-llc/,https://textileconnect.com/directory/br-innovations-llc/,,,manufacturer,Textile Connect: apparel-and-product-manufacturing,Textile Connect,https://textileconnect.com/directory/,Contact for quote
B&R Textile – Temporarily Closed,New York,NY,https://textileconnect.com/directory/br-textile-temporarily-closed/,https://textileconnect.com/directory/br-textile-temporarily-closed/,https://textileconnect.com/directory/br-textile-temporarily-closed/,,,manufacturer,Textile Connect: apparel-and-product-manufacturing,Textile Connect,https://textileconnect.com/directory/,Contact for quote
B & S Socks,Asheboro,NC,https://textileconnect.com/directory/b-s-socks/,https://textileconnect.com/directory/b-s-socks/,https://textileconnect.com/directory/b-s-socks/,,,manufacturer,Textile Connect: apparel-and-product-manufacturing,Textile Connect,https://textileconnect.com/directory/,Contact for quote
B & W Fiberglass – Forest City,Forest,NC,https://textileconnect.com/directory/b-w-fiberglass-forest-city/,https://textileconnect.com/directory/b-w-fiberglass-forest-city/,https://textileconnect.com/directory/b-w-fiberglass-forest-city/,,,manufacturer,Textile Connect: apparel-and-product-manufacturing,Textile Connect,https://textileconnect.com/directory/,Contact for quote
B & W Fiberglass – Shelby,Shelby,NC,https://textileconnect.com/directory/b-w-fiberglass-shelby/,https://textileconnect.com/directory/b-w-fiberglass-shelby/,https://textileconnect.com/directory/b-w-fiberglass-shelby/,,,manufacturer,Textile Connect: apparel-and-product-manufacturing,Textile Connect,https://textileconnect.com/directory/,Contact for quote
Babee Greens,Asheville,NC,https://textileconnect.com/directory/babee-greens/,https://textileconnect.com/directory/babee-greens/,https://textileconnect.com/directory/babee-greens/,,,manufacturer,Textile Connect: apparel-and-product-manufacturing,Textile Connect,https://textileconnect.com/directory/,Contact for quote
Baby Needs Inc,Burlington,NC,https://textileconnect.com/directory/baby-needs-inc/,https://textileconnect.com/directory/baby-needs-inc/,https://textileconnect.com/directory/baby-needs-inc/,,,manufacturer,Textile Connect: apparel-and-product-manufacturing,Textile Connect,https://textileconnect.com/directory/,Contact for quote
Back Creek Canvas,Annapolis,MD,https://textileconnect.com/directory/back-creek-canvas/,https://textileconnect.com/directory/back-creek-canvas/,https://textileconnect.com/directory/back-creek-canvas/,,,manufacturer,Textile Connect: apparel-and-product-manufacturing,Textile Connect,https://textileconnect.com/directory/,Contact for quote
Back International LLC – Charlotte,Charlotte,NC,https://textileconnect.com/directory/back-international-llc-charlotte/,https://textileconnect.com/directory/back-international-llc-charlotte/,https://textileconnect.com/directory/back-international-llc-charlotte/,,,manufacturer,Textile Connect: apparel-and-product-manufacturing,Textile Connect,https://textileconnect.com/directory/,Contact for quote
Back International LLC- Pinehurst,Pinehurst,NC,https://textileconnect.com/directory/back-international-llc-pinehurst/,https://textileconnect.com/directory/back-international-llc-pinehurst/,https://textileconnect.com/directory/back-international-llc-pinehurst/,,,manufacturer,Textile Connect: apparel-and-product-manufacturing,Textile Connect,https://textileconnect.com/directory/,Contact for quote
Backyard Outfitters Inc,Lexington,SC,https://textileconnect.com/directory/backyard-outfitters-inc/,https://textileconnect.com/directory/backyard-outfitters-inc/,https://textileconnect.com/directory/backyard-outfitters-inc/,,,manufacturer,Textile Connect: apparel-and-product-manufacturing,Textile Connect,https://textileconnect.com/directory/,Contact for quote
Badger Sportswear Inc – Fairmont,Fairmont,NC,https://textileconnect.com/directory/badger-sportswear-inc-fairmont/,https://textileconnect.com/directory/badger-sportswear-inc-fairmont/,https://textileconnect.com/directory/badger-sportswear-inc-fairmont/,,,manufacturer,Textile Connect: apparel-and-product-manufacturing,Textile Connect,https://textileconnect.com/directory/,Contact for quote
Badger Sportswear Inc -Statesville,Statesville,NC,https://textileconnect.com/directory/badger-sportswear-inc-statesville/,https://textileconnect.com/directory/badger-sportswear-inc-statesville/,https://textileconnect.com/directory/badger-sportswear-inc-statesville/,,,manufacturer,Textile Connect: apparel-and-product-manufacturing,Textile Connect,https://textileconnect.com/directory/,Contact for quote
Bae Systems Land & Armament LP,Monroe,NC,https://textileconnect.com/directory/bae-systems-land-armament-lp/,https://textileconnect.com/directory/bae-systems-land-armament-lp/,https://textileconnect.com/directory/bae-systems-land-armament-lp/,,,manufacturer,Textile Connect: apparel-and-product-manufacturing,Textile Connect,https://textileconnect.com/directory/,Contact for quote
Bag Lady,Lugoff,SC,https://textileconnect.com/directory/bag-lady/,https://textileconnect.com/directory/bag-lady/,https://textileconnect.com/directory/bag-lady/,,,manufacturer,Textile Connect: apparel-and-product-manufacturing,Textile Connect,https://textileconnect.com/directory/,Contact for quote
Bahamia Rental,Nassau,,https://textileconnect.com/directory/bahamia-rental/,https://textileconnect.com/directory/bahamia-rental/,https://textileconnect.com/directory/bahamia-rental/,,,manufacturer,Textile Connect: apparel-and-product-manufacturing,Textile Connect,https://textileconnect.com/directory/,Contact for quote
Bailey Knit Corp.,Fort Payne,AL,https://textileconnect.com/directory/bailey-knit-corp/,https://textileconnect.com/directory/bailey-knit-corp/,https://textileconnect.com/directory/bailey-knit-corp/,,,manufacturer,Textile Connect: apparel-and-product-manufacturing,Textile Connect,https://textileconnect.com/directory/,Contact for quote
Bailly Industrial,"Niteroi RJ, Brazil",,https://textileconnect.com/directory/bailly-industrial/,https://textileconnect.com/directory/bailly-industrial/,https://textileconnect.com/directory/bailly-industrial/,,,manufacturer,Textile Connect: apparel-and-product-manufacturing,Textile Connect,https://textileconnect.com/directory/,Contact for quote
"Bainbridge International, Inc.",Canton,MA,https://textileconnect.com/directory/bainbridge-international-inc/,https://textileconnect.com/directory/bainbridge-international-inc/,https://textileconnect.com/directory/bainbridge-international-inc/,,,manufacturer,Textile Connect: apparel-and-product-manufacturing,Textile Connect,https://textileconnect.com/directory/,Contact for quote
BakerCorp,Augusta,GA,https://textileconnect.com/directory/bakercorp/,https://textileconnect.com/directory/bakercorp/,https://textileconnect.com/directory/bakercorp/,,,manufacturer,Textile Connect: apparel-and-product-manufacturing,Textile Connect,https://textileconnect.com/directory/,Contact for quote
Baker Furniture Co,High Point,NC,https://textileconnect.com/directory/baker-furniture-co/,https://textileconnect.com/directory/baker-furniture-co/,https://textileconnect.com/directory/baker-furniture-co/,,,manufacturer,Textile Connect: apparel-and-product-manufacturing,Textile Connect,https://textileconnect.com/directory/,Contact for quote
"Bali, L.L.C.",Winston Salem,NC,https://textileconnect.com/directory/bali-l-l-c/,https://textileconnect.com/directory/bali-l-l-c/,https://textileconnect.com/directory/bali-l-l-c/,,,manufacturer,Textile Connect: apparel-and-product-manufacturing,Textile Connect,https://textileconnect.com/directory/,Contact for quote
Bali Co,Winston Salem,NC,https://textileconnect.com/directory/bali-co/,https://textileconnect.com/directory/bali-co/,https://textileconnect.com/directory/bali-co/,,,manufacturer,Textile Connect: apparel-and-product-manufacturing,Textile Connect,https://textileconnect.com/directory/,Contact for quote
Bally Ribbon Mills,Bally,PA,https://textileconnect.com/directory/bally-ribbon-mills/,https://textileconnect.com/directory/bally-ribbon-mills/,https://textileconnect.com/directory/bally-ribbon-mills/,,,manufacturer,Textile Connect: apparel-and-product-manufacturing,Textile Connect,https://textileconnect.com/directory/,Contact for quote
Bamberger Polymers,Huntersville,NC,https://textileconnect.com/directory/bamberger-polymers/,https://textileconnect.com/directory/bamberger-polymers/,https://textileconnect.com/directory/bamberger-polymers/,,,manufacturer,Textile Connect: apparel-and-product-manufacturing,Textile Connect,https://textileconnect.com/directory/,Contact for quote
Bamco Belting Products,Greenville,SC,https://textileconnect.com/directory/bamco-belting-products/,https://textileconnect.com/directory/bamco-belting-products/,https://textileconnect.com/directory/bamco-belting-products/,,,manufacturer,Textile Connect: apparel-and-product-manufacturing,Textile Connect,https://textileconnect.com/directory/,Contact for quote
Banar Marine Canvas LLC,Kennett Square,PA,https://textileconnect.com/directory/banar-marine-canvas-llc/,https://textileconnect.com/directory/banar-marine-canvas-llc/,https://textileconnect.com/directory/banar-marine-canvas-llc/,,,manufacturer,Textile Connect: apparel-and-product-manufacturing,Textile Connect,https://textileconnect.com/directory/,Contact for quote
Bank of America Financial Center,Charlotte,NC,https://textileconnect.com/directory/bank-of-america-financial-center/,https://textileconnect.com/directory/bank-of-america-financial-center/,https://textileconnect.com/directory/bank-of-america-financial-center/,,,manufacturer,Textile Connect: apparel-and-product-manufacturing,Textile Connect,https://textileconnect.com/directory/,Contact for quote
Banner Canvas,Ham Lake,MN,https://textileconnect.com/directory/banner-canvas/,https://textileconnect.com/directory/banner-canvas/,https://textileconnect.com/directory/banner-canvas/,,,manufacturer,Textile Connect: apparel-and-product-manufacturing,Textile Connect,https://textileconnect.com/directory/,Contact for quote
Baraboo Tent & Awning Inc.,Baraboo,WI,https://textileconnect.com/directory/baraboo-tent-awning-inc/,https://textileconnect.com/directory/baraboo-tent-awning-inc/,https://textileconnect.com/directory/baraboo-tent-awning-inc/,,,manufacturer,Textile Connect: apparel-and-product-manufacturing,Textile Connect,https://textileconnect.com/directory/,Contact for quote
Barbett Industries Inc.,Reading,PA,https://textileconnect.com/directory/barbett-industries-inc/,https://textileconnect.com/directory/barbett-industries-inc/,https://textileconnect.com/directory/barbett-industries-inc/,,,manufacturer,Textile Connect: apparel-and-product-manufacturing,Textile Connect,https://textileconnect.com/directory/,Contact for quote
Barbour Fur Co,Smithfield,NC,https://textileconnect.com/directory/barbour-fur-co/,https://textileconnect.com/directory/barbour-fur-co/,https://textileconnect.com/directory/barbour-fur-co/,,,manufacturer,Textile Connect: apparel-and-product-manufacturing,Textile Connect,https://textileconnect.com/directory/,Contact for quote
Bargain City Clothing,Spartanburg,SC,https://textileconnect.com/directory/bargain-city-clothing/,https://textileconnect.com/directory/bargain-city-clothing/,https://textileconnect.com/directory/bargain-city-clothing/,,,manufacturer,Textile Connect: apparel-and-product-manufacturing,Textile Connect,https://textileconnect.com/directory/,Contact for quote
Barnes and Company,Martinsville,VA,https://textileconnect.com/directory/barnes-and-company/,https://textileconnect.com/directory/barnes-and-company/,https://textileconnect.com/directory/barnes-and-company/,,,manufacturer,Textile Connect: apparel-and-product-manufacturing,Textile Connect,https://textileconnect.com/directory/,Contact for quote
Barney’s Hosiery,Hickory,NC,https://textileconnect.com/directory/barneys-hosiery/,https://textileconnect.com/directory/barneys-hosiery/,https://textileconnect.com/directory/barneys-hosiery/,,,manufacturer,Textile Connect: apparel-and-product-manufacturing,Textile Connect,https://textileconnect.com/directory/,Contact for quote
Barnhardt Manufacturing Co. (Charlotte),Charlotte,NC,https://textileconnect.com/directory/barnhardt-manufacturing-co-charlotte/,https://textileconnect.com/directory/barnhardt-manufacturing-co-charlotte/,https://textileconnect.com/directory/barnhardt-manufacturing-co-charlotte/,,,manufacturer,Textile Connect: apparel-and-product-manufacturing,Textile Connect,https://textileconnect.com/directory/,Contact for quote
Barnhardt Manufacturing Co. (Hickory),Hickory,NC,https://textileconnect.com/directory/barnhardt-manufacturing-co-hickory/,https://textileconnect.com/directory/barnhardt-manufacturing-co-hickory/,https://textileconnect.com/directory/barnhardt-manufacturing-co-hickory/,,,manufacturer,Textile Connect: apparel-and-product-manufacturing,Textile Connect,https://textileconnect.com/directory/,Contact for quote
Barnhardt Purified Cotton,Charlotte,NC,https://textileconnect.com/directory/barnhardt-purified-cotton/,https://textileconnect.com/directory/barnhardt-purified-cotton/,https://textileconnect.com/directory/barnhardt-purified-cotton/,,,manufacturer,Textile Connect: apparel-and-product-manufacturing,Textile Connect,https://textileconnect.com/directory/,Contact for quote
Barnhill Decorating Ctr,Aiken,SC,https://textileconnect.com/directory/barnhill-decorating-ctr/,https://textileconnect.com/directory/barnhill-decorating-ctr/,https://textileconnect.com/directory/barnhill-decorating-ctr/,,,manufacturer,Textile Connect: apparel-and-product-manufacturing,Textile Connect,https://textileconnect.com/directory/,Contact for quote
"Barrday, Inc.","Cambridge, ON",,https://textileconnect.com/directory/barrday-inc/,https://textileconnect.com/directory/barrday-inc/,https://textileconnect.com/directory/barrday-inc/,,,manufacturer,Textile Connect: apparel-and-product-manufacturing,Textile Connect,https://textileconnect.com/directory/,Contact for quote
Barrday Corp,Charlotte,NC,https://textileconnect.com/directory/barrday-corp/,https://textileconnect.com/directory/barrday-corp/,https://textileconnect.com/directory/barrday-corp/,,,manufacturer,Textile Connect: apparel-and-product-manufacturing,Textile Connect,https://textileconnect.com/directory/,Contact for quote
Barrentine Co,Bakersfield,CA,https://textileconnect.com/directory/barrentine-co/,https://textileconnect.com/directory/barrentine-co/,https://textileconnect.com/directory/barrentine-co/,,,manufacturer,Textile Connect: apparel-and-product-manufacturing,Textile Connect,https://textileconnect.com/directory/,Contact for quote
Barrie Tent & Awning Co. Ltd.,Ontario,,https://textileconnect.com/directory/barrie-tent-awning-co-ltd/,https://textileconnect.com/directory/barrie-tent-awning-co-ltd/,https://textileconnect.com/directory/barrie-tent-awning-co-ltd/,,,manufacturer,Textile Connect: apparel-and-product-manufacturing,Textile Connect,https://textileconnect.com/directory/,Contact for quote
Barry’s Better Menswear,Gainesville,GA,https://textileconnect.com/directory/barrys-better-menswear/,https://textileconnect.com/directory/barrys-better-menswear/,https://textileconnect.com/directory/barrys-better-menswear/,,,manufacturer,Textile Connect: apparel-and-product-manufacturing,Textile Connect,https://textileconnect.com/directory/,Contact for quote
Barsoumian Enterprises Inc.,Valley Cottage,NY,https://textileconnect.com/directory/barsoumian-enterprises-inc/,https://textileconnect.com/directory/barsoumian-enterprises-inc/,https://textileconnect.com/directory/barsoumian-enterprises-inc/,,,manufacturer,Textile Connect: apparel-and-product-manufacturing,Textile Connect,https://textileconnect.com/directory/,Contact for quote
Barton Bait Distributors,Aiken,SC,https://textileconnect.com/directory/barton-bait-distributors/,https://textileconnect.com/directory/barton-bait-distributors/,https://textileconnect.com/directory/barton-bait-distributors/,,,manufacturer,Textile Connect: apparel-and-product-manufacturing,Textile Connect,https://textileconnect.com/directory/,Contact for quote
Bartson Fabrics Inc,High Point,NC,https://textileconnect.com/directory/bartson-fabrics-inc/,https://textileconnect.com/directory/bartson-fabrics-inc/,https://textileconnect.com/directory/bartson-fabrics-inc/,,,manufacturer,Textile Connect: apparel-and-product-manufacturing,Textile Connect,https://textileconnect.com/directory/,Contact for quote
Bartson Fabrics Inc – NJ,Midland Park,NJ,https://textileconnect.com/directory/bartson-fabrics-inc-nj/,https://textileconnect.com/directory/bartson-fabrics-inc-nj/,https://textileconnect.com/directory/bartson-fabrics-inc-nj/,,,manufacturer,Textile Connect: apparel-and-product-manufacturing,Textile Connect,https://textileconnect.com/directory/,Contact for quote
Barudan America,Archdale,NC,https://textileconnect.com/directory/barudan-america/,https://textileconnect.com/directory/barudan-america/,https://textileconnect.com/directory/barudan-america/,,,manufacturer,Textile Connect: apparel-and-product-manufacturing,Textile Connect,https://textileconnect.com/directory/,Contact for quote
Basalt Specialty Products Inc,Elkin,NC,https://textileconnect.com/directory/basalt-specialty-products-inc/,https://textileconnect.com/directory/basalt-specialty-products-inc/,https://textileconnect.com/directory/basalt-specialty-products-inc/,,,manufacturer,Textile Connect: apparel-and-product-manufacturing,Textile Connect,https://textileconnect.com/directory/,Contact for quote
BASF Corporation – Charlotte,Charlotte,NC,https://textileconnect.com/directory/basf-corporation-charlotte/,https://textileconnect.com/directory/basf-corporation-charlotte/,https://textileconnect.com/directory/basf-corporation-charlotte/,,,manufacturer,Textile Connect: apparel-and-product-manufacturing,Textile Connect,https://textileconnect.com/directory/,Contact for quote
BASF Corporation- Research Triangle,Research Triangle,NC,https://textileconnect.com/directory/basf-corporation-research-triangle/,https://textileconnect.com/directory/basf-corporation-research-triangle/,https://textileconnect.com/directory/basf-corporation-research-triangle/,,,manufacturer,Textile Connect: apparel-and-product-manufacturing,Textile Connect,https://textileconnect.com/directory/,Contact for quote
Basic Concepts Inc.,Anderson,SC,https://textileconnect.com/directory/basic-concepts-inc/,https://textileconnect.com/directory/basic-concepts-inc/,https://textileconnect.com/directory/basic-concepts-inc/,,,manufacturer,Textile Connect: apparel-and-product-manufacturing,Textile Connect,https://textileconnect.com/directory/,Contact for quote
"Basofil FIbers, LLC",Northwest Hickory,NC,https://textileconnect.com/directory/basofil-fibers-llc/,https://textileconnect.com/directory/basofil-fibers-llc/,https://textileconnect.com/directory/basofil-fibers-llc/,,,manufacturer,Textile Connect: apparel-and-product-manufacturing,Textile Connect,https://textileconnect.com/directory/,Contact for quote
"BAST Fibre Technologies, Inc.","Victoria, BC V8Z 7X8",,https://textileconnect.com/directory/bast-fibre-technologies-inc/,https://textileconnect.com/directory/bast-fibre-technologies-inc/,https://textileconnect.com/directory/bast-fibre-technologies-inc/,,,manufacturer,Textile Connect: apparel-and-product-manufacturing,Textile Connect,https://textileconnect.com/directory/,Contact for quote
Batson Group,Greenville,SC,https://textileconnect.com/directory/batson-group/,https://textileconnect.com/directory/batson-group/,https://textileconnect.com/directory/batson-group/,,,manufacturer,Textile Connect: apparel-and-product-manufacturing,Textile Connect,https://textileconnect.com/directory/,Contact for quote
BAT USA Inc.,Chester,NY,https://textileconnect.com/directory/bat-usa-inc/,https://textileconnect.com/directory/bat-usa-inc/,https://textileconnect.com/directory/bat-usa-inc/,,,manufacturer,Textile Connect: apparel-and-product-manufacturing,Textile Connect,https://textileconnect.com/directory/,Contact for quote
Batz Corp.,Prattsville,AR,https://textileconnect.com/directory/batz-corp/,https://textileconnect.com/directory/batz-corp/,https://textileconnect.com/directory/batz-corp/,,,manufacturer,Textile Connect: apparel-and-product-manufacturing,Textile Connect,https://textileconnect.com/directory/,Contact for quote
Bauer Industries Inc,Hildebran,NC,https://textileconnect.com/directory/bauer-industries-inc/,https://textileconnect.com/directory/bauer-industries-inc/,https://textileconnect.com/directory/bauer-industries-inc/,,,manufacturer,Textile Connect: apparel-and-product-manufacturing,Textile Connect,https://textileconnect.com/directory/,Contact for quote
Baum Environmental Group Inc.,Baton Rouge,LA,https://textileconnect.com/directory/baum-environmental-group-inc/,https://textileconnect.com/directory/baum-environmental-group-inc/,https://textileconnect.com/directory/baum-environmental-group-inc/,,,manufacturer,Textile Connect: apparel-and-product-manufacturing,Textile Connect,https://textileconnect.com/directory/,Contact for quote
Baxter Corp,Shelby,NC,https://textileconnect.com/directory/baxter-corp/,https://textileconnect.com/directory/baxter-corp/,https://textileconnect.com/directory/baxter-corp/,,,manufacturer,Textile Connect: apparel-and-product-manufacturing,Textile Connect,https://textileconnect.com/directory/,Contact for quote
Bayer Corp,Simpsonville,SC,https://textileconnect.com/directory/bayer-corp/,https://textileconnect.com/directory/bayer-corp/,https://textileconnect.com/directory/bayer-corp/,,,manufacturer,Textile Connect: apparel-and-product-manufacturing,Textile Connect,https://textileconnect.com/directory/,Contact for quote
Bay Island Sports Wear,Greenwood,SC,https://textileconnect.com/directory/bay-island-sports-wear/,https://textileconnect.com/directory/bay-island-sports-wear/,https://textileconnect.com/directory/bay-island-sports-wear/,,,manufacturer,Textile Connect: apparel-and-product-manufacturing,Textile Connect,https://textileconnect.com/directory/,Contact for quote
Baylor University,Waco,TX,https://textileconnect.com/directory/baylor-university/,https://textileconnect.com/directory/baylor-university/,https://textileconnect.com/directory/baylor-university/,,,manufacturer,Textile Connect: apparel-and-product-manufacturing,Textile Connect,https://textileconnect.com/directory/,Contact for quote
Baytex Manufacturing Co. Ltd.,"Mt. Maunganui, New Zealand",,https://textileconnect.com/directory/baytex-manufacturing-co-ltd/,https://textileconnect.com/directory/baytex-manufacturing-co-ltd/,https://textileconnect.com/directory/baytex-manufacturing-co-ltd/,,,manufacturer,Textile Connect: apparel-and-product-manufacturing,Textile Connect,https://textileconnect.com/directory/,Contact for quote
Bayview Blind Co,Greenville,SC,https://textileconnect.com/directory/bayview-blind-co/,https://textileconnect.com/directory/bayview-blind-co/,https://textileconnect.com/directory/bayview-blind-co/,,,manufacturer,Textile Connect: apparel-and-product-manufacturing,Textile Connect,https://textileconnect.com/directory/,Contact for quote
Bayview Canvas,Little Egg Harbor,NJ,https://textileconnect.com/directory/bayview-canvas/,https://textileconnect.com/directory/bayview-canvas/,https://textileconnect.com/directory/bayview-canvas/,,,manufacturer,Textile Connect: apparel-and-product-manufacturing,Textile Connect,https://textileconnect.com/directory/,Contact for quote
B Black & Sons,Los Angeles,CA,https://textileconnect.com/directory/b-black-sons/,https://textileconnect.com/directory/b-black-sons/,https://textileconnect.com/directory/b-black-sons/,,,manufacturer,Textile Connect: apparel-and-product-manufacturing,Textile Connect,https://textileconnect.com/directory/,Contact for quote
"BCBG Max Azria Group, Inc.",Wilson,NC,https://textileconnect.com/directory/bcbg-max-azria-group-inc/,https://textileconnect.com/directory/bcbg-max-azria-group-inc/,https://textileconnect.com/directory/bcbg-max-azria-group-inc/,,,manufacturer,Textile Connect: apparel-and-product-manufacturing,Textile Connect,https://textileconnect.com/directory/,Contact for quote
C-Spray Painting Fiberglass,Wilmington,NC,https://textileconnect.com/directory/c-spray-painting-fiberglass/,https://textileconnect.com/directory/c-spray-painting-fiberglass/,https://textileconnect.com/directory/c-spray-painting-fiberglass/,,,manufacturer,Textile Connect: apparel-and-product-manufacturing,Textile Connect,https://textileconnect.com/directory/,Contact for quote
C-Worthy Corp.,Pompano Beach,FL,https://textileconnect.com/directory/c-worthy-corp/,https://textileconnect.com/directory/c-worthy-corp/,https://textileconnect.com/directory/c-worthy-corp/,,,manufacturer,Textile Connect: apparel-and-product-manufacturing,Textile Connect,https://textileconnect.com/directory/,Contact for quote
C.E. King & Sons Inc.,East Hampton,NY,https://textileconnect.com/directory/c-e-king-sons-inc/,https://textileconnect.com/directory/c-e-king-sons-inc/,https://textileconnect.com/directory/c-e-king-sons-inc/,,,manufacturer,Textile Connect: apparel-and-product-manufacturing,Textile Connect,https://textileconnect.com/directory/,Contact for quote
C.S. Osborne & Co.,Harrison,NJ,https://textileconnect.com/directory/c-s-osborne-co/,https://textileconnect.com/directory/c-s-osborne-co/,https://textileconnect.com/directory/c-s-osborne-co/,,,manufacturer,Textile Connect: apparel-and-product-manufacturing,Textile Connect,https://textileconnect.com/directory/,Contact for quote
C & H Intl Corp,Statesville,NC,https://textileconnect.com/directory/c-h-intl-corp/,https://textileconnect.com/directory/c-h-intl-corp/,https://textileconnect.com/directory/c-h-intl-corp/,,,manufacturer,Textile Connect: apparel-and-product-manufacturing,Textile Connect,https://textileconnect.com/directory/,Contact for quote
C & L Mfg Co,Hays,NC,https://textileconnect.com/directory/c-l-mfg-co/,https://textileconnect.com/directory/c-l-mfg-co/,https://textileconnect.com/directory/c-l-mfg-co/,,,manufacturer,Textile Connect: apparel-and-product-manufacturing,Textile Connect,https://textileconnect.com/directory/,Contact for quote
C & R Warping,York,SC,https://textileconnect.com/directory/c-r-warping/,https://textileconnect.com/directory/c-r-warping/,https://textileconnect.com/directory/c-r-warping/,,,manufacturer,Textile Connect: apparel-and-product-manufacturing,Textile Connect,https://textileconnect.com/directory/,Contact for quote
C & S Weave Express,Fayetteville,NC,https://textileconnect.com/directory/c-s-weave-express/,https://textileconnect.com/directory/c-s-weave-express/,https://textileconnect.com/directory/c-s-weave-express/,,,manufacturer,Textile Connect: apparel-and-product-manufacturing,Textile Connect,https://textileconnect.com/directory/,Contact for quote
C & T Mfg Co,Simpsonville,SC,https://textileconnect.com/directory/c-t-mfg-co/,https://textileconnect.com/directory/c-t-mfg-co/,https://textileconnect.com/directory/c-t-mfg-co/,,,manufacturer,Textile Connect: apparel-and-product-manufacturing,Textile Connect,https://textileconnect.com/directory/,Contact for quote
C & W Cotton Warehouse,Greer,SC,https://textileconnect.com/directory/c-w-cotton-warehouse/,https://textileconnect.com/directory/c-w-cotton-warehouse/,https://textileconnect.com/directory/c-w-cotton-warehouse/,,,manufacturer,Textile Connect: apparel-and-product-manufacturing,Textile Connect,https://textileconnect.com/directory/,Contact for quote
C & Y Co,Spring Lake,NC,https://textileconnect.com/directory/c-y-co/,https://textileconnect.com/directory/c-y-co/,https://textileconnect.com/directory/c-y-co/,,,manufacturer,Textile Connect: apparel-and-product-manufacturing,Textile Connect,https://textileconnect.com/directory/,Contact for quote
Cabarrus Hosiery Inc,Mt Pleasant,NC,https://textileconnect.com/directory/cabarrus-hosiery-inc/,https://textileconnect.com/directory/cabarrus-hosiery-inc/,https://textileconnect.com/directory/cabarrus-hosiery-inc/,,,manufacturer,Textile Connect: apparel-and-product-manufacturing,Textile Connect,https://textileconnect.com/directory/,Contact for quote
Cabarrus Textile LLC,Concord,NC,https://textileconnect.com/directory/cabarrus-textile-llc/,https://textileconnect.com/directory/cabarrus-textile-llc/,https://textileconnect.com/directory/cabarrus-textile-llc/,,,manufacturer,Textile Connect: apparel-and-product-manufacturing,Textile Connect,https://textileconnect.com/directory/,Contact for quote
Cable Materials Inc,Atlanta,GA,https://textileconnect.com/directory/cable-materials-inc/,https://textileconnect.com/directory/cable-materials-inc/,https://textileconnect.com/directory/cable-materials-inc/,,,manufacturer,Textile Connect: apparel-and-product-manufacturing,Textile Connect,https://textileconnect.com/directory/,Contact for quote
Cactus Barn,Louisburg,NC,https://textileconnect.com/directory/cactus-barn/,https://textileconnect.com/directory/cactus-barn/,https://textileconnect.com/directory/cactus-barn/,,,manufacturer,Textile Connect: apparel-and-product-manufacturing,Textile Connect,https://textileconnect.com/directory/,Contact for quote
Caesar’s Upholstery,Jacksonville,NC,https://textileconnect.com/directory/caesars-upholstery/,https://textileconnect.com/directory/caesars-upholstery/,https://textileconnect.com/directory/caesars-upholstery/,,,manufacturer,Textile Connect: apparel-and-product-manufacturing,Textile Connect,https://textileconnect.com/directory/,Contact for quote
Cafco Inc,Greer,SC,https://textileconnect.com/directory/cafco-inc/,https://textileconnect.com/directory/cafco-inc/,https://textileconnect.com/directory/cafco-inc/,,,manufacturer,Textile Connect: apparel-and-product-manufacturing,Textile Connect,https://textileconnect.com/directory/,Contact for quote
Cahill & Swain Inc,Winston Salem,NC,https://textileconnect.com/directory/cahill-swain-inc/,https://textileconnect.com/directory/cahill-swain-inc/,https://textileconnect.com/directory/cahill-swain-inc/,,,manufacturer,Textile Connect: apparel-and-product-manufacturing,Textile Connect,https://textileconnect.com/directory/,Contact for quote
Cain Awning Co. Inc.,Birmingham,AL,https://textileconnect.com/directory/cain-awning-co-inc/,https://textileconnect.com/directory/cain-awning-co-inc/,https://textileconnect.com/directory/cain-awning-co-inc/,,,manufacturer,Textile Connect: apparel-and-product-manufacturing,Textile Connect,https://textileconnect.com/directory/,Contact for quote
Calamo Silk,New York,NY,https://textileconnect.com/directory/calamo-silk/,https://textileconnect.com/directory/calamo-silk/,https://textileconnect.com/directory/calamo-silk/,,,manufacturer,Textile Connect: apparel-and-product-manufacturing,Textile Connect,https://textileconnect.com/directory/,Contact for quote
Calcot Ltd.,Bakersfield,CA,https://textileconnect.com/directory/calcot-ltd/,https://textileconnect.com/directory/calcot-ltd/,https://textileconnect.com/directory/calcot-ltd/,,,manufacturer,Textile Connect: apparel-and-product-manufacturing,Textile Connect,https://textileconnect.com/directory/,Contact for quote
"Caledonian Dye Works, Inc.",Philadelphia,PA,https://textileconnect.com/directory/caledonian-dye-works-inc/,https://textileconnect.com/directory/caledonian-dye-works-inc/,https://textileconnect.com/directory/caledonian-dye-works-inc/,,,manufacturer,Textile Connect: apparel-and-product-manufacturing,Textile Connect,https://textileconnect.com/directory/,Contact for quote
Calgary Tent & Awning Ltd.,Calgary AB T2A 6A2 CANADA,,https://textileconnect.com/directory/calgary-tent-awning-ltd/,https://textileconnect.com/directory/calgary-tent-awning-ltd/,https://textileconnect.com/directory/calgary-tent-awning-ltd/,,,manufacturer,Textile Connect: apparel-and-product-manufacturing,Textile Connect,https://textileconnect.com/directory/,Contact for quote
Calhoun Super Structures Ltd.,Tara ON N0H 2N0 CANADA,,https://textileconnect.com/directory/calhoun-super-structures-ltd/,https://textileconnect.com/directory/calhoun-super-structures-ltd/,https://textileconnect.com/directory/calhoun-super-structures-ltd/,,,manufacturer,Textile Connect: apparel-and-product-manufacturing,Textile Connect,https://textileconnect.com/directory/,Contact for quote
Calico Printers Inc,Marion,NC,https://textileconnect.com/directory/calico-printers-inc/,https://textileconnect.com/directory/calico-printers-inc/,https://textileconnect.com/directory/calico-printers-inc/,,,manufacturer,Textile Connect: apparel-and-product-manufacturing,Textile Connect,https://textileconnect.com/directory/,Contact for quote
California Industrial Fabrics DBA CI Fabrics,San Diego,CA,https://textileconnect.com/directory/california-industrial-fabrics-dba-ci-fabrics/,https://textileconnect.com/directory/california-industrial-fabrics-dba-ci-fabrics/,https://textileconnect.com/directory/california-industrial-fabrics-dba-ci-fabrics/,,,manufacturer,Textile Connect: apparel-and-product-manufacturing,Textile Connect,https://textileconnect.com/directory/,Contact for quote
"California Webbing Mills, Inc.",Los Angeles,CA,https://textileconnect.com/directory/california-webbing-mills-inc/,https://textileconnect.com/directory/california-webbing-mills-inc/,https://textileconnect.com/directory/california-webbing-mills-inc/,,,manufacturer,Textile Connect: apparel-and-product-manufacturing,Textile Connect,https://textileconnect.com/directory/,Contact for quote
Callaway Sales & Mfg,Mt Airy,NC,https://textileconnect.com/directory/callaway-sales-mfg/,https://textileconnect.com/directory/callaway-sales-mfg/,https://textileconnect.com/directory/callaway-sales-mfg/,,,manufacturer,Textile Connect: apparel-and-product-manufacturing,Textile Connect,https://textileconnect.com/directory/,Contact for quote
Cal Trims,Los Angeles,CA,https://textileconnect.com/directory/cal-trims/,https://textileconnect.com/directory/cal-trims/,https://textileconnect.com/directory/cal-trims/,,,manufacturer,Textile Connect: apparel-and-product-manufacturing,Textile Connect,https://textileconnect.com/directory/,Contact for quote
Camden Manufacturing Co,Camden,SC,https://textileconnect.com/directory/camden-manufacturing-co/,https://textileconnect.com/directory/camden-manufacturing-co/,https://textileconnect.com/directory/camden-manufacturing-co/,,,manufacturer,Textile Connect: apparel-and-product-manufacturing,Textile Connect,https://textileconnect.com/directory/,Contact for quote
Camel Sign & Awning,Knoxville,TN,https://textileconnect.com/directory/camel-sign-awning/,https://textileconnect.com/directory/camel-sign-awning/,https://textileconnect.com/directory/camel-sign-awning/,,,manufacturer,Textile Connect: apparel-and-product-manufacturing,Textile Connect,https://textileconnect.com/directory/,Contact for quote
Camoteck Co,Clinton,NC,https://textileconnect.com/directory/camoteck-co/,https://textileconnect.com/directory/camoteck-co/,https://textileconnect.com/directory/camoteck-co/,,,manufacturer,Textile Connect: apparel-and-product-manufacturing,Textile Connect,https://textileconnect.com/directory/,Contact for quote
Camso USA Inc.,Charlotte,NC,https://textileconnect.com/directory/camso-usa-inc/,https://textileconnect.com/directory/camso-usa-inc/,https://textileconnect.com/directory/camso-usa-inc/,,,manufacturer,Textile Connect: apparel-and-product-manufacturing,Textile Connect,https://textileconnect.com/directory/,Contact for quote
Candace Creations,Rock Hill,SC,https://textileconnect.com/directory/candace-creations/,https://textileconnect.com/directory/candace-creations/,https://textileconnect.com/directory/candace-creations/,,,manufacturer,Textile Connect: apparel-and-product-manufacturing,Textile Connect,https://textileconnect.com/directory/,Contact for quote
Candor Textiles,Indore MP INDIA,,https://textileconnect.com/directory/candor-textiles/,https://textileconnect.com/directory/candor-textiles/,https://textileconnect.com/directory/candor-textiles/,,,manufacturer,Textile Connect: apparel-and-product-manufacturing,Textile Connect,https://textileconnect.com/directory/,Contact for quote
Caney Valley Cotton Co.,Wharton,TX,https://textileconnect.com/directory/caney-valley-cotton-co/,https://textileconnect.com/directory/caney-valley-cotton-co/,https://textileconnect.com/directory/caney-valley-cotton-co/,,,manufacturer,Textile Connect: apparel-and-product-manufacturing,Textile Connect,https://textileconnect.com/directory/,Contact for quote
Canfab Products Ltd.,Edmonton AB T5L 4R6 CANADA,,https://textileconnect.com/directory/canfab-products-ltd/,https://textileconnect.com/directory/canfab-products-ltd/,https://textileconnect.com/directory/canfab-products-ltd/,,,manufacturer,Textile Connect: apparel-and-product-manufacturing,Textile Connect,https://textileconnect.com/directory/,Contact for quote
Canswe,Canoe BC V0E 1K0 CANADA,,https://textileconnect.com/directory/canswe/,https://textileconnect.com/directory/canswe/,https://textileconnect.com/directory/canswe/,,,manufacturer,Textile Connect: apparel-and-product-manufacturing,Textile Connect,https://textileconnect.com/directory/,Contact for quote
Canvas and Covers Whangarei Ltd.,Whangarei NTL NEW ZEALAND,,https://textileconnect.com/directory/canvas-and-covers-whangarei-ltd/,https://textileconnect.com/directory/canvas-and-covers-whangarei-ltd/,https://textileconnect.com/directory/canvas-and-covers-whangarei-ltd/,,,manufacturer,Textile Connect: apparel-and-product-manufacturing,Textile Connect,https://textileconnect.com/directory/,Contact for quote
Canvas Barn Marine Trimming,Swan Reach VIC AUSTRALIA,,https://textileconnect.com/directory/canvas-barn-marine-trimming/,https://textileconnect.com/directory/canvas-barn-marine-trimming/,https://textileconnect.com/directory/canvas-barn-marine-trimming/,,,manufacturer,Textile Connect: apparel-and-product-manufacturing,Textile Connect,https://textileconnect.com/directory/,Contact for quote
Canvas Craft Inc.,Otsego,MN,https://textileconnect.com/directory/canvas-craft-inc/,https://textileconnect.com/directory/canvas-craft-inc/,https://textileconnect.com/directory/canvas-craft-inc/,,,manufacturer,Textile Connect: apparel-and-product-manufacturing,Textile Connect,https://textileconnect.com/directory/,Contact for quote
Canvas Creation Galleries,Florence,SC,https://textileconnect.com/directory/canvas-creation-galleries/,https://textileconnect.com/directory/canvas-creation-galleries/,https://textileconnect.com/directory/canvas-creation-galleries/,,,manufacturer,Textile Connect: apparel-and-product-manufacturing,Textile Connect,https://textileconnect.com/directory/,Contact for quote
Canvas Designers Inc.,Riviera Beach,FL,https://textileconnect.com/directory/canvas-designers-inc/,https://textileconnect.com/directory/canvas-designers-inc/,https://textileconnect.com/directory/canvas-designers-inc/,,,manufacturer,Textile Connect: apparel-and-product-manufacturing,Textile Connect,https://textileconnect.com/directory/,Contact for quote
Canvas Innovations,Holland,MI,https://textileconnect.com/directory/canvas-innovations/,https://textileconnect.com/directory/canvas-innovations/,https://textileconnect.com/directory/canvas-innovations/,,,manufacturer,Textile Connect: apparel-and-product-manufacturing,Textile Connect,https://textileconnect.com/directory/,Contact for quote
CanvasJohn,St. Petersburg,FL,https://textileconnect.com/directory/canvasjohn/,https://textileconnect.com/directory/canvasjohn/,https://textileconnect.com/directory/canvasjohn/,,,manufacturer,Textile Connect: apparel-and-product-manufacturing,Textile Connect,https://textileconnect.com/directory/,Contact for quote
Canvasland Holdings Ltd.,Levin MWT 5510 NEW ZEALAND,,https://textileconnect.com/directory/canvasland-holdings-ltd/,https://textileconnect.com/directory/canvasland-holdings-ltd/,https://textileconnect.com/directory/canvasland-holdings-ltd/,,,manufacturer,Textile Connect: apparel-and-product-manufacturing,Textile Connect,https://textileconnect.com/directory/,Contact for quote
Canvas Products Association Zone 7 Inc.,West Palm Beach,FL,https://textileconnect.com/directory/canvas-products-association-zone-7-inc/,https://textileconnect.com/directory/canvas-products-association-zone-7-inc/,https://textileconnect.com/directory/canvas-products-association-zone-7-inc/,,,manufacturer,Textile Connect: apparel-and-product-manufacturing,Textile Connect,https://textileconnect.com/directory/,Contact for quote
Canvas Products Co. Inc.,Dubuque,IA,https://textileconnect.com/directory/canvas-products-co-inc/,https://textileconnect.com/directory/canvas-products-co-inc/,https://textileconnect.com/directory/canvas-products-co-inc/,,,manufacturer,Textile Connect: apparel-and-product-manufacturing,Textile Connect,https://textileconnect.com/directory/,Contact for quote
Canvas Products of Eagle River,Eagle River,WI,https://textileconnect.com/directory/canvas-products-of-eagle-river/,https://textileconnect.com/directory/canvas-products-of-eagle-river/,https://textileconnect.com/directory/canvas-products-of-eagle-river/,,,manufacturer,Textile Connect: apparel-and-product-manufacturing,Textile Connect,https://textileconnect.com/directory/,Contact for quote
Canvas Replacements Div./Camper & Recreation Inc.,Loyal,WI,https://textileconnect.com/directory/canvas-replacements-div-camper-recreation-inc/,https://textileconnect.com/directory/canvas-replacements-div-camper-recreation-inc/,https://textileconnect.com/directory/canvas-replacements-div-camper-recreation-inc/,,,manufacturer,Textile Connect: apparel-and-product-manufacturing,Textile Connect,https://textileconnect.com/directory/,Contact for quote
Canvas Shop,Wilson,NC,https://textileconnect.com/directory/canvas-shop/,https://textileconnect.com/directory/canvas-shop/,https://textileconnect.com/directory/canvas-shop/,,,manufacturer,Textile Connect: apparel-and-product-manufacturing,Textile Connect,https://textileconnect.com/directory/,Contact for quote
Canvas Solutions,Spring Lake,MI,https://textileconnect.com/directory/canvas-solutions/,https://textileconnect.com/directory/canvas-solutions/,https://textileconnect.com/directory/canvas-solutions/,,,manufacturer,Textile Connect: apparel-and-product-manufacturing,Textile Connect,https://textileconnect.com/directory/,Contact for quote
Canvastic Inc,Beaufort,NC,https://textileconnect.com/directory/canvastic-inc/,https://textileconnect.com/directory/canvastic-inc/,https://textileconnect.com/directory/canvastic-inc/,,,manufacturer,Textile Connect: apparel-and-product-manufacturing,Textile Connect,https://textileconnect.com/directory/,Contact for quote
Canvas Unlimited Event Rentals,Jackson,WY,https://textileconnect.com/directory/canvas-unlimited-event-rentals/,https://textileconnect.com/directory/canvas-unlimited-event-rentals/,https://textileconnect.com/directory/canvas-unlimited-event-rentals/,,,manufacturer,Textile Connect: apparel-and-product-manufacturing,Textile Connect,https://textileconnect.com/directory/,Contact for quote
Canvas Works Inc.,Cokato,MN,https://textileconnect.com/directory/canvas-works-inc/,https://textileconnect.com/directory/canvas-works-inc/,https://textileconnect.com/directory/canvas-works-inc/,,,manufacturer,Textile Connect: apparel-and-product-manufacturing,Textile Connect,https://textileconnect.com/directory/,Contact for quote
Canvasworks Inc.,Kennebunk,ME,https://textileconnect.com/directory/canvasworks-inc/,https://textileconnect.com/directory/canvasworks-inc/,https://textileconnect.com/directory/canvasworks-inc/,,,manufacturer,Textile Connect: apparel-and-product-manufacturing,Textile Connect,https://textileconnect.com/directory/,Contact for quote
Canwil Textiles Inc.,Auburn,GA,https://textileconnect.com/directory/canwil-textiles-inc/,https://textileconnect.com/directory/canwil-textiles-inc/,https://textileconnect.com/directory/canwil-textiles-inc/,,,manufacturer,Textile Connect: apparel-and-product-manufacturing,Textile Connect,https://textileconnect.com/directory/,Contact for quote
Caoel Inc Dyeing and Braiding,Troy,NC,https://textileconnect.com/directory/caoel-inc-dyeing-and-braiding/,https://textileconnect.com/directory/caoel-inc-dyeing-and-braiding/,https://textileconnect.com/directory/caoel-inc-dyeing-and-braiding/,,,manufacturer,Textile Connect: apparel-and-product-manufacturing,Textile Connect,https://textileconnect.com/directory/,Contact for quote
Capa Imports Inc,High Point,NC,https://textileconnect.com/directory/capa-imports-inc/,https://textileconnect.com/directory/capa-imports-inc/,https://textileconnect.com/directory/capa-imports-inc/,,,manufacturer,Textile Connect: apparel-and-product-manufacturing,Textile Connect,https://textileconnect.com/directory/,Contact for quote
Cape & Isle Awnings Signs,North Charleston,SC,https://textileconnect.com/directory/cape-isle-awnings-signs/,https://textileconnect.com/directory/cape-isle-awnings-signs/,https://textileconnect.com/directory/cape-isle-awnings-signs/,,,manufacturer,Textile Connect: apparel-and-product-manufacturing,Textile Connect,https://textileconnect.com/directory/,Contact for quote
Capefear Sportswear,Wilmington,NC,https://textileconnect.com/directory/capefear-sportswear/,https://textileconnect.com/directory/capefear-sportswear/,https://textileconnect.com/directory/capefear-sportswear/,,,manufacturer,Textile Connect: apparel-and-product-manufacturing,Textile Connect,https://textileconnect.com/directory/,Contact for quote
Capel Inc Dyeing & Braiding,Troy,NC,https://textileconnect.com/directory/capel-inc-dyeing-braiding/,https://textileconnect.com/directory/capel-inc-dyeing-braiding/,https://textileconnect.com/directory/capel-inc-dyeing-braiding/,,,manufacturer,Textile Connect: apparel-and-product-manufacturing,Textile Connect,https://textileconnect.com/directory/,Contact for quote
Capel Rugs Mill Outlet – Troy,Troy,NC,https://textileconnect.com/directory/capel-rugs-mill-outlet-troy/,https://textileconnect.com/directory/capel-rugs-mill-outlet-troy/,https://textileconnect.com/directory/capel-rugs-mill-outlet-troy/,,,manufacturer,Textile Connect: apparel-and-product-manufacturing,Textile Connect,https://textileconnect.com/directory/,Contact for quote
Capel Rugs Outlet – Greenville,Greenville,SC,https://textileconnect.com/directory/capel-rugs-outlet-greenville/,https://textileconnect.com/directory/capel-rugs-outlet-greenville/,https://textileconnect.com/directory/capel-rugs-outlet-greenville/,,,manufacturer,Textile Connect: apparel-and-product-manufacturing,Textile Connect,https://textileconnect.com/directory/,Contact for quote
Capelsie Mills Inc – N Main St,Troy,NC,https://textileconnect.com/directory/capelsie-mills-inc-n-main-st/,https://textileconnect.com/directory/capelsie-mills-inc-n-main-st/,https://textileconnect.com/directory/capelsie-mills-inc-n-main-st/,,,manufacturer,Textile Connect: apparel-and-product-manufacturing,Textile Connect,https://textileconnect.com/directory/,Contact for quote
Capelsie Mills Inc – Smitherman St,Troy,NC,https://textileconnect.com/directory/capelsie-mills-inc-smitherman-st/,https://textileconnect.com/directory/capelsie-mills-inc-smitherman-st/,https://textileconnect.com/directory/capelsie-mills-inc-smitherman-st/,,,manufacturer,Textile Connect: apparel-and-product-manufacturing,Textile Connect,https://textileconnect.com/directory/,Contact for quote
Capeteria,Asheville,NC,https://textileconnect.com/directory/capeteria/,https://textileconnect.com/directory/capeteria/,https://textileconnect.com/directory/capeteria/,,,manufacturer,Textile Connect: apparel-and-product-manufacturing,Textile Connect,https://textileconnect.com/directory/,Contact for quote
Capital Canopies Inc.,Upper Marlboro,MD,https://textileconnect.com/directory/capital-canopies-inc/,https://textileconnect.com/directory/capital-canopies-inc/,https://textileconnect.com/directory/capital-canopies-inc/,,,manufacturer,Textile Connect: apparel-and-product-manufacturing,Textile Connect,https://textileconnect.com/directory/,Contact for quote
Capital City Awning Co.,Columbus,OH,https://textileconnect.com/directory/capital-city-awning-co/,https://textileconnect.com/directory/capital-city-awning-co/,https://textileconnect.com/directory/capital-city-awning-co/,,,manufacturer,Textile Connect: apparel-and-product-manufacturing,Textile Connect,https://textileconnect.com/directory/,Contact for quote
Capital Safety,Red Wing,MN,https://textileconnect.com/directory/capital-safety/,https://textileconnect.com/directory/capital-safety/,https://textileconnect.com/directory/capital-safety/,,,manufacturer,Textile Connect: apparel-and-product-manufacturing,Textile Connect,https://textileconnect.com/directory/,Contact for quote
Capital Thread Corp.,Raleigh,NC,https://textileconnect.com/directory/capital-thread-corp/,https://textileconnect.com/directory/capital-thread-corp/,https://textileconnect.com/directory/capital-thread-corp/,,,manufacturer,Textile Connect: apparel-and-product-manufacturing,Textile Connect,https://textileconnect.com/directory/,Contact for quote
Capitol Awning ShadeCaster,Richmond,VA,https://textileconnect.com/directory/capitol-awning-shadecaster/,https://textileconnect.com/directory/capitol-awning-shadecaster/,https://textileconnect.com/directory/capitol-awning-shadecaster/,,,manufacturer,Textile Connect: apparel-and-product-manufacturing,Textile Connect,https://textileconnect.com/directory/,Contact for quote
Capitol Flag & Flagpole Co,Raleigh,NC,https://textileconnect.com/directory/capitol-flag-flagpole-co/,https://textileconnect.com/directory/capitol-flag-flagpole-co/,https://textileconnect.com/directory/capitol-flag-flagpole-co/,,,manufacturer,Textile Connect: apparel-and-product-manufacturing,Textile Connect,https://textileconnect.com/directory/,Contact for quote
Capitol Tarpaulin Co.,Sacramento,CA,https://textileconnect.com/directory/capitol-tarpaulin-co/,https://textileconnect.com/directory/capitol-tarpaulin-co/,https://textileconnect.com/directory/capitol-tarpaulin-co/,,,manufacturer,Textile Connect: apparel-and-product-manufacturing,Textile Connect,https://textileconnect.com/directory/,Contact for quote
Capri Discount Flooring,Calhoun,GA,https://textileconnect.com/directory/capri-discount-flooring/,https://textileconnect.com/directory/capri-discount-flooring/,https://textileconnect.com/directory/capri-discount-flooring/,,,manufacturer,Textile Connect: apparel-and-product-manufacturing,Textile Connect,https://textileconnect.com/directory/,Contact for quote
"Capri International, Inc.",Dallas,TX,https://textileconnect.com/directory/capri-international-inc/,https://textileconnect.com/directory/capri-international-inc/,https://textileconnect.com/directory/capri-international-inc/,,,manufacturer,Textile Connect: apparel-and-product-manufacturing,Textile Connect,https://textileconnect.com/directory/,Contact for quote
Capsco Inc,Greenville,SC,https://textileconnect.com/directory/capsco-inc/,https://textileconnect.com/directory/capsco-inc/,https://textileconnect.com/directory/capsco-inc/,,,manufacturer,Textile Connect: apparel-and-product-manufacturing,Textile Connect,https://textileconnect.com/directory/,Contact for quote
Captain’s Shop,Morehead,NC,https://textileconnect.com/directory/captains-shop/,https://textileconnect.com/directory/captains-shop/,https://textileconnect.com/directory/captains-shop/,,,manufacturer,Textile Connect: apparel-and-product-manufacturing,Textile Connect,https://textileconnect.com/directory/,Contact for quote
Cap Yarns,Clover,SC,https://textileconnect.com/directory/cap-yarns/,https://textileconnect.com/directory/cap-yarns/,https://textileconnect.com/directory/cap-yarns/,,,manufacturer,Textile Connect: apparel-and-product-manufacturing,Textile Connect,https://textileconnect.com/directory/,Contact for quote
"Caracol Knits, S.A. de C.V.",,,https://textileconnect.com/directory/caracol-knits-s-a-de-c-v/,https://textileconnect.com/directory/caracol-knits-s-a-de-c-v/,https://textileconnect.com/directory/caracol-knits-s-a-de-c-v/,,,manufacturer,Textile Connect: apparel-and-product-manufacturing,Textile Connect,https://textileconnect.com/directory/,Contact for quote
Caraustar – Asheville,Asheville,NC,https://textileconnect.com/directory/caraustar-asheville/,https://textileconnect.com/directory/caraustar-asheville/,https://textileconnect.com/directory/caraustar-asheville/,,,manufacturer,Textile Connect: apparel-and-product-manufacturing,Textile Connect,https://textileconnect.com/directory/,Contact for quote
Caraustar – Hardeeville,Hardeeville,SC,https://textileconnect.com/directory/caraustar-hardeeville/,https://textileconnect.com/directory/caraustar-hardeeville/,https://textileconnect.com/directory/caraustar-hardeeville/,,,manufacturer,Textile Connect: apparel-and-product-manufacturing,Textile Connect,https://textileconnect.com/directory/,Contact for quote
Caraustar – Kernersville,Kernersville,NC,https://textileconnect.com/directory/caraustar-kernersville/,https://textileconnect.com/directory/caraustar-kernersville/,https://textileconnect.com/directory/caraustar-kernersville/,,,manufacturer,Textile Connect: apparel-and-product-manufacturing,Textile Connect,https://textileconnect.com/directory/,Contact for quote
Carderie Vervietoise USA Inc,Reidsville,NC,https://textileconnect.com/directory/carderie-vervietoise-usa-inc/,https://textileconnect.com/directory/carderie-vervietoise-usa-inc/,https://textileconnect.com/directory/carderie-vervietoise-usa-inc/,,,manufacturer,Textile Connect: apparel-and-product-manufacturing,Textile Connect,https://textileconnect.com/directory/,Contact for quote
Cardiac Sports,Charlotte,NC,https://textileconnect.com/directory/cardiac-sports/,https://textileconnect.com/directory/cardiac-sports/,https://textileconnect.com/directory/cardiac-sports/,,,manufacturer,Textile Connect: apparel-and-product-manufacturing,Textile Connect,https://textileconnect.com/directory/,Contact for quote
Cardinal Canvas Products Inc.,Sioux Falls,SD,https://textileconnect.com/directory/cardinal-canvas-products-inc/,https://textileconnect.com/directory/cardinal-canvas-products-inc/,https://textileconnect.com/directory/cardinal-canvas-products-inc/,,,manufacturer,Textile Connect: apparel-and-product-manufacturing,Textile Connect,https://textileconnect.com/directory/,Contact for quote
Cardinal Cleaners,Reidsville,NC,https://textileconnect.com/directory/cardinal-cleaners/,https://textileconnect.com/directory/cardinal-cleaners/,https://textileconnect.com/directory/cardinal-cleaners/,,,manufacturer,Textile Connect: apparel-and-product-manufacturing,Textile Connect,https://textileconnect.com/directory/,Contact for quote
Cardinal Health,Asheville,NC,https://textileconnect.com/directory/cardinal-health/,https://textileconnect.com/directory/cardinal-health/,https://textileconnect.com/directory/cardinal-health/,,,manufacturer,Textile Connect: apparel-and-product-manufacturing,Textile Connect,https://textileconnect.com/directory/,Contact for quote
CARE program,Dalton,GA,https://textileconnect.com/directory/care-program/,https://textileconnect.com/directory/care-program/,https://textileconnect.com/directory/care-program/,,,manufacturer,Textile Connect: apparel-and-product-manufacturing,Textile Connect,https://textileconnect.com/directory/,Contact for quote
"Cargill Cotton – Cordova, TN",Cordova,TN,https://textileconnect.com/directory/cargill-cotton-cordova-tn/,https://textileconnect.com/directory/cargill-cotton-cordova-tn/,https://textileconnect.com/directory/cargill-cotton-cordova-tn/,,,manufacturer,Textile Connect: apparel-and-product-manufacturing,Textile Connect,https://textileconnect.com/directory/,Contact for quote
"Cargill Cotton – Gainesville, GA",Gainesville,GA,https://textileconnect.com/directory/cargill-cotton-gainesville-ga/,https://textileconnect.com/directory/cargill-cotton-gainesville-ga/,https://textileconnect.com/directory/cargill-cotton-gainesville-ga/,,,manufacturer,Textile Connect: apparel-and-product-manufacturing,Textile Connect,https://textileconnect.com/directory/,Contact for quote
"Cargill Cotton – Gastonia, NC",Gastonia,NC,https://textileconnect.com/directory/cargill-cotton-gastonia-nc/,https://textileconnect.com/directory/cargill-cotton-gastonia-nc/,https://textileconnect.com/directory/cargill-cotton-gastonia-nc/,,,manufacturer,Textile Connect: apparel-and-product-manufacturing,Textile Connect,https://textileconnect.com/directory/,Contact for quote
"Cargill Cotton – Lubbock, TX",Lubbock,TX,https://textileconnect.com/directory/cargill-cotton-lubbock-tx/,https://textileconnect.com/directory/cargill-cotton-lubbock-tx/,https://textileconnect.com/directory/cargill-cotton-lubbock-tx/,,,manufacturer,Textile Connect: apparel-and-product-manufacturing,Textile Connect,https://textileconnect.com/directory/,Contact for quote
"Cargill Cotton – Memphis, TN",Memphis,TN,https://textileconnect.com/directory/cargill-cotton-memphis-tn/,https://textileconnect.com/directory/cargill-cotton-memphis-tn/,https://textileconnect.com/directory/cargill-cotton-memphis-tn/,,,manufacturer,Textile Connect: apparel-and-product-manufacturing,Textile Connect,https://textileconnect.com/directory/,Contact for quote
"Cargill Cotton Warehouse – Hasslet, TX",Hasslet,TX,https://textileconnect.com/directory/cargill-cotton-warehouse-hasslet-tx/,https://textileconnect.com/directory/cargill-cotton-warehouse-hasslet-tx/,https://textileconnect.com/directory/cargill-cotton-warehouse-hasslet-tx/,,,manufacturer,Textile Connect: apparel-and-product-manufacturing,Textile Connect,https://textileconnect.com/directory/,Contact for quote
Cargo Logistics Network,Charlotte,NC,https://textileconnect.com/directory/cargo-logistics-network/,https://textileconnect.com/directory/cargo-logistics-network/,https://textileconnect.com/directory/cargo-logistics-network/,,,manufacturer,Textile Connect: apparel-and-product-manufacturing,Textile Connect,https://textileconnect.com/directory/,Contact for quote
Cari Fabrics,Greensboro,NC,https://textileconnect.com/directory/cari-fabrics/,https://textileconnect.com/directory/cari-fabrics/,https://textileconnect.com/directory/cari-fabrics/,,,manufacturer,Textile Connect: apparel-and-product-manufacturing,Textile Connect,https://textileconnect.com/directory/,Contact for quote
"Caristrap International, Inc.","Laval, QC H7S 1N8",,https://textileconnect.com/directory/caristrap-international-inc/,https://textileconnect.com/directory/caristrap-international-inc/,https://textileconnect.com/directory/caristrap-international-inc/,,,manufacturer,Textile Connect: apparel-and-product-manufacturing,Textile Connect,https://textileconnect.com/directory/,Contact for quote
Carlisle Finishing,Carlisle,SC,https://textileconnect.com/directory/carlisle-finishing/,https://textileconnect.com/directory/carlisle-finishing/,https://textileconnect.com/directory/carlisle-finishing/,,,manufacturer,Textile Connect: apparel-and-product-manufacturing,Textile Connect,https://textileconnect.com/directory/,Contact for quote
Carlton Textiles,Spartanburg,SC,https://textileconnect.com/directory/carlton-textiles/,https://textileconnect.com/directory/carlton-textiles/,https://textileconnect.com/directory/carlton-textiles/,,,manufacturer,Textile Connect: apparel-and-product-manufacturing,Textile Connect,https://textileconnect.com/directory/,Contact for quote
"Carnegie Textile Co., The",Solon,OH,https://textileconnect.com/directory/carnegie-textile-co-the/,https://textileconnect.com/directory/carnegie-textile-co-the/,https://textileconnect.com/directory/carnegie-textile-co-the/,,,manufacturer,Textile Connect: apparel-and-product-manufacturing,Textile Connect,https://textileconnect.com/directory/,Contact for quote
Carolace Embroidery,Hope Mills,NC,https://textileconnect.com/directory/carolace-embroidery/,https://textileconnect.com/directory/carolace-embroidery/,https://textileconnect.com/directory/carolace-embroidery/,,,manufacturer,Textile Connect: apparel-and-product-manufacturing,Textile Connect,https://textileconnect.com/directory/,Contact for quote
Carolina Absorbent Cotton Div,Charlotte,NC,https://textileconnect.com/directory/carolina-absorbent-cotton-div/,https://textileconnect.com/directory/carolina-absorbent-cotton-div/,https://textileconnect.com/directory/carolina-absorbent-cotton-div/,,,manufacturer,Textile Connect: apparel-and-product-manufacturing,Textile Connect,https://textileconnect.com/directory/,Contact for quote
Carolina American Knits,Lumberton,NC,https://textileconnect.com/directory/carolina-american-knits/,https://textileconnect.com/directory/carolina-american-knits/,https://textileconnect.com/directory/carolina-american-knits/,,,manufacturer,Textile Connect: apparel-and-product-manufacturing,Textile Connect,https://textileconnect.com/directory/,Contact for quote
"Carolina American Knits, Inc.",Lumberton,NC,https://textileconnect.com/directory/carolina-american-knits-inc/,https://textileconnect.com/directory/carolina-american-knits-inc/,https://textileconnect.com/directory/carolina-american-knits-inc/,,,manufacturer,Textile Connect: apparel-and-product-manufacturing,Textile Connect,https://textileconnect.com/directory/,Contact for quote
Carolina Apparel Group Inc,Wadesboro,NC,https://textileconnect.com/directory/carolina-apparel-group-inc/,https://textileconnect.com/directory/carolina-apparel-group-inc/,https://textileconnect.com/directory/carolina-apparel-group-inc/,,,manufacturer,Textile Connect: apparel-and-product-manufacturing,Textile Connect,https://textileconnect.com/directory/,Contact for quote
Carolina Awning Inc,Fountain Inn,SC,https://textileconnect.com/directory/carolina-awning-inc/,https://textileconnect.com/directory/carolina-awning-inc/,https://textileconnect.com/directory/carolina-awning-inc/,,,manufacturer,Textile Connect: apparel-and-product-manufacturing,Textile Connect,https://textileconnect.com/directory/,Contact for quote
Carolina Belting Co,Taylors,SC,https://textileconnect.com/directory/carolina-belting-co/,https://textileconnect.com/directory/carolina-belting-co/,https://textileconnect.com/directory/carolina-belting-co/,,,manufacturer,Textile Connect: apparel-and-product-manufacturing,Textile Connect,https://textileconnect.com/directory/,Contact for quote
Carolina Brace Manufacturers,Charlotte,NC,https://textileconnect.com/directory/carolina-brace-manufacturers/,https://textileconnect.com/directory/carolina-brace-manufacturers/,https://textileconnect.com/directory/carolina-brace-manufacturers/,,,manufacturer,Textile Connect: apparel-and-product-manufacturing,Textile Connect,https://textileconnect.com/directory/,Contact for quote
Carolina Brush Co,Gastonia,NC,https://textileconnect.com/directory/carolina-brush-co/,https://textileconnect.com/directory/carolina-brush-co/,https://textileconnect.com/directory/carolina-brush-co/,,,manufacturer,Textile Connect: apparel-and-product-manufacturing,Textile Connect,https://textileconnect.com/directory/,Contact for quote
Carolina Coated Glove Co,Catawba,NC,https://textileconnect.com/directory/carolina-coated-glove-co/,https://textileconnect.com/directory/carolina-coated-glove-co/,https://textileconnect.com/directory/carolina-coated-glove-co/,,,manufacturer,Textile Connect: apparel-and-product-manufacturing,Textile Connect,https://textileconnect.com/directory/,Contact for quote
Carolina Color & Chemical Co,Charlotte,NC,https://textileconnect.com/directory/carolina-color-chemical-co/,https://textileconnect.com/directory/carolina-color-chemical-co/,https://textileconnect.com/directory/carolina-color-chemical-co/,,,manufacturer,Textile Connect: apparel-and-product-manufacturing,Textile Connect,https://textileconnect.com/directory/,Contact for quote
Carolina Color Corp,Salisbury,NC,https://textileconnect.com/directory/carolina-color-corp/,https://textileconnect.com/directory/carolina-color-corp/,https://textileconnect.com/directory/carolina-color-corp/,,,manufacturer,Textile Connect: apparel-and-product-manufacturing,Textile Connect,https://textileconnect.com/directory/,Contact for quote
Carolina Composites (dba: Pioneer Boats),Walterboro,SC,https://textileconnect.com/directory/carolina-composites-dba-pioneer-boats/,https://textileconnect.com/directory/carolina-composites-dba-pioneer-boats/,https://textileconnect.com/directory/carolina-composites-dba-pioneer-boats/,,,manufacturer,Textile Connect: apparel-and-product-manufacturing,Textile Connect,https://textileconnect.com/directory/,Contact for quote
Carolina Cook Industries Inc,Graham,NC,https://textileconnect.com/directory/carolina-cook-industries-inc/,https://textileconnect.com/directory/carolina-cook-industries-inc/,https://textileconnect.com/directory/carolina-cook-industries-inc/,,,manufacturer,Textile Connect: apparel-and-product-manufacturing,Textile Connect,https://textileconnect.com/directory/,Contact for quote
Carolina Cotton Classing Agcy,Gastonia,NC,https://textileconnect.com/directory/carolina-cotton-classing-agcy/,https://textileconnect.com/directory/carolina-cotton-classing-agcy/,https://textileconnect.com/directory/carolina-cotton-classing-agcy/,,,manufacturer,Textile Connect: apparel-and-product-manufacturing,Textile Connect,https://textileconnect.com/directory/,Contact for quote
Carolina Cottonseed Co,Kinston,NC,https://textileconnect.com/directory/carolina-cottonseed-co/,https://textileconnect.com/directory/carolina-cottonseed-co/,https://textileconnect.com/directory/carolina-cottonseed-co/,,,manufacturer,Textile Connect: apparel-and-product-manufacturing,Textile Connect,https://textileconnect.com/directory/,Contact for quote
Carolina Cotton Works Inc,Gaffney,SC,https://textileconnect.com/directory/carolina-cotton-works-inc/,https://textileconnect.com/directory/carolina-cotton-works-inc/,https://textileconnect.com/directory/carolina-cotton-works-inc/,,,manufacturer,Textile Connect: apparel-and-product-manufacturing,Textile Connect,https://textileconnect.com/directory/,Contact for quote
Carolina Covertech,North Augusta,SC,https://textileconnect.com/directory/carolina-covertech/,https://textileconnect.com/directory/carolina-covertech/,https://textileconnect.com/directory/carolina-covertech/,,,manufacturer,Textile Connect: apparel-and-product-manufacturing,Textile Connect,https://textileconnect.com/directory/,Contact for quote
Carolina Cushion’s,Summerville,SC,https://textileconnect.com/directory/carolina-cushions/,https://textileconnect.com/directory/carolina-cushions/,https://textileconnect.com/directory/carolina-cushions/,,,manufacturer,Textile Connect: apparel-and-product-manufacturing,Textile Connect,https://textileconnect.com/directory/,Contact for quote
Carolina Custom,Spartanburg,SC,https://textileconnect.com/directory/carolina-custom/,https://textileconnect.com/directory/carolina-custom/,https://textileconnect.com/directory/carolina-custom/,,,manufacturer,Textile Connect: apparel-and-product-manufacturing,Textile Connect,https://textileconnect.com/directory/,Contact for quote
"Carolina Cut ‘n Sew, LLC",Mt Gilead,NC,https://textileconnect.com/directory/carolina-cut-n-sew-llc/,https://textileconnect.com/directory/carolina-cut-n-sew-llc/,https://textileconnect.com/directory/carolina-cut-n-sew-llc/,,,manufacturer,Textile Connect: apparel-and-product-manufacturing,Textile Connect,https://textileconnect.com/directory/,Contact for quote
Carolina Designer Show Room,Charlotte,NC,https://textileconnect.com/directory/carolina-designer-show-room/,https://textileconnect.com/directory/carolina-designer-show-room/,https://textileconnect.com/directory/carolina-designer-show-room/,,,manufacturer,Textile Connect: apparel-and-product-manufacturing,Textile Connect,https://textileconnect.com/directory/,Contact for quote
Carolina Dielectrics Inc,Lexington,SC,https://textileconnect.com/directory/carolina-dielectrics-inc/,https://textileconnect.com/directory/carolina-dielectrics-inc/,https://textileconnect.com/directory/carolina-dielectrics-inc/,,,manufacturer,Textile Connect: apparel-and-product-manufacturing,Textile Connect,https://textileconnect.com/directory/,Contact for quote
Carolina Dyeing & Finishing,Burlington,NC,https://textileconnect.com/directory/carolina-dyeing-finishing/,https://textileconnect.com/directory/carolina-dyeing-finishing/,https://textileconnect.com/directory/carolina-dyeing-finishing/,,,manufacturer,Textile Connect: apparel-and-product-manufacturing,Textile Connect,https://textileconnect.com/directory/,Contact for quote
Carolina Dye Works,Ware Shoals,SC,https://textileconnect.com/directory/carolina-dye-works/,https://textileconnect.com/directory/carolina-dye-works/,https://textileconnect.com/directory/carolina-dye-works/,,,manufacturer,Textile Connect: apparel-and-product-manufacturing,Textile Connect,https://textileconnect.com/directory/,Contact for quote
Carolina Emblem & Embroidery Co,Campobello,SC,https://textileconnect.com/directory/carolina-emblem-embroidery-co/,https://textileconnect.com/directory/carolina-emblem-embroidery-co/,https://textileconnect.com/directory/carolina-emblem-embroidery-co/,,,manufacturer,Textile Connect: apparel-and-product-manufacturing,Textile Connect,https://textileconnect.com/directory/,Contact for quote
Carolina Embroidery Works,Charlotte,NC,https://textileconnect.com/directory/carolina-embroidery-works/,https://textileconnect.com/directory/carolina-embroidery-works/,https://textileconnect.com/directory/carolina-embroidery-works/,,,manufacturer,Textile Connect: apparel-and-product-manufacturing,Textile Connect,https://textileconnect.com/directory/,Contact for quote
Carolina Finishing Inc,Matthews,NC,https://textileconnect.com/directory/carolina-finishing-inc/,https://textileconnect.com/directory/carolina-finishing-inc/,https://textileconnect.com/directory/carolina-finishing-inc/,,,manufacturer,Textile Connect: apparel-and-product-manufacturing,Textile Connect,https://textileconnect.com/directory/,Contact for quote
Carolina Flag & Banner,Charleston,SC,https://textileconnect.com/directory/carolina-flag-banner/,https://textileconnect.com/directory/carolina-flag-banner/,https://textileconnect.com/directory/carolina-flag-banner/,,,manufacturer,Textile Connect: apparel-and-product-manufacturing,Textile Connect,https://textileconnect.com/directory/,Contact for quote
Carolina Flag & Flagpole Co,Hendersonville,NC,https://textileconnect.com/directory/carolina-flag-flagpole-co/,https://textileconnect.com/directory/carolina-flag-flagpole-co/,https://textileconnect.com/directory/carolina-flag-flagpole-co/,,,manufacturer,Textile Connect: apparel-and-product-manufacturing,Textile Connect,https://textileconnect.com/directory/,Contact for quote
Carolina Flooring Distributors,Columbia,SC,https://textileconnect.com/directory/carolina-flooring-distributors/,https://textileconnect.com/directory/carolina-flooring-distributors/,https://textileconnect.com/directory/carolina-flooring-distributors/,,,manufacturer,Textile Connect: apparel-and-product-manufacturing,Textile Connect,https://textileconnect.com/directory/,Contact for quote
Carolina Glove Co – Catawba,Catawba,NC,https://textileconnect.com/directory/carolina-glove-co-catawba/,https://textileconnect.com/directory/carolina-glove-co-catawba/,https://textileconnect.com/directory/carolina-glove-co-catawba/,,,manufacturer,Textile Connect: apparel-and-product-manufacturing,Textile Connect,https://textileconnect.com/directory/,Contact for quote
Carolina Glove Co – Conover,Conover,NC,https://textileconnect.com/directory/carolina-glove-co-conover/,https://textileconnect.com/directory/carolina-glove-co-conover/,https://textileconnect.com/directory/carolina-glove-co-conover/,,,manufacturer,Textile Connect: apparel-and-product-manufacturing,Textile Connect,https://textileconnect.com/directory/,Contact for quote
Carolina Glove Co – Taylorsville,Taylorsville,NC,https://textileconnect.com/directory/carolina-glove-co-taylorsville/,https://textileconnect.com/directory/carolina-glove-co-taylorsville/,https://textileconnect.com/directory/carolina-glove-co-taylorsville/,,,manufacturer,Textile Connect: apparel-and-product-manufacturing,Textile Connect,https://textileconnect.com/directory/,Contact for quote
Carolina Glove Co – Wilkesboro,Wilkesboro,NC,https://textileconnect.com/directory/carolina-glove-co-wilkesboro/,https://textileconnect.com/directory/carolina-glove-co-wilkesboro/,https://textileconnect.com/directory/carolina-glove-co-wilkesboro/,,,manufacturer,Textile Connect: apparel-and-product-manufacturing,Textile Connect,https://textileconnect.com/directory/,Contact for quote
Carolina Hosiery Mill Inc,Burlington,NC,https://textileconnect.com/directory/carolina-hosiery-mill-inc/,https://textileconnect.com/directory/carolina-hosiery-mill-inc/,https://textileconnect.com/directory/carolina-hosiery-mill-inc/,,,manufacturer,Textile Connect: apparel-and-product-manufacturing,Textile Connect,https://textileconnect.com/directory/,Contact for quote
Carolina Imagery,Shallotte,NC,https://textileconnect.com/directory/carolina-imagery/,https://textileconnect.com/directory/carolina-imagery/,https://textileconnect.com/directory/carolina-imagery/,,,manufacturer,Textile Connect: apparel-and-product-manufacturing,Textile Connect,https://textileconnect.com/directory/,Contact for quote
Carolina Loom Reed Co,Greensboro,NC,https://textileconnect.com/directory/carolina-loom-reed-co/,https://textileconnect.com/directory/carolina-loom-reed-co/,https://textileconnect.com/directory/carolina-loom-reed-co/,,,manufacturer,Textile Connect: apparel-and-product-manufacturing,Textile Connect,https://textileconnect.com/directory/,Contact for quote
Carolina Made Inc,Indian Trail,NC,https://textileconnect.com/directory/carolina-made-inc/,https://textileconnect.com/directory/carolina-made-inc/,https://textileconnect.com/directory/carolina-made-inc/,,,manufacturer,Textile Connect: apparel-and-product-manufacturing,Textile Connect,https://textileconnect.com/directory/,Contact for quote
Carolina Manufacturing Co,Greenville,SC,https://textileconnect.com/directory/carolina-manufacturing-co/,https://textileconnect.com/directory/carolina-manufacturing-co/,https://textileconnect.com/directory/carolina-manufacturing-co/,,,manufacturer,Textile Connect: apparel-and-product-manufacturing,Textile Connect,https://textileconnect.com/directory/,Contact for quote
"Carolina Mills, Inc",Maiden,NC,https://textileconnect.com/directory/carolina-mills-inc-2/,https://textileconnect.com/directory/carolina-mills-inc-2/,https://textileconnect.com/directory/carolina-mills-inc-2/,,,manufacturer,Textile Connect: apparel-and-product-manufacturing,Textile Connect,https://textileconnect.com/directory/,Contact for quote
Carolina Mills Inc,Maiden,NC,https://textileconnect.com/directory/carolina-mills-inc/,https://textileconnect.com/directory/carolina-mills-inc/,https://textileconnect.com/directory/carolina-mills-inc/,,,manufacturer,Textile Connect: apparel-and-product-manufacturing,Textile Connect,https://textileconnect.com/directory/,Contact for quote
Carolina Mop Mfg Co,Anderson,SC,https://textileconnect.com/directory/carolina-mop-mfg-co/,https://textileconnect.com/directory/carolina-mop-mfg-co/,https://textileconnect.com/directory/carolina-mop-mfg-co/,,,manufacturer,Textile Connect: apparel-and-product-manufacturing,Textile Connect,https://textileconnect.com/directory/,Contact for quote
Carolina Morning Designs,Burnsville,NC,https://textileconnect.com/directory/carolina-morning-designs/,https://textileconnect.com/directory/carolina-morning-designs/,https://textileconnect.com/directory/carolina-morning-designs/,,,manufacturer,Textile Connect: apparel-and-product-manufacturing,Textile Connect,https://textileconnect.com/directory/,Contact for quote
Carolina Narrow Fabric,Winston-Salem,NC,https://textileconnect.com/directory/carolina-narrow-fabric/,https://textileconnect.com/directory/carolina-narrow-fabric/,https://textileconnect.com/directory/carolina-narrow-fabric/,,,manufacturer,Textile Connect: apparel-and-product-manufacturing,Textile Connect,https://textileconnect.com/directory/,Contact for quote
"Carolina Nonwovens, LLC",Maiden,NC,https://textileconnect.com/directory/carolina-nonwovens-llc/,https://textileconnect.com/directory/carolina-nonwovens-llc/,https://textileconnect.com/directory/carolina-nonwovens-llc/,,,manufacturer,Textile Connect: apparel-and-product-manufacturing,Textile Connect,https://textileconnect.com/directory/,Contact for quote
Carolina Ortho-Prosthetics,Greenville,NC,https://textileconnect.com/directory/carolina-ortho-prosthetics/,https://textileconnect.com/directory/carolina-ortho-prosthetics/,https://textileconnect.com/directory/carolina-ortho-prosthetics/,,,manufacturer,Textile Connect: apparel-and-product-manufacturing,Textile Connect,https://textileconnect.com/directory/,Contact for quote
Carolina Paper Tubes Inc,Zirconia,NC,https://textileconnect.com/directory/carolina-paper-tubes-inc/,https://textileconnect.com/directory/carolina-paper-tubes-inc/,https://textileconnect.com/directory/carolina-paper-tubes-inc/,,,manufacturer,Textile Connect: apparel-and-product-manufacturing,Textile Connect,https://textileconnect.com/directory/,Contact for quote
Stitch K,"Stitch K 
 
							   Los Angeles",CA,https://www.stitchk.com/,https://www.stitchk.com/,https://www.stitchk.com/,323,,cut_and_sew,Cotton Inc cut & sew,Cotton Incorporated,https://www.cottoninc.com/quality-products/textile-sourcing/cut-and-sew/,Contact for quote
First Avenue Manufacturing,"First Avenue Manufacturing 
 
							   Thomson",GA,https://www.usa-linens.com,https://www.usa-linens.com,https://www.usa-linens.com,,,cut_and_sew,Cotton Inc cut & sew,Cotton Incorporated,https://www.cottoninc.com/quality-products/textile-sourcing/cut-and-sew/,Contact for quote
Topps Safety Apparel Inc.,Rochester,IN,http://www.toppssafetyapparel.com/,http://www.toppssafetyapparel.com/,http://www.toppssafetyapparel.com/,574,,cut_and_sew,Cotton Inc cut & sew,Cotton Incorporated,https://www.cottoninc.com/quality-products/textile-sourcing/cut-and-sew/,Contact for quote
JOMEL Seams Reasonable,"JOMEL Seams Reasonable 
 
							   Burkesville",KY,https://jomel.net/,https://jomel.net/,https://jomel.net/,973,,cut_and_sew,Cotton Inc cut & sew,Cotton Incorporated,https://www.cottoninc.com/quality-products/textile-sourcing/cut-and-sew/,Contact for quote
"Hillside, NJ",Hillside,NJ,https://jomel.net/,https://jomel.net/,https://jomel.net/,973,,cut_and_sew,Cotton Inc cut & sew,Cotton Incorporated,https://www.cottoninc.com/quality-products/textile-sourcing/cut-and-sew/,Contact for quote
Fire-Dex,"South Progress Drive 
Medina",OH,https://www.firedex.com/,https://www.firedex.com/,https://www.firedex.com/,330,,cut_and_sew,Cotton Inc cut & sew,Cotton Incorporated,https://www.cottoninc.com/quality-products/textile-sourcing/cut-and-sew/,Contact for quote
"Sarah Lynn Sportswear, Inc.",Allentown,PA,http://www.slsportswear.com/,http://www.slsportswear.com/,http://www.slsportswear.com/,610,,cut_and_sew,Cotton Inc cut & sew,Cotton Incorporated,https://www.cottoninc.com/quality-products/textile-sourcing/cut-and-sew/,Contact for quote
Monalisa Manufacturing,"East Green Street  
Allentown",PA,http://www.monalisamfg.com/,http://www.monalisamfg.com/,http://www.monalisamfg.com/,610,,cut_and_sew,Cotton Inc cut & sew,Cotton Incorporated,https://www.cottoninc.com/quality-products/textile-sourcing/cut-and-sew/,Contact for quote
Excel Manufacturing,"Frutas Avenue  
El Paso",TX,http://www.excelmfg.net/,http://www.excelmfg.net/,http://www.excelmfg.net/,915,,cut_and_sew,Cotton Inc cut & sew,Cotton Incorporated,https://www.cottoninc.com/quality-products/textile-sourcing/cut-and-sew/,Contact for quote
Lebanon Apparel Corporation dba LA CORP,"Thornhill Drive  
Lebanon",VA,http://www.lacorpusa.com/,http://www.lacorpusa.com/,http://www.lacorpusa.com/,276,,cut_and_sew,Cotton Inc cut & sew,Cotton Incorporated,https://www.cottoninc.com/quality-products/textile-sourcing/cut-and-sew/,Contact for quote
First Avenue Manufacturing,"First Avenue Manufacturing 
 
						   Thomson",GA,https://www.usa-linens.com,https://www.usa-linens.com,https://www.usa-linens.com,,,cut_and_sew,Cotton Inc cut & sew,Cotton Incorporated,https://www.cottoninc.com/quality-products/textile-sourcing/cut-and-sew/,Contact for quote
JOMEL Seams Reasonable,"JOMEL Seams Reasonable 
 
						   Burkesville",KY,https://jomel.net/,https://jomel.net/,https://jomel.net/,973,,cut_and_sew,Cotton Inc cut & sew,Cotton Incorporated,https://www.cottoninc.com/quality-products/textile-sourcing/cut-and-sew/,Contact for quote
Stitch K,"Stitch K 
 
						   Los Angeles",CA,https://www.stitchk.com/,https://www.stitchk.com/,https://www.stitchk.com/,323,,cut_and_sew,Cotton Inc cut & sew,Cotton Incorporated,https://www.cottoninc.com/quality-products/textile-sourcing/cut-and-sew/,Contact for quote
21 Production,,,https://cfda.com/resources/supply-chain-manufacturing/production-directory/21-production/,https://cfda.com/resources/supply-chain-manufacturing/production-directory/21-production/,https://cfda.com/resources/supply-chain-manufacturing/production-directory/21-production/,,,cut_and_sew,CFDA Production Directory,CFDA,https://cfda.com/resources/supply-chain-manufacturing/production-directory/,Contact for quote
3Crowns Manufacturing,,,https://cfda.com/resources/supply-chain-manufacturing/production-directory/3crowns-manufacturing/,https://cfda.com/resources/supply-chain-manufacturing/production-directory/3crowns-manufacturing/,https://cfda.com/resources/supply-chain-manufacturing/production-directory/3crowns-manufacturing/,,,cut_and_sew,CFDA Production Directory,CFDA,https://cfda.com/resources/supply-chain-manufacturing/production-directory/,Contact for quote
5001 FLAVORS,,,https://cfda.com/resources/supply-chain-manufacturing/production-directory/5001-flavors/,https://cfda.com/resources/supply-chain-manufacturing/production-directory/5001-flavors/,https://cfda.com/resources/supply-chain-manufacturing/production-directory/5001-flavors/,,,cut_and_sew,CFDA Production Directory,CFDA,https://cfda.com/resources/supply-chain-manufacturing/production-directory/,Contact for quote
A V inc.,,,https://cfda.com/resources/supply-chain-manufacturing/production-directory/a-v-inc/,https://cfda.com/resources/supply-chain-manufacturing/production-directory/a-v-inc/,https://cfda.com/resources/supply-chain-manufacturing/production-directory/a-v-inc/,,,cut_and_sew,CFDA Production Directory,CFDA,https://cfda.com/resources/supply-chain-manufacturing/production-directory/,Contact for quote
ABSOLUTE QUALITY PATTERNS,,,https://cfda.com/resources/supply-chain-manufacturing/production-directory/absolute-quality-patterns/,https://cfda.com/resources/supply-chain-manufacturing/production-directory/absolute-quality-patterns/,https://cfda.com/resources/supply-chain-manufacturing/production-directory/absolute-quality-patterns/,,,cut_and_sew,CFDA Production Directory,CFDA,https://cfda.com/resources/supply-chain-manufacturing/production-directory/,Contact for quote
Accessory Lab,,,https://cfda.com/resources/supply-chain-manufacturing/production-directory/accessory-lab/,https://cfda.com/resources/supply-chain-manufacturing/production-directory/accessory-lab/,https://cfda.com/resources/supply-chain-manufacturing/production-directory/accessory-lab/,,,cut_and_sew,CFDA Production Directory,CFDA,https://cfda.com/resources/supply-chain-manufacturing/production-directory/,Contact for quote
Accurate Patterns,,,https://cfda.com/resources/supply-chain-manufacturing/production-directory/accurate-patterns/,https://cfda.com/resources/supply-chain-manufacturing/production-directory/accurate-patterns/,https://cfda.com/resources/supply-chain-manufacturing/production-directory/accurate-patterns/,,,cut_and_sew,CFDA Production Directory,CFDA,https://cfda.com/resources/supply-chain-manufacturing/production-directory/,Contact for quote
Adrian Jules,,,https://cfda.com/resources/supply-chain-manufacturing/production-directory/adrian-jules/,https://cfda.com/resources/supply-chain-manufacturing/production-directory/adrian-jules/,https://cfda.com/resources/supply-chain-manufacturing/production-directory/adrian-jules/,,,cut_and_sew,CFDA Production Directory,CFDA,https://cfda.com/resources/supply-chain-manufacturing/production-directory/,Contact for quote
AIRCAPTURE®,,,https://cfda.com/resources/supply-chain-manufacturing/production-directory/aircapture/,https://cfda.com/resources/supply-chain-manufacturing/production-directory/aircapture/,https://cfda.com/resources/supply-chain-manufacturing/production-directory/aircapture/,,,cut_and_sew,CFDA Production Directory,CFDA,https://cfda.com/resources/supply-chain-manufacturing/production-directory/,Contact for quote
Alan David Custom,,,https://cfda.com/resources/supply-chain-manufacturing/production-directory/alan-david-custom/,https://cfda.com/resources/supply-chain-manufacturing/production-directory/alan-david-custom/,https://cfda.com/resources/supply-chain-manufacturing/production-directory/alan-david-custom/,,,cut_and_sew,CFDA Production Directory,CFDA,https://cfda.com/resources/supply-chain-manufacturing/production-directory/,Contact for quote
Albrizio New York,,,https://cfda.com/resources/supply-chain-manufacturing/production-directory/albrizio-new-york/,https://cfda.com/resources/supply-chain-manufacturing/production-directory/albrizio-new-york/,https://cfda.com/resources/supply-chain-manufacturing/production-directory/albrizio-new-york/,,,cut_and_sew,CFDA Production Directory,CFDA,https://cfda.com/resources/supply-chain-manufacturing/production-directory/,Contact for quote
"Alison Hoenes Design, LLC",,,https://cfda.com/resources/supply-chain-manufacturing/production-directory/alison-hoenes-design-llc/,https://cfda.com/resources/supply-chain-manufacturing/production-directory/alison-hoenes-design-llc/,https://cfda.com/resources/supply-chain-manufacturing/production-directory/alison-hoenes-design-llc/,,,cut_and_sew,CFDA Production Directory,CFDA,https://cfda.com/resources/supply-chain-manufacturing/production-directory/,Contact for quote
Alissas Fashions,,,https://cfda.com/resources/supply-chain-manufacturing/production-directory/alissas-fashions/,https://cfda.com/resources/supply-chain-manufacturing/production-directory/alissas-fashions/,https://cfda.com/resources/supply-chain-manufacturing/production-directory/alissas-fashions/,,,cut_and_sew,CFDA Production Directory,CFDA,https://cfda.com/resources/supply-chain-manufacturing/production-directory/,Contact for quote
ALYYO Clothing Company,,,https://cfda.com/resources/supply-chain-manufacturing/production-directory/alyyo-clothing-company/,https://cfda.com/resources/supply-chain-manufacturing/production-directory/alyyo-clothing-company/,https://cfda.com/resources/supply-chain-manufacturing/production-directory/alyyo-clothing-company/,,,cut_and_sew,CFDA Production Directory,CFDA,https://cfda.com/resources/supply-chain-manufacturing/production-directory/,Contact for quote
AMELOTTE INTERNATIONAL CORP,,,https://cfda.com/resources/supply-chain-manufacturing/production-directory/amelotte-international-corp/,https://cfda.com/resources/supply-chain-manufacturing/production-directory/amelotte-international-corp/,https://cfda.com/resources/supply-chain-manufacturing/production-directory/amelotte-international-corp/,,,cut_and_sew,CFDA Production Directory,CFDA,https://cfda.com/resources/supply-chain-manufacturing/production-directory/,Contact for quote
American Brands & Co.,,,https://cfda.com/resources/supply-chain-manufacturing/production-directory/american-brands-co/,https://cfda.com/resources/supply-chain-manufacturing/production-directory/american-brands-co/,https://cfda.com/resources/supply-chain-manufacturing/production-directory/american-brands-co/,,,cut_and_sew,CFDA Production Directory,CFDA,https://cfda.com/resources/supply-chain-manufacturing/production-directory/,Contact for quote
AmericanSpandex.Com,,,https://cfda.com/resources/supply-chain-manufacturing/production-directory/americanspandexcom/,https://cfda.com/resources/supply-chain-manufacturing/production-directory/americanspandexcom/,https://cfda.com/resources/supply-chain-manufacturing/production-directory/americanspandexcom/,,,cut_and_sew,CFDA Production Directory,CFDA,https://cfda.com/resources/supply-chain-manufacturing/production-directory/,Contact for quote
Antex Group Corp.,,,https://cfda.com/resources/supply-chain-manufacturing/production-directory/antex-group-corp/,https://cfda.com/resources/supply-chain-manufacturing/production-directory/antex-group-corp/,https://cfda.com/resources/supply-chain-manufacturing/production-directory/antex-group-corp/,,,cut_and_sew,CFDA Production Directory,CFDA,https://cfda.com/resources/supply-chain-manufacturing/production-directory/,Contact for quote
Apparel Production Inc.,,,https://cfda.com/resources/supply-chain-manufacturing/production-directory/apparel-production-inc/,https://cfda.com/resources/supply-chain-manufacturing/production-directory/apparel-production-inc/,https://cfda.com/resources/supply-chain-manufacturing/production-directory/apparel-production-inc/,,,cut_and_sew,CFDA Production Directory,CFDA,https://cfda.com/resources/supply-chain-manufacturing/production-directory/,Contact for quote
ApparelKit,,,https://cfda.com/resources/supply-chain-manufacturing/production-directory/apparelkit/,https://cfda.com/resources/supply-chain-manufacturing/production-directory/apparelkit/,https://cfda.com/resources/supply-chain-manufacturing/production-directory/apparelkit/,,,cut_and_sew,CFDA Production Directory,CFDA,https://cfda.com/resources/supply-chain-manufacturing/production-directory/,Contact for quote
Apple Pattern Design Outlet Inc.,,,https://cfda.com/resources/supply-chain-manufacturing/production-directory/apple-pattern-design-outlet-inc/,https://cfda.com/resources/supply-chain-manufacturing/production-directory/apple-pattern-design-outlet-inc/,https://cfda.com/resources/supply-chain-manufacturing/production-directory/apple-pattern-design-outlet-inc/,,,cut_and_sew,CFDA Production Directory,CFDA,https://cfda.com/resources/supply-chain-manufacturing/production-directory/,Contact for quote
arena Embroidery Incorporated,,,https://cfda.com/resources/supply-chain-manufacturing/production-directory/arena-embroidery-incorporated/,https://cfda.com/resources/supply-chain-manufacturing/production-directory/arena-embroidery-incorporated/,https://cfda.com/resources/supply-chain-manufacturing/production-directory/arena-embroidery-incorporated/,,,cut_and_sew,CFDA Production Directory,CFDA,https://cfda.com/resources/supply-chain-manufacturing/production-directory/,Contact for quote
ARGYLE Haus of Apparel,,,https://cfda.com/resources/supply-chain-manufacturing/production-directory/argyle-haus-of-apparel/,https://cfda.com/resources/supply-chain-manufacturing/production-directory/argyle-haus-of-apparel/,https://cfda.com/resources/supply-chain-manufacturing/production-directory/argyle-haus-of-apparel/,,,cut_and_sew,CFDA Production Directory,CFDA,https://cfda.com/resources/supply-chain-manufacturing/production-directory/,Contact for quote
ARI JOGIEL,,,https://cfda.com/resources/supply-chain-manufacturing/production-directory/ari-jogiel/,https://cfda.com/resources/supply-chain-manufacturing/production-directory/ari-jogiel/,https://cfda.com/resources/supply-chain-manufacturing/production-directory/ari-jogiel/,,,cut_and_sew,CFDA Production Directory,CFDA,https://cfda.com/resources/supply-chain-manufacturing/production-directory/,Contact for quote
Artist Gallery,,,https://cfda.com/resources/supply-chain-manufacturing/production-directory/artist-gallery/,https://cfda.com/resources/supply-chain-manufacturing/production-directory/artist-gallery/,https://cfda.com/resources/supply-chain-manufacturing/production-directory/artist-gallery/,,,cut_and_sew,CFDA Production Directory,CFDA,https://cfda.com/resources/supply-chain-manufacturing/production-directory/,Contact for quote
Artsline Studio,,,https://cfda.com/resources/supply-chain-manufacturing/production-directory/artsline-studio/,https://cfda.com/resources/supply-chain-manufacturing/production-directory/artsline-studio/,https://cfda.com/resources/supply-chain-manufacturing/production-directory/artsline-studio/,,,cut_and_sew,CFDA Production Directory,CFDA,https://cfda.com/resources/supply-chain-manufacturing/production-directory/,Contact for quote
Arzee International,,,https://cfda.com/resources/supply-chain-manufacturing/production-directory/arzee-international/,https://cfda.com/resources/supply-chain-manufacturing/production-directory/arzee-international/,https://cfda.com/resources/supply-chain-manufacturing/production-directory/arzee-international/,,,cut_and_sew,CFDA Production Directory,CFDA,https://cfda.com/resources/supply-chain-manufacturing/production-directory/,Contact for quote
Asco Castings Inc.,,,https://cfda.com/resources/supply-chain-manufacturing/production-directory/asco-castings-inc/,https://cfda.com/resources/supply-chain-manufacturing/production-directory/asco-castings-inc/,https://cfda.com/resources/supply-chain-manufacturing/production-directory/asco-castings-inc/,,,cut_and_sew,CFDA Production Directory,CFDA,https://cfda.com/resources/supply-chain-manufacturing/production-directory/,Contact for quote
Astoundknit by Vladimir,,,https://cfda.com/resources/supply-chain-manufacturing/production-directory/astoundknit-by-vladimir/,https://cfda.com/resources/supply-chain-manufacturing/production-directory/astoundknit-by-vladimir/,https://cfda.com/resources/supply-chain-manufacturing/production-directory/astoundknit-by-vladimir/,,,cut_and_sew,CFDA Production Directory,CFDA,https://cfda.com/resources/supply-chain-manufacturing/production-directory/,Contact for quote
At the Venue DBA Glory Apparel Inc.,,,https://cfda.com/resources/supply-chain-manufacturing/production-directory/at-the-venue-dba-glory-apparel-inc/,https://cfda.com/resources/supply-chain-manufacturing/production-directory/at-the-venue-dba-glory-apparel-inc/,https://cfda.com/resources/supply-chain-manufacturing/production-directory/at-the-venue-dba-glory-apparel-inc/,,,cut_and_sew,CFDA Production Directory,CFDA,https://cfda.com/resources/supply-chain-manufacturing/production-directory/,Contact for quote
Atelier Amelia Corp,,,https://cfda.com/resources/supply-chain-manufacturing/production-directory/atelier-amelia-corp/,https://cfda.com/resources/supply-chain-manufacturing/production-directory/atelier-amelia-corp/,https://cfda.com/resources/supply-chain-manufacturing/production-directory/atelier-amelia-corp/,,,cut_and_sew,CFDA Production Directory,CFDA,https://cfda.com/resources/supply-chain-manufacturing/production-directory/,Contact for quote
Atelier YQS,,,https://cfda.com/resources/supply-chain-manufacturing/production-directory/atelier-yqs/,https://cfda.com/resources/supply-chain-manufacturing/production-directory/atelier-yqs/,https://cfda.com/resources/supply-chain-manufacturing/production-directory/atelier-yqs/,,,cut_and_sew,CFDA Production Directory,CFDA,https://cfda.com/resources/supply-chain-manufacturing/production-directory/,Contact for quote
Baikal Inc.,,,https://cfda.com/resources/supply-chain-manufacturing/production-directory/baikal-inc/,https://cfda.com/resources/supply-chain-manufacturing/production-directory/baikal-inc/,https://cfda.com/resources/supply-chain-manufacturing/production-directory/baikal-inc/,,,cut_and_sew,CFDA Production Directory,CFDA,https://cfda.com/resources/supply-chain-manufacturing/production-directory/,Contact for quote
Balance Pattern,,,https://cfda.com/resources/supply-chain-manufacturing/production-directory/balance-pattern/,https://cfda.com/resources/supply-chain-manufacturing/production-directory/balance-pattern/,https://cfda.com/resources/supply-chain-manufacturing/production-directory/balance-pattern/,,,cut_and_sew,CFDA Production Directory,CFDA,https://cfda.com/resources/supply-chain-manufacturing/production-directory/,Contact for quote
Bansuk Studios,,,https://cfda.com/resources/supply-chain-manufacturing/production-directory/bansuk-studios/,https://cfda.com/resources/supply-chain-manufacturing/production-directory/bansuk-studios/,https://cfda.com/resources/supply-chain-manufacturing/production-directory/bansuk-studios/,,,cut_and_sew,CFDA Production Directory,CFDA,https://cfda.com/resources/supply-chain-manufacturing/production-directory/,Contact for quote
Bantam,,,https://cfda.com/resources/supply-chain-manufacturing/production-directory/bantam/,https://cfda.com/resources/supply-chain-manufacturing/production-directory/bantam/,https://cfda.com/resources/supply-chain-manufacturing/production-directory/bantam/,,,cut_and_sew,CFDA Production Directory,CFDA,https://cfda.com/resources/supply-chain-manufacturing/production-directory/,Contact for quote
"Barry Martin Fashions, LTD.",,,https://cfda.com/resources/supply-chain-manufacturing/production-directory/barry-martin-fashions-ltd/,https://cfda.com/resources/supply-chain-manufacturing/production-directory/barry-martin-fashions-ltd/,https://cfda.com/resources/supply-chain-manufacturing/production-directory/barry-martin-fashions-ltd/,,,cut_and_sew,CFDA Production Directory,CFDA,https://cfda.com/resources/supply-chain-manufacturing/production-directory/,Contact for quote
Beads of Paradise NYC,,,https://cfda.com/resources/supply-chain-manufacturing/production-directory/beads-of-paradise-nyc/,https://cfda.com/resources/supply-chain-manufacturing/production-directory/beads-of-paradise-nyc/,https://cfda.com/resources/supply-chain-manufacturing/production-directory/beads-of-paradise-nyc/,,,cut_and_sew,CFDA Production Directory,CFDA,https://cfda.com/resources/supply-chain-manufacturing/production-directory/,Contact for quote
Behrle NYC LLC,,,https://cfda.com/resources/supply-chain-manufacturing/production-directory/behrle-nyc-llc/,https://cfda.com/resources/supply-chain-manufacturing/production-directory/behrle-nyc-llc/,https://cfda.com/resources/supply-chain-manufacturing/production-directory/behrle-nyc-llc/,,,cut_and_sew,CFDA Production Directory,CFDA,https://cfda.com/resources/supply-chain-manufacturing/production-directory/,Contact for quote
Bel-Colore LLC,,,https://cfda.com/resources/supply-chain-manufacturing/production-directory/bel-colore-llc/,https://cfda.com/resources/supply-chain-manufacturing/production-directory/bel-colore-llc/,https://cfda.com/resources/supply-chain-manufacturing/production-directory/bel-colore-llc/,,,cut_and_sew,CFDA Production Directory,CFDA,https://cfda.com/resources/supply-chain-manufacturing/production-directory/,Contact for quote
Belcorso Jewelry Manufacturing,,,https://cfda.com/resources/supply-chain-manufacturing/production-directory/belcorso-jewelry-manufacturing/,https://cfda.com/resources/supply-chain-manufacturing/production-directory/belcorso-jewelry-manufacturing/,https://cfda.com/resources/supply-chain-manufacturing/production-directory/belcorso-jewelry-manufacturing/,,,cut_and_sew,CFDA Production Directory,CFDA,https://cfda.com/resources/supply-chain-manufacturing/production-directory/,Contact for quote
Ben-Amun,,,https://cfda.com/resources/supply-chain-manufacturing/production-directory/ben-amun/,https://cfda.com/resources/supply-chain-manufacturing/production-directory/ben-amun/,https://cfda.com/resources/supply-chain-manufacturing/production-directory/ben-amun/,,,cut_and_sew,CFDA Production Directory,CFDA,https://cfda.com/resources/supply-chain-manufacturing/production-directory/,Contact for quote
Best Made Apparel Inc.,,,https://cfda.com/resources/supply-chain-manufacturing/production-directory/best-made-apparel-inc/,https://cfda.com/resources/supply-chain-manufacturing/production-directory/best-made-apparel-inc/,https://cfda.com/resources/supply-chain-manufacturing/production-directory/best-made-apparel-inc/,,,cut_and_sew,CFDA Production Directory,CFDA,https://cfda.com/resources/supply-chain-manufacturing/production-directory/,Contact for quote
Bestec Concept Inc.,,,https://cfda.com/resources/supply-chain-manufacturing/production-directory/bestec-concept-inc/,https://cfda.com/resources/supply-chain-manufacturing/production-directory/bestec-concept-inc/,https://cfda.com/resources/supply-chain-manufacturing/production-directory/bestec-concept-inc/,,,cut_and_sew,CFDA Production Directory,CFDA,https://cfda.com/resources/supply-chain-manufacturing/production-directory/,Contact for quote
BK Studio Inc.,,,https://cfda.com/resources/supply-chain-manufacturing/production-directory/bk-studio-inc/,https://cfda.com/resources/supply-chain-manufacturing/production-directory/bk-studio-inc/,https://cfda.com/resources/supply-chain-manufacturing/production-directory/bk-studio-inc/,,,cut_and_sew,CFDA Production Directory,CFDA,https://cfda.com/resources/supply-chain-manufacturing/production-directory/,Contact for quote
BKNY Printing,,,https://cfda.com/resources/supply-chain-manufacturing/production-directory/bkny-printing/,https://cfda.com/resources/supply-chain-manufacturing/production-directory/bkny-printing/,https://cfda.com/resources/supply-chain-manufacturing/production-directory/bkny-printing/,,,cut_and_sew,CFDA Production Directory,CFDA,https://cfda.com/resources/supply-chain-manufacturing/production-directory/,Contact for quote
Black & White Apparel Services,,,https://cfda.com/resources/supply-chain-manufacturing/production-directory/black-white-apparel-services/,https://cfda.com/resources/supply-chain-manufacturing/production-directory/black-white-apparel-services/,https://cfda.com/resources/supply-chain-manufacturing/production-directory/black-white-apparel-services/,,,cut_and_sew,CFDA Production Directory,CFDA,https://cfda.com/resources/supply-chain-manufacturing/production-directory/,Contact for quote
Blank Canvas,,,https://cfda.com/resources/supply-chain-manufacturing/production-directory/blank-canvas/,https://cfda.com/resources/supply-chain-manufacturing/production-directory/blank-canvas/,https://cfda.com/resources/supply-chain-manufacturing/production-directory/blank-canvas/,,,cut_and_sew,CFDA Production Directory,CFDA,https://cfda.com/resources/supply-chain-manufacturing/production-directory/,Contact for quote
Blonde Pony,,,https://cfda.com/resources/supply-chain-manufacturing/production-directory/blonde-pony/,https://cfda.com/resources/supply-chain-manufacturing/production-directory/blonde-pony/,https://cfda.com/resources/supply-chain-manufacturing/production-directory/blonde-pony/,,,cut_and_sew,CFDA Production Directory,CFDA,https://cfda.com/resources/supply-chain-manufacturing/production-directory/,Contact for quote
Blue Tin Production,,,https://cfda.com/resources/supply-chain-manufacturing/production-directory/blue-tin-production/,https://cfda.com/resources/supply-chain-manufacturing/production-directory/blue-tin-production/,https://cfda.com/resources/supply-chain-manufacturing/production-directory/blue-tin-production/,,,cut_and_sew,CFDA Production Directory,CFDA,https://cfda.com/resources/supply-chain-manufacturing/production-directory/,Contact for quote
Blueprint Denim Washhouse (BPD),,,https://cfda.com/resources/supply-chain-manufacturing/production-directory/blueprint-denim-washhouse-bpd/,https://cfda.com/resources/supply-chain-manufacturing/production-directory/blueprint-denim-washhouse-bpd/,https://cfda.com/resources/supply-chain-manufacturing/production-directory/blueprint-denim-washhouse-bpd/,,,cut_and_sew,CFDA Production Directory,CFDA,https://cfda.com/resources/supply-chain-manufacturing/production-directory/,Contact for quote
Blueprint Pattern & Sample LLC,,,https://cfda.com/resources/supply-chain-manufacturing/production-directory/blueprint-pattern-sample-llc/,https://cfda.com/resources/supply-chain-manufacturing/production-directory/blueprint-pattern-sample-llc/,https://cfda.com/resources/supply-chain-manufacturing/production-directory/blueprint-pattern-sample-llc/,,,cut_and_sew,CFDA Production Directory,CFDA,https://cfda.com/resources/supply-chain-manufacturing/production-directory/,Contact for quote
Bobbi Trim Ltd.,,,https://cfda.com/resources/supply-chain-manufacturing/production-directory/bobbi-trim-ltd/,https://cfda.com/resources/supply-chain-manufacturing/production-directory/bobbi-trim-ltd/,https://cfda.com/resources/supply-chain-manufacturing/production-directory/bobbi-trim-ltd/,,,cut_and_sew,CFDA Production Directory,CFDA,https://cfda.com/resources/supply-chain-manufacturing/production-directory/,Contact for quote
BOMME STUDIO,,,https://cfda.com/resources/supply-chain-manufacturing/production-directory/bomme-studio/,https://cfda.com/resources/supply-chain-manufacturing/production-directory/bomme-studio/,https://cfda.com/resources/supply-chain-manufacturing/production-directory/bomme-studio/,,,cut_and_sew,CFDA Production Directory,CFDA,https://cfda.com/resources/supply-chain-manufacturing/production-directory/,Contact for quote
Boss Studio (DTX Production),,,https://cfda.com/resources/supply-chain-manufacturing/production-directory/boss-studio-dtx-production/,https://cfda.com/resources/supply-chain-manufacturing/production-directory/boss-studio-dtx-production/,https://cfda.com/resources/supply-chain-manufacturing/production-directory/boss-studio-dtx-production/,,,cut_and_sew,CFDA Production Directory,CFDA,https://cfda.com/resources/supply-chain-manufacturing/production-directory/,Contact for quote
Botanica NY,,,https://cfda.com/resources/supply-chain-manufacturing/production-directory/botanica-ny/,https://cfda.com/resources/supply-chain-manufacturing/production-directory/botanica-ny/,https://cfda.com/resources/supply-chain-manufacturing/production-directory/botanica-ny/,,,cut_and_sew,CFDA Production Directory,CFDA,https://cfda.com/resources/supply-chain-manufacturing/production-directory/,Contact for quote
Brooklyn Garment Factory,,,https://cfda.com/resources/supply-chain-manufacturing/production-directory/brooklyn-garment-factory/,https://cfda.com/resources/supply-chain-manufacturing/production-directory/brooklyn-garment-factory/,https://cfda.com/resources/supply-chain-manufacturing/production-directory/brooklyn-garment-factory/,,,cut_and_sew,CFDA Production Directory,CFDA,https://cfda.com/resources/supply-chain-manufacturing/production-directory/,Contact for quote
Bushwick Manufacturing,,,https://cfda.com/resources/supply-chain-manufacturing/production-directory/bushwick-manufacturing/,https://cfda.com/resources/supply-chain-manufacturing/production-directory/bushwick-manufacturing/,https://cfda.com/resources/supply-chain-manufacturing/production-directory/bushwick-manufacturing/,,,cut_and_sew,CFDA Production Directory,CFDA,https://cfda.com/resources/supply-chain-manufacturing/production-directory/,Contact for quote
BUTTON DOWN FACTORY,,,https://cfda.com/resources/supply-chain-manufacturing/production-directory/button-down-factory/,https://cfda.com/resources/supply-chain-manufacturing/production-directory/button-down-factory/,https://cfda.com/resources/supply-chain-manufacturing/production-directory/button-down-factory/,,,cut_and_sew,CFDA Production Directory,CFDA,https://cfda.com/resources/supply-chain-manufacturing/production-directory/,Contact for quote
C & M Hatters,,,https://cfda.com/resources/supply-chain-manufacturing/production-directory/c-m-hatters/,https://cfda.com/resources/supply-chain-manufacturing/production-directory/c-m-hatters/,https://cfda.com/resources/supply-chain-manufacturing/production-directory/c-m-hatters/,,,cut_and_sew,CFDA Production Directory,CFDA,https://cfda.com/resources/supply-chain-manufacturing/production-directory/,Contact for quote
C AND J SPORTSWEAR,,,https://cfda.com/resources/supply-chain-manufacturing/production-directory/c-and-j-sportswear/,https://cfda.com/resources/supply-chain-manufacturing/production-directory/c-and-j-sportswear/,https://cfda.com/resources/supply-chain-manufacturing/production-directory/c-and-j-sportswear/,,,cut_and_sew,CFDA Production Directory,CFDA,https://cfda.com/resources/supply-chain-manufacturing/production-directory/,Contact for quote
California Lacing,,,https://cfda.com/resources/supply-chain-manufacturing/production-directory/california-lacing/,https://cfda.com/resources/supply-chain-manufacturing/production-directory/california-lacing/,https://cfda.com/resources/supply-chain-manufacturing/production-directory/california-lacing/,,,cut_and_sew,CFDA Production Directory,CFDA,https://cfda.com/resources/supply-chain-manufacturing/production-directory/,Contact for quote
Calyx Studios,,,https://cfda.com/resources/supply-chain-manufacturing/production-directory/calyx-studios/,https://cfda.com/resources/supply-chain-manufacturing/production-directory/calyx-studios/,https://cfda.com/resources/supply-chain-manufacturing/production-directory/calyx-studios/,,,cut_and_sew,CFDA Production Directory,CFDA,https://cfda.com/resources/supply-chain-manufacturing/production-directory/,Contact for quote
Carelle Private Label,,,https://cfda.com/resources/supply-chain-manufacturing/production-directory/carelle-private-label/,https://cfda.com/resources/supply-chain-manufacturing/production-directory/carelle-private-label/,https://cfda.com/resources/supply-chain-manufacturing/production-directory/carelle-private-label/,,,cut_and_sew,CFDA Production Directory,CFDA,https://cfda.com/resources/supply-chain-manufacturing/production-directory/,Contact for quote
Carmesi,,,https://cfda.com/resources/supply-chain-manufacturing/production-directory/carmesi/,https://cfda.com/resources/supply-chain-manufacturing/production-directory/carmesi/,https://cfda.com/resources/supply-chain-manufacturing/production-directory/carmesi/,,,cut_and_sew,CFDA Production Directory,CFDA,https://cfda.com/resources/supply-chain-manufacturing/production-directory/,Contact for quote
Caroda Inc.,,,https://cfda.com/resources/supply-chain-manufacturing/production-directory/caroda-inc/,https://cfda.com/resources/supply-chain-manufacturing/production-directory/caroda-inc/,https://cfda.com/resources/supply-chain-manufacturing/production-directory/caroda-inc/,,,cut_and_sew,CFDA Production Directory,CFDA,https://cfda.com/resources/supply-chain-manufacturing/production-directory/,Contact for quote
Caroline Designs Inc.,,,https://cfda.com/resources/supply-chain-manufacturing/production-directory/caroline-designs-inc/,https://cfda.com/resources/supply-chain-manufacturing/production-directory/caroline-designs-inc/,https://cfda.com/resources/supply-chain-manufacturing/production-directory/caroline-designs-inc/,,,cut_and_sew,CFDA Production Directory,CFDA,https://cfda.com/resources/supply-chain-manufacturing/production-directory/,Contact for quote
CC Elegance Studio,,,https://cfda.com/resources/supply-chain-manufacturing/production-directory/cc-elegance-studio/,https://cfda.com/resources/supply-chain-manufacturing/production-directory/cc-elegance-studio/,https://cfda.com/resources/supply-chain-manufacturing/production-directory/cc-elegance-studio/,,,cut_and_sew,CFDA Production Directory,CFDA,https://cfda.com/resources/supply-chain-manufacturing/production-directory/,Contact for quote
Cha Cha’s House,,,https://cfda.com/resources/supply-chain-manufacturing/production-directory/cha-chas-house/,https://cfda.com/resources/supply-chain-manufacturing/production-directory/cha-chas-house/,https://cfda.com/resources/supply-chain-manufacturing/production-directory/cha-chas-house/,,,cut_and_sew,CFDA Production Directory,CFDA,https://cfda.com/resources/supply-chain-manufacturing/production-directory/,Contact for quote
"Charming Fashion of Kim, Inc",,,https://cfda.com/resources/supply-chain-manufacturing/production-directory/charming-fashion-of-kim-inc/,https://cfda.com/resources/supply-chain-manufacturing/production-directory/charming-fashion-of-kim-inc/,https://cfda.com/resources/supply-chain-manufacturing/production-directory/charming-fashion-of-kim-inc/,,,cut_and_sew,CFDA Production Directory,CFDA,https://cfda.com/resources/supply-chain-manufacturing/production-directory/,Contact for quote
Chen Production,,,https://cfda.com/resources/supply-chain-manufacturing/production-directory/chen-production/,https://cfda.com/resources/supply-chain-manufacturing/production-directory/chen-production/,https://cfda.com/resources/supply-chain-manufacturing/production-directory/chen-production/,,,cut_and_sew,CFDA Production Directory,CFDA,https://cfda.com/resources/supply-chain-manufacturing/production-directory/,Contact for quote
Cindy & Kevin’s Studio Inc.,,,https://cfda.com/resources/supply-chain-manufacturing/production-directory/cindy-kevins-studio-inc/,https://cfda.com/resources/supply-chain-manufacturing/production-directory/cindy-kevins-studio-inc/,https://cfda.com/resources/supply-chain-manufacturing/production-directory/cindy-kevins-studio-inc/,,,cut_and_sew,CFDA Production Directory,CFDA,https://cfda.com/resources/supply-chain-manufacturing/production-directory/,Contact for quote
City Casting Corp,,,https://cfda.com/resources/supply-chain-manufacturing/production-directory/city-casting-corp/,https://cfda.com/resources/supply-chain-manufacturing/production-directory/city-casting-corp/,https://cfda.com/resources/supply-chain-manufacturing/production-directory/city-casting-corp/,,,cut_and_sew,CFDA Production Directory,CFDA,https://cfda.com/resources/supply-chain-manufacturing/production-directory/,Contact for quote
CLOTH PORTICO  /  SMALL BATCH PRODUCTION,,,https://cfda.com/resources/supply-chain-manufacturing/production-directory/cloth-portico-small-batch-production/,https://cfda.com/resources/supply-chain-manufacturing/production-directory/cloth-portico-small-batch-production/,https://cfda.com/resources/supply-chain-manufacturing/production-directory/cloth-portico-small-batch-production/,,,cut_and_sew,CFDA Production Directory,CFDA,https://cfda.com/resources/supply-chain-manufacturing/production-directory/,Contact for quote
Clutch Made,,,https://cfda.com/resources/supply-chain-manufacturing/production-directory/clutch-made/,https://cfda.com/resources/supply-chain-manufacturing/production-directory/clutch-made/,https://cfda.com/resources/supply-chain-manufacturing/production-directory/clutch-made/,,,cut_and_sew,CFDA Production Directory,CFDA,https://cfda.com/resources/supply-chain-manufacturing/production-directory/,Contact for quote
CMCP LTD DBA EARWINGS,,,https://cfda.com/resources/supply-chain-manufacturing/production-directory/cmcp-ltd-dba-earwings/,https://cfda.com/resources/supply-chain-manufacturing/production-directory/cmcp-ltd-dba-earwings/,https://cfda.com/resources/supply-chain-manufacturing/production-directory/cmcp-ltd-dba-earwings/,,,cut_and_sew,CFDA Production Directory,CFDA,https://cfda.com/resources/supply-chain-manufacturing/production-directory/,Contact for quote
Complete Image Manufacturing,,,https://cfda.com/resources/supply-chain-manufacturing/production-directory/complete-image-manufacturing/,https://cfda.com/resources/supply-chain-manufacturing/production-directory/complete-image-manufacturing/,https://cfda.com/resources/supply-chain-manufacturing/production-directory/complete-image-manufacturing/,,,cut_and_sew,CFDA Production Directory,CFDA,https://cfda.com/resources/supply-chain-manufacturing/production-directory/,Contact for quote
COTTON CLOOB INC DBA US DYE & DENIM,,,https://cfda.com/resources/supply-chain-manufacturing/production-directory/cotton-cloob-inc-dba-us-dye-denim/,https://cfda.com/resources/supply-chain-manufacturing/production-directory/cotton-cloob-inc-dba-us-dye-denim/,https://cfda.com/resources/supply-chain-manufacturing/production-directory/cotton-cloob-inc-dba-us-dye-denim/,,,cut_and_sew,CFDA Production Directory,CFDA,https://cfda.com/resources/supply-chain-manufacturing/production-directory/,Contact for quote
Courses & Wales,,,https://cfda.com/resources/supply-chain-manufacturing/production-directory/courses-wales/,https://cfda.com/resources/supply-chain-manufacturing/production-directory/courses-wales/,https://cfda.com/resources/supply-chain-manufacturing/production-directory/courses-wales/,,,cut_and_sew,CFDA Production Directory,CFDA,https://cfda.com/resources/supply-chain-manufacturing/production-directory/,Contact for quote
Create-A-Marker Inc.,,,https://cfda.com/resources/supply-chain-manufacturing/production-directory/create-a-marker-inc/,https://cfda.com/resources/supply-chain-manufacturing/production-directory/create-a-marker-inc/,https://cfda.com/resources/supply-chain-manufacturing/production-directory/create-a-marker-inc/,,,cut_and_sew,CFDA Production Directory,CFDA,https://cfda.com/resources/supply-chain-manufacturing/production-directory/,Contact for quote
Creatory Studio,,,https://cfda.com/resources/supply-chain-manufacturing/production-directory/creatory-studio/,https://cfda.com/resources/supply-chain-manufacturing/production-directory/creatory-studio/,https://cfda.com/resources/supply-chain-manufacturing/production-directory/creatory-studio/,,,cut_and_sew,CFDA Production Directory,CFDA,https://cfda.com/resources/supply-chain-manufacturing/production-directory/,Contact for quote
CSH Inc.,,,https://cfda.com/resources/supply-chain-manufacturing/production-directory/csh-inc/,https://cfda.com/resources/supply-chain-manufacturing/production-directory/csh-inc/,https://cfda.com/resources/supply-chain-manufacturing/production-directory/csh-inc/,,,cut_and_sew,CFDA Production Directory,CFDA,https://cfda.com/resources/supply-chain-manufacturing/production-directory/,Contact for quote
Custom Sewing,,,https://cfda.com/resources/supply-chain-manufacturing/production-directory/custom-sewing/,https://cfda.com/resources/supply-chain-manufacturing/production-directory/custom-sewing/,https://cfda.com/resources/supply-chain-manufacturing/production-directory/custom-sewing/,,,cut_and_sew,CFDA Production Directory,CFDA,https://cfda.com/resources/supply-chain-manufacturing/production-directory/,Contact for quote
Dani Zambra Creations,,,https://cfda.com/resources/supply-chain-manufacturing/production-directory/dani-zambra-creations/,https://cfda.com/resources/supply-chain-manufacturing/production-directory/dani-zambra-creations/,https://cfda.com/resources/supply-chain-manufacturing/production-directory/dani-zambra-creations/,,,cut_and_sew,CFDA Production Directory,CFDA,https://cfda.com/resources/supply-chain-manufacturing/production-directory/,Contact for quote
"David Wolfson & Associates, Inc.",,,https://cfda.com/resources/supply-chain-manufacturing/production-directory/david-wolfson-associates-inc/,https://cfda.com/resources/supply-chain-manufacturing/production-directory/david-wolfson-associates-inc/,https://cfda.com/resources/supply-chain-manufacturing/production-directory/david-wolfson-associates-inc/,,,cut_and_sew,CFDA Production Directory,CFDA,https://cfda.com/resources/supply-chain-manufacturing/production-directory/,Contact for quote
Daylight Factory,,,https://cfda.com/resources/supply-chain-manufacturing/production-directory/daylight-factory/,https://cfda.com/resources/supply-chain-manufacturing/production-directory/daylight-factory/,https://cfda.com/resources/supply-chain-manufacturing/production-directory/daylight-factory/,,,cut_and_sew,CFDA Production Directory,CFDA,https://cfda.com/resources/supply-chain-manufacturing/production-directory/,Contact for quote
Design Incubator Inc.,,,https://cfda.com/resources/supply-chain-manufacturing/production-directory/design-incubator-inc/,https://cfda.com/resources/supply-chain-manufacturing/production-directory/design-incubator-inc/,https://cfda.com/resources/supply-chain-manufacturing/production-directory/design-incubator-inc/,,,cut_and_sew,CFDA Production Directory,CFDA,https://cfda.com/resources/supply-chain-manufacturing/production-directory/,Contact for quote
Design Knit Inc,,,https://cfda.com/resources/supply-chain-manufacturing/production-directory/design-knit-inc/,https://cfda.com/resources/supply-chain-manufacturing/production-directory/design-knit-inc/,https://cfda.com/resources/supply-chain-manufacturing/production-directory/design-knit-inc/,,,cut_and_sew,CFDA Production Directory,CFDA,https://cfda.com/resources/supply-chain-manufacturing/production-directory/,Contact for quote
Design Source Studio,,,https://cfda.com/resources/supply-chain-manufacturing/production-directory/design-source-studio/,https://cfda.com/resources/supply-chain-manufacturing/production-directory/design-source-studio/,https://cfda.com/resources/supply-chain-manufacturing/production-directory/design-source-studio/,,,cut_and_sew,CFDA Production Directory,CFDA,https://cfda.com/resources/supply-chain-manufacturing/production-directory/,Contact for quote
Design To Fashion LLC,,,https://cfda.com/resources/supply-chain-manufacturing/production-directory/design-to-fashion-llc/,https://cfda.com/resources/supply-chain-manufacturing/production-directory/design-to-fashion-llc/,https://cfda.com/resources/supply-chain-manufacturing/production-directory/design-to-fashion-llc/,,,cut_and_sew,CFDA Production Directory,CFDA,https://cfda.com/resources/supply-chain-manufacturing/production-directory/,Contact for quote
Deviate Fashion,,,https://cfda.com/resources/supply-chain-manufacturing/production-directory/deviate-fashion/,https://cfda.com/resources/supply-chain-manufacturing/production-directory/deviate-fashion/,https://cfda.com/resources/supply-chain-manufacturing/production-directory/deviate-fashion/,,,cut_and_sew,CFDA Production Directory,CFDA,https://cfda.com/resources/supply-chain-manufacturing/production-directory/,Contact for quote
DISCOVER CASTING INC.,,,https://cfda.com/resources/supply-chain-manufacturing/production-directory/discover-casting-inc/,https://cfda.com/resources/supply-chain-manufacturing/production-directory/discover-casting-inc/,https://cfda.com/resources/supply-chain-manufacturing/production-directory/discover-casting-inc/,,,cut_and_sew,CFDA Production Directory,CFDA,https://cfda.com/resources/supply-chain-manufacturing/production-directory/,Contact for quote
District Leathers,,,https://cfda.com/resources/supply-chain-manufacturing/production-directory/district-leathers/,https://cfda.com/resources/supply-chain-manufacturing/production-directory/district-leathers/,https://cfda.com/resources/supply-chain-manufacturing/production-directory/district-leathers/,,,cut_and_sew,CFDA Production Directory,CFDA,https://cfda.com/resources/supply-chain-manufacturing/production-directory/,Contact for quote
DIXON RAND,,,https://cfda.com/resources/supply-chain-manufacturing/production-directory/dixon-rand/,https://cfda.com/resources/supply-chain-manufacturing/production-directory/dixon-rand/,https://cfda.com/resources/supply-chain-manufacturing/production-directory/dixon-rand/,,,cut_and_sew,CFDA Production Directory,CFDA,https://cfda.com/resources/supply-chain-manufacturing/production-directory/,Contact for quote
Domestic Mills LLC,,,https://cfda.com/resources/supply-chain-manufacturing/production-directory/domestic-mills-llc/,https://cfda.com/resources/supply-chain-manufacturing/production-directory/domestic-mills-llc/,https://cfda.com/resources/supply-chain-manufacturing/production-directory/domestic-mills-llc/,,,cut_and_sew,CFDA Production Directory,CFDA,https://cfda.com/resources/supply-chain-manufacturing/production-directory/,Contact for quote
Dream 2 Print,,,https://cfda.com/resources/supply-chain-manufacturing/production-directory/dream-2-print/,https://cfda.com/resources/supply-chain-manufacturing/production-directory/dream-2-print/,https://cfda.com/resources/supply-chain-manufacturing/production-directory/dream-2-print/,,,cut_and_sew,CFDA Production Directory,CFDA,https://cfda.com/resources/supply-chain-manufacturing/production-directory/,Contact for quote
Dream Fashion,,,https://cfda.com/resources/supply-chain-manufacturing/production-directory/dream-fashion/,https://cfda.com/resources/supply-chain-manufacturing/production-directory/dream-fashion/,https://cfda.com/resources/supply-chain-manufacturing/production-directory/dream-fashion/,,,cut_and_sew,CFDA Production Directory,CFDA,https://cfda.com/resources/supply-chain-manufacturing/production-directory/,Contact for quote
Dressyco Corp.,,,https://cfda.com/resources/supply-chain-manufacturing/production-directory/dressyco-corp/,https://cfda.com/resources/supply-chain-manufacturing/production-directory/dressyco-corp/,https://cfda.com/resources/supply-chain-manufacturing/production-directory/dressyco-corp/,,,cut_and_sew,CFDA Production Directory,CFDA,https://cfda.com/resources/supply-chain-manufacturing/production-directory/,Contact for quote
DSB Group NY,,,https://cfda.com/resources/supply-chain-manufacturing/production-directory/dsb-group-ny/,https://cfda.com/resources/supply-chain-manufacturing/production-directory/dsb-group-ny/,https://cfda.com/resources/supply-chain-manufacturing/production-directory/dsb-group-ny/,,,cut_and_sew,CFDA Production Directory,CFDA,https://cfda.com/resources/supply-chain-manufacturing/production-directory/,Contact for quote
Dubu Fashion,,,https://cfda.com/resources/supply-chain-manufacturing/production-directory/dubu-fashion/,https://cfda.com/resources/supply-chain-manufacturing/production-directory/dubu-fashion/,https://cfda.com/resources/supply-chain-manufacturing/production-directory/dubu-fashion/,,,cut_and_sew,CFDA Production Directory,CFDA,https://cfda.com/resources/supply-chain-manufacturing/production-directory/,Contact for quote
Dye Kween,,,https://cfda.com/resources/supply-chain-manufacturing/production-directory/dye-kween/,https://cfda.com/resources/supply-chain-manufacturing/production-directory/dye-kween/,https://cfda.com/resources/supply-chain-manufacturing/production-directory/dye-kween/,,,cut_and_sew,CFDA Production Directory,CFDA,https://cfda.com/resources/supply-chain-manufacturing/production-directory/,Contact for quote
Dyenamix Inc.,,,https://cfda.com/resources/supply-chain-manufacturing/production-directory/dyenamix-inc/,https://cfda.com/resources/supply-chain-manufacturing/production-directory/dyenamix-inc/,https://cfda.com/resources/supply-chain-manufacturing/production-directory/dyenamix-inc/,,,cut_and_sew,CFDA Production Directory,CFDA,https://cfda.com/resources/supply-chain-manufacturing/production-directory/,Contact for quote
"Dynamic Sourcing, Inc.",,,https://cfda.com/resources/supply-chain-manufacturing/production-directory/dynamic-sourcing-inc/,https://cfda.com/resources/supply-chain-manufacturing/production-directory/dynamic-sourcing-inc/,https://cfda.com/resources/supply-chain-manufacturing/production-directory/dynamic-sourcing-inc/,,,cut_and_sew,CFDA Production Directory,CFDA,https://cfda.com/resources/supply-chain-manufacturing/production-directory/,Contact for quote
DZIGN ROOM,,,https://cfda.com/resources/supply-chain-manufacturing/production-directory/dzign-room/,https://cfda.com/resources/supply-chain-manufacturing/production-directory/dzign-room/,https://cfda.com/resources/supply-chain-manufacturing/production-directory/dzign-room/,,,cut_and_sew,CFDA Production Directory,CFDA,https://cfda.com/resources/supply-chain-manufacturing/production-directory/,Contact for quote
"E & C Fashion Design, Inc",,,https://cfda.com/resources/supply-chain-manufacturing/production-directory/e-c-fashion-design-inc/,https://cfda.com/resources/supply-chain-manufacturing/production-directory/e-c-fashion-design-inc/,https://cfda.com/resources/supply-chain-manufacturing/production-directory/e-c-fashion-design-inc/,,,cut_and_sew,CFDA Production Directory,CFDA,https://cfda.com/resources/supply-chain-manufacturing/production-directory/,Contact for quote
E&J Handbags,,,https://cfda.com/resources/supply-chain-manufacturing/production-directory/ej-handbags/,https://cfda.com/resources/supply-chain-manufacturing/production-directory/ej-handbags/,https://cfda.com/resources/supply-chain-manufacturing/production-directory/ej-handbags/,,,cut_and_sew,CFDA Production Directory,CFDA,https://cfda.com/resources/supply-chain-manufacturing/production-directory/,Contact for quote
Elevated Draping & Pattern,,,https://cfda.com/resources/supply-chain-manufacturing/production-directory/elevated-draping-pattern/,https://cfda.com/resources/supply-chain-manufacturing/production-directory/elevated-draping-pattern/,https://cfda.com/resources/supply-chain-manufacturing/production-directory/elevated-draping-pattern/,,,cut_and_sew,CFDA Production Directory,CFDA,https://cfda.com/resources/supply-chain-manufacturing/production-directory/,Contact for quote
ELI FASHION INC,,,https://cfda.com/resources/supply-chain-manufacturing/production-directory/eli-fashion-inc/,https://cfda.com/resources/supply-chain-manufacturing/production-directory/eli-fashion-inc/,https://cfda.com/resources/supply-chain-manufacturing/production-directory/eli-fashion-inc/,,,cut_and_sew,CFDA Production Directory,CFDA,https://cfda.com/resources/supply-chain-manufacturing/production-directory/,Contact for quote
ELITE KNITTING STUDIO,,,https://cfda.com/resources/supply-chain-manufacturing/production-directory/elite-knitting-studio/,https://cfda.com/resources/supply-chain-manufacturing/production-directory/elite-knitting-studio/,https://cfda.com/resources/supply-chain-manufacturing/production-directory/elite-knitting-studio/,,,cut_and_sew,CFDA Production Directory,CFDA,https://cfda.com/resources/supply-chain-manufacturing/production-directory/,Contact for quote
Elvee Rosenberg Inc.,,,https://cfda.com/resources/supply-chain-manufacturing/production-directory/elvee-rosenberg-inc/,https://cfda.com/resources/supply-chain-manufacturing/production-directory/elvee-rosenberg-inc/,https://cfda.com/resources/supply-chain-manufacturing/production-directory/elvee-rosenberg-inc/,,,cut_and_sew,CFDA Production Directory,CFDA,https://cfda.com/resources/supply-chain-manufacturing/production-directory/,Contact for quote
Emana,,,https://cfda.com/resources/supply-chain-manufacturing/production-directory/emana/,https://cfda.com/resources/supply-chain-manufacturing/production-directory/emana/,https://cfda.com/resources/supply-chain-manufacturing/production-directory/emana/,,,cut_and_sew,CFDA Production Directory,CFDA,https://cfda.com/resources/supply-chain-manufacturing/production-directory/,Contact for quote
Emmelle Design,,,https://cfda.com/resources/supply-chain-manufacturing/production-directory/emmelle-design/,https://cfda.com/resources/supply-chain-manufacturing/production-directory/emmelle-design/,https://cfda.com/resources/supply-chain-manufacturing/production-directory/emmelle-design/,,,cut_and_sew,CFDA Production Directory,CFDA,https://cfda.com/resources/supply-chain-manufacturing/production-directory/,Contact for quote
"Epic Image, Inc",,,https://cfda.com/resources/supply-chain-manufacturing/production-directory/epic-image-inc/,https://cfda.com/resources/supply-chain-manufacturing/production-directory/epic-image-inc/,https://cfda.com/resources/supply-chain-manufacturing/production-directory/epic-image-inc/,,,cut_and_sew,CFDA Production Directory,CFDA,https://cfda.com/resources/supply-chain-manufacturing/production-directory/,Contact for quote
ESTILO,,,https://cfda.com/resources/supply-chain-manufacturing/production-directory/estilo/,https://cfda.com/resources/supply-chain-manufacturing/production-directory/estilo/,https://cfda.com/resources/supply-chain-manufacturing/production-directory/estilo/,,,cut_and_sew,CFDA Production Directory,CFDA,https://cfda.com/resources/supply-chain-manufacturing/production-directory/,Contact for quote
"Euro Co Costumes, Inc.",,,https://cfda.com/resources/supply-chain-manufacturing/production-directory/euro-co-costumes-inc/,https://cfda.com/resources/supply-chain-manufacturing/production-directory/euro-co-costumes-inc/,https://cfda.com/resources/supply-chain-manufacturing/production-directory/euro-co-costumes-inc/,,,cut_and_sew,CFDA Production Directory,CFDA,https://cfda.com/resources/supply-chain-manufacturing/production-directory/,Contact for quote
EvelRobert LLC,,,https://cfda.com/resources/supply-chain-manufacturing/production-directory/evelrobert-llc/,https://cfda.com/resources/supply-chain-manufacturing/production-directory/evelrobert-llc/,https://cfda.com/resources/supply-chain-manufacturing/production-directory/evelrobert-llc/,,,cut_and_sew,CFDA Production Directory,CFDA,https://cfda.com/resources/supply-chain-manufacturing/production-directory/,Contact for quote
Expert Apparel Manufacturing,,,https://cfda.com/resources/supply-chain-manufacturing/production-directory/expert-apparel-manufacturing/,https://cfda.com/resources/supply-chain-manufacturing/production-directory/expert-apparel-manufacturing/,https://cfda.com/resources/supply-chain-manufacturing/production-directory/expert-apparel-manufacturing/,,,cut_and_sew,CFDA Production Directory,CFDA,https://cfda.com/resources/supply-chain-manufacturing/production-directory/,Contact for quote
"Express Garment Finishing, Inc.",,,https://cfda.com/resources/supply-chain-manufacturing/production-directory/express-garment-finishing-inc/,https://cfda.com/resources/supply-chain-manufacturing/production-directory/express-garment-finishing-inc/,https://cfda.com/resources/supply-chain-manufacturing/production-directory/express-garment-finishing-inc/,,,cut_and_sew,CFDA Production Directory,CFDA,https://cfda.com/resources/supply-chain-manufacturing/production-directory/,Contact for quote
f&f knitting mills,,,https://cfda.com/resources/supply-chain-manufacturing/production-directory/ff-knitting-mills/,https://cfda.com/resources/supply-chain-manufacturing/production-directory/ff-knitting-mills/,https://cfda.com/resources/supply-chain-manufacturing/production-directory/ff-knitting-mills/,,,cut_and_sew,CFDA Production Directory,CFDA,https://cfda.com/resources/supply-chain-manufacturing/production-directory/,Contact for quote
"F&G Cutting, Inc.",,,https://cfda.com/resources/supply-chain-manufacturing/production-directory/fg-cutting-inc/,https://cfda.com/resources/supply-chain-manufacturing/production-directory/fg-cutting-inc/,https://cfda.com/resources/supply-chain-manufacturing/production-directory/fg-cutting-inc/,,,cut_and_sew,CFDA Production Directory,CFDA,https://cfda.com/resources/supply-chain-manufacturing/production-directory/,Contact for quote
Fabric Planet,,,https://cfda.com/resources/supply-chain-manufacturing/production-directory/fabric-planet/,https://cfda.com/resources/supply-chain-manufacturing/production-directory/fabric-planet/,https://cfda.com/resources/supply-chain-manufacturing/production-directory/fabric-planet/,,,cut_and_sew,CFDA Production Directory,CFDA,https://cfda.com/resources/supply-chain-manufacturing/production-directory/,Contact for quote
Factory8,,,https://cfda.com/resources/supply-chain-manufacturing/production-directory/factory8/,https://cfda.com/resources/supply-chain-manufacturing/production-directory/factory8/,https://cfda.com/resources/supply-chain-manufacturing/production-directory/factory8/,,,cut_and_sew,CFDA Production Directory,CFDA,https://cfda.com/resources/supply-chain-manufacturing/production-directory/,Contact for quote
Faraj Inc.,,,https://cfda.com/resources/supply-chain-manufacturing/production-directory/faraj-inc/,https://cfda.com/resources/supply-chain-manufacturing/production-directory/faraj-inc/,https://cfda.com/resources/supply-chain-manufacturing/production-directory/faraj-inc/,,,cut_and_sew,CFDA Production Directory,CFDA,https://cfda.com/resources/supply-chain-manufacturing/production-directory/,Contact for quote
Fashion That Works Production LLC,,,https://cfda.com/resources/supply-chain-manufacturing/production-directory/fashion-that-works-production-llc/,https://cfda.com/resources/supply-chain-manufacturing/production-directory/fashion-that-works-production-llc/,https://cfda.com/resources/supply-chain-manufacturing/production-directory/fashion-that-works-production-llc/,,,cut_and_sew,CFDA Production Directory,CFDA,https://cfda.com/resources/supply-chain-manufacturing/production-directory/,Contact for quote
Faye Sample,,,https://cfda.com/resources/supply-chain-manufacturing/production-directory/faye-sample/,https://cfda.com/resources/supply-chain-manufacturing/production-directory/faye-sample/,https://cfda.com/resources/supply-chain-manufacturing/production-directory/faye-sample/,,,cut_and_sew,CFDA Production Directory,CFDA,https://cfda.com/resources/supply-chain-manufacturing/production-directory/,Contact for quote
Ferrara Manufacturing,,,https://cfda.com/resources/supply-chain-manufacturing/production-directory/ferrara-manufacturing/,https://cfda.com/resources/supply-chain-manufacturing/production-directory/ferrara-manufacturing/,https://cfda.com/resources/supply-chain-manufacturing/production-directory/ferrara-manufacturing/,,,cut_and_sew,CFDA Production Directory,CFDA,https://cfda.com/resources/supply-chain-manufacturing/production-directory/,Contact for quote
"FINAL FINISH, INC. DYE HOUSE AND DENIM",,,https://cfda.com/resources/supply-chain-manufacturing/production-directory/final-finish-inc-dye-house-and-denim/,https://cfda.com/resources/supply-chain-manufacturing/production-directory/final-finish-inc-dye-house-and-denim/,https://cfda.com/resources/supply-chain-manufacturing/production-directory/final-finish-inc-dye-house-and-denim/,,,cut_and_sew,CFDA Production Directory,CFDA,https://cfda.com/resources/supply-chain-manufacturing/production-directory/,Contact for quote
FINAL ROW,,,https://cfda.com/resources/supply-chain-manufacturing/production-directory/final-row/,https://cfda.com/resources/supply-chain-manufacturing/production-directory/final-row/,https://cfda.com/resources/supply-chain-manufacturing/production-directory/final-row/,,,cut_and_sew,CFDA Production Directory,CFDA,https://cfda.com/resources/supply-chain-manufacturing/production-directory/,Contact for quote
Form Department,,,https://cfda.com/resources/supply-chain-manufacturing/production-directory/form-department/,https://cfda.com/resources/supply-chain-manufacturing/production-directory/form-department/,https://cfda.com/resources/supply-chain-manufacturing/production-directory/form-department/,,,cut_and_sew,CFDA Production Directory,CFDA,https://cfda.com/resources/supply-chain-manufacturing/production-directory/,Contact for quote
"Four Seasons Mfg, Inc.",,,https://cfda.com/resources/supply-chain-manufacturing/production-directory/four-seasons-mfg-inc/,https://cfda.com/resources/supply-chain-manufacturing/production-directory/four-seasons-mfg-inc/,https://cfda.com/resources/supply-chain-manufacturing/production-directory/four-seasons-mfg-inc/,,,cut_and_sew,CFDA Production Directory,CFDA,https://cfda.com/resources/supply-chain-manufacturing/production-directory/,Contact for quote
Fugitive Patterns,,,https://cfda.com/resources/supply-chain-manufacturing/production-directory/fugitive-patterns/,https://cfda.com/resources/supply-chain-manufacturing/production-directory/fugitive-patterns/,https://cfda.com/resources/supply-chain-manufacturing/production-directory/fugitive-patterns/,,,cut_and_sew,CFDA Production Directory,CFDA,https://cfda.com/resources/supply-chain-manufacturing/production-directory/,Contact for quote
Funari Fashion Consulting LLC,,,https://cfda.com/resources/supply-chain-manufacturing/production-directory/funari-fashion-consulting-llc/,https://cfda.com/resources/supply-chain-manufacturing/production-directory/funari-fashion-consulting-llc/,https://cfda.com/resources/supply-chain-manufacturing/production-directory/funari-fashion-consulting-llc/,,,cut_and_sew,CFDA Production Directory,CFDA,https://cfda.com/resources/supply-chain-manufacturing/production-directory/,Contact for quote
Funtastic Furs Inc.,,,https://cfda.com/resources/supply-chain-manufacturing/production-directory/funtastic-furs-inc/,https://cfda.com/resources/supply-chain-manufacturing/production-directory/funtastic-furs-inc/,https://cfda.com/resources/supply-chain-manufacturing/production-directory/funtastic-furs-inc/,,,cut_and_sew,CFDA Production Directory,CFDA,https://cfda.com/resources/supply-chain-manufacturing/production-directory/,Contact for quote
Geri Gerard Atelier,,,https://cfda.com/resources/supply-chain-manufacturing/production-directory/geri-gerard-atelier/,https://cfda.com/resources/supply-chain-manufacturing/production-directory/geri-gerard-atelier/,https://cfda.com/resources/supply-chain-manufacturing/production-directory/geri-gerard-atelier/,,,cut_and_sew,CFDA Production Directory,CFDA,https://cfda.com/resources/supply-chain-manufacturing/production-directory/,Contact for quote
Global Leathers,,,https://cfda.com/resources/supply-chain-manufacturing/production-directory/global-leathers/,https://cfda.com/resources/supply-chain-manufacturing/production-directory/global-leathers/,https://cfda.com/resources/supply-chain-manufacturing/production-directory/global-leathers/,,,cut_and_sew,CFDA Production Directory,CFDA,https://cfda.com/resources/supply-chain-manufacturing/production-directory/,Contact for quote
Good Measure,,,https://cfda.com/resources/supply-chain-manufacturing/production-directory/good-measure/,https://cfda.com/resources/supply-chain-manufacturing/production-directory/good-measure/,https://cfda.com/resources/supply-chain-manufacturing/production-directory/good-measure/,,,cut_and_sew,CFDA Production Directory,CFDA,https://cfda.com/resources/supply-chain-manufacturing/production-directory/,Contact for quote
Grace Apparel Production,,,https://cfda.com/resources/supply-chain-manufacturing/production-directory/grace-apparel-production/,https://cfda.com/resources/supply-chain-manufacturing/production-directory/grace-apparel-production/,https://cfda.com/resources/supply-chain-manufacturing/production-directory/grace-apparel-production/,,,cut_and_sew,CFDA Production Directory,CFDA,https://cfda.com/resources/supply-chain-manufacturing/production-directory/,Contact for quote
Greentex,,,https://cfda.com/resources/supply-chain-manufacturing/production-directory/greentex/,https://cfda.com/resources/supply-chain-manufacturing/production-directory/greentex/,https://cfda.com/resources/supply-chain-manufacturing/production-directory/greentex/,,,cut_and_sew,CFDA Production Directory,CFDA,https://cfda.com/resources/supply-chain-manufacturing/production-directory/,Contact for quote
GRETÉ,,,https://cfda.com/resources/supply-chain-manufacturing/production-directory/greté/,https://cfda.com/resources/supply-chain-manufacturing/production-directory/greté/,https://cfda.com/resources/supply-chain-manufacturing/production-directory/greté/,,,cut_and_sew,CFDA Production Directory,CFDA,https://cfda.com/resources/supply-chain-manufacturing/production-directory/,Contact for quote
Gruppo Mastrotto USA,,,https://cfda.com/resources/supply-chain-manufacturing/production-directory/gruppo-mastrotto-usa/,https://cfda.com/resources/supply-chain-manufacturing/production-directory/gruppo-mastrotto-usa/,https://cfda.com/resources/supply-chain-manufacturing/production-directory/gruppo-mastrotto-usa/,,,cut_and_sew,CFDA Production Directory,CFDA,https://cfda.com/resources/supply-chain-manufacturing/production-directory/,Contact for quote
"GS Fashion, Inc.",,,https://cfda.com/resources/supply-chain-manufacturing/production-directory/gs-fashion-inc/,https://cfda.com/resources/supply-chain-manufacturing/production-directory/gs-fashion-inc/,https://cfda.com/resources/supply-chain-manufacturing/production-directory/gs-fashion-inc/,,,cut_and_sew,CFDA Production Directory,CFDA,https://cfda.com/resources/supply-chain-manufacturing/production-directory/,Contact for quote
"Guide Fabrics, Inc",,,https://cfda.com/resources/supply-chain-manufacturing/production-directory/guide-fabrics-inc/,https://cfda.com/resources/supply-chain-manufacturing/production-directory/guide-fabrics-inc/,https://cfda.com/resources/supply-chain-manufacturing/production-directory/guide-fabrics-inc/,,,cut_and_sew,CFDA Production Directory,CFDA,https://cfda.com/resources/supply-chain-manufacturing/production-directory/,Contact for quote
H D Fashion Inc.,,,https://cfda.com/resources/supply-chain-manufacturing/production-directory/h-d-fashion-inc/,https://cfda.com/resources/supply-chain-manufacturing/production-directory/h-d-fashion-inc/,https://cfda.com/resources/supply-chain-manufacturing/production-directory/h-d-fashion-inc/,,,cut_and_sew,CFDA Production Directory,CFDA,https://cfda.com/resources/supply-chain-manufacturing/production-directory/,Contact for quote
Happy Fashion On 36,,,https://cfda.com/resources/supply-chain-manufacturing/production-directory/happy-fashion-on-36/,https://cfda.com/resources/supply-chain-manufacturing/production-directory/happy-fashion-on-36/,https://cfda.com/resources/supply-chain-manufacturing/production-directory/happy-fashion-on-36/,,,cut_and_sew,CFDA Production Directory,CFDA,https://cfda.com/resources/supply-chain-manufacturing/production-directory/,Contact for quote
Hari Fashions,,,https://cfda.com/resources/supply-chain-manufacturing/production-directory/hari-fashions/,https://cfda.com/resources/supply-chain-manufacturing/production-directory/hari-fashions/,https://cfda.com/resources/supply-chain-manufacturing/production-directory/hari-fashions/,,,cut_and_sew,CFDA Production Directory,CFDA,https://cfda.com/resources/supply-chain-manufacturing/production-directory/,Contact for quote
Hertling,,,https://cfda.com/resources/supply-chain-manufacturing/production-directory/hertling/,https://cfda.com/resources/supply-chain-manufacturing/production-directory/hertling/,https://cfda.com/resources/supply-chain-manufacturing/production-directory/hertling/,,,cut_and_sew,CFDA Production Directory,CFDA,https://cfda.com/resources/supply-chain-manufacturing/production-directory/,Contact for quote
"Hherrea Studio, Inc",,,https://cfda.com/resources/supply-chain-manufacturing/production-directory/hherrea-studio-inc/,https://cfda.com/resources/supply-chain-manufacturing/production-directory/hherrea-studio-inc/,https://cfda.com/resources/supply-chain-manufacturing/production-directory/hherrea-studio-inc/,,,cut_and_sew,CFDA Production Directory,CFDA,https://cfda.com/resources/supply-chain-manufacturing/production-directory/,Contact for quote
"High Productions, Inc.",,,https://cfda.com/resources/supply-chain-manufacturing/production-directory/high-productions-inc/,https://cfda.com/resources/supply-chain-manufacturing/production-directory/high-productions-inc/,https://cfda.com/resources/supply-chain-manufacturing/production-directory/high-productions-inc/,,,cut_and_sew,CFDA Production Directory,CFDA,https://cfda.com/resources/supply-chain-manufacturing/production-directory/,Contact for quote
"HIMATYON FASHION, INC.",,,https://cfda.com/resources/supply-chain-manufacturing/production-directory/himatyon-fashion-inc/,https://cfda.com/resources/supply-chain-manufacturing/production-directory/himatyon-fashion-inc/,https://cfda.com/resources/supply-chain-manufacturing/production-directory/himatyon-fashion-inc/,,,cut_and_sew,CFDA Production Directory,CFDA,https://cfda.com/resources/supply-chain-manufacturing/production-directory/,Contact for quote
HIPS Studio,,,https://cfda.com/resources/supply-chain-manufacturing/production-directory/hips-studio/,https://cfda.com/resources/supply-chain-manufacturing/production-directory/hips-studio/,https://cfda.com/resources/supply-chain-manufacturing/production-directory/hips-studio/,,,cut_and_sew,CFDA Production Directory,CFDA,https://cfda.com/resources/supply-chain-manufacturing/production-directory/,Contact for quote
Hossea Fashion Inc.,,,https://cfda.com/resources/supply-chain-manufacturing/production-directory/hossea-fashion-inc/,https://cfda.com/resources/supply-chain-manufacturing/production-directory/hossea-fashion-inc/,https://cfda.com/resources/supply-chain-manufacturing/production-directory/hossea-fashion-inc/,,,cut_and_sew,CFDA Production Directory,CFDA,https://cfda.com/resources/supply-chain-manufacturing/production-directory/,Contact for quote
HOUSE OF JUNE™,,,https://cfda.com/resources/supply-chain-manufacturing/production-directory/house-of-june/,https://cfda.com/resources/supply-chain-manufacturing/production-directory/house-of-june/,https://cfda.com/resources/supply-chain-manufacturing/production-directory/house-of-june/,,,cut_and_sew,CFDA Production Directory,CFDA,https://cfda.com/resources/supply-chain-manufacturing/production-directory/,Contact for quote
I.Buss &Allan Uniform Company,,,https://cfda.com/resources/supply-chain-manufacturing/production-directory/ibuss-allan-uniform-company/,https://cfda.com/resources/supply-chain-manufacturing/production-directory/ibuss-allan-uniform-company/,https://cfda.com/resources/supply-chain-manufacturing/production-directory/ibuss-allan-uniform-company/,,,cut_and_sew,CFDA Production Directory,CFDA,https://cfda.com/resources/supply-chain-manufacturing/production-directory/,Contact for quote
Illusions Couture,,,https://cfda.com/resources/supply-chain-manufacturing/production-directory/illusions-couture/,https://cfda.com/resources/supply-chain-manufacturing/production-directory/illusions-couture/,https://cfda.com/resources/supply-chain-manufacturing/production-directory/illusions-couture/,,,cut_and_sew,CFDA Production Directory,CFDA,https://cfda.com/resources/supply-chain-manufacturing/production-directory/,Contact for quote
IM Studio,,,https://cfda.com/resources/supply-chain-manufacturing/production-directory/im-studio/,https://cfda.com/resources/supply-chain-manufacturing/production-directory/im-studio/,https://cfda.com/resources/supply-chain-manufacturing/production-directory/im-studio/,,,cut_and_sew,CFDA Production Directory,CFDA,https://cfda.com/resources/supply-chain-manufacturing/production-directory/,Contact for quote
"In Style USA, Inc.",,,https://cfda.com/resources/supply-chain-manufacturing/production-directory/in-style-usa-inc/,https://cfda.com/resources/supply-chain-manufacturing/production-directory/in-style-usa-inc/,https://cfda.com/resources/supply-chain-manufacturing/production-directory/in-style-usa-inc/,,,cut_and_sew,CFDA Production Directory,CFDA,https://cfda.com/resources/supply-chain-manufacturing/production-directory/,Contact for quote
In Vogue Studios,,,https://cfda.com/resources/supply-chain-manufacturing/production-directory/in-vogue-studios/,https://cfda.com/resources/supply-chain-manufacturing/production-directory/in-vogue-studios/,https://cfda.com/resources/supply-chain-manufacturing/production-directory/in-vogue-studios/,,,cut_and_sew,CFDA Production Directory,CFDA,https://cfda.com/resources/supply-chain-manufacturing/production-directory/,Contact for quote
Indie Source,,,https://cfda.com/resources/supply-chain-manufacturing/production-directory/indie-source/,https://cfda.com/resources/supply-chain-manufacturing/production-directory/indie-source/,https://cfda.com/resources/supply-chain-manufacturing/production-directory/indie-source/,,,cut_and_sew,CFDA Production Directory,CFDA,https://cfda.com/resources/supply-chain-manufacturing/production-directory/,Contact for quote
Indulgence-Lab,,,https://cfda.com/resources/supply-chain-manufacturing/production-directory/indulgence-lab/,https://cfda.com/resources/supply-chain-manufacturing/production-directory/indulgence-lab/,https://cfda.com/resources/supply-chain-manufacturing/production-directory/indulgence-lab/,,,cut_and_sew,CFDA Production Directory,CFDA,https://cfda.com/resources/supply-chain-manufacturing/production-directory/,Contact for quote
Industrial Sewing and Innovation Center (ISAIC),,,https://cfda.com/resources/supply-chain-manufacturing/production-directory/industrial-sewing-and-innovation-center-isaic/,https://cfda.com/resources/supply-chain-manufacturing/production-directory/industrial-sewing-and-innovation-center-isaic/,https://cfda.com/resources/supply-chain-manufacturing/production-directory/industrial-sewing-and-innovation-center-isaic/,,,cut_and_sew,CFDA Production Directory,CFDA,https://cfda.com/resources/supply-chain-manufacturing/production-directory/,Contact for quote
Infinite Wave Inc,,,https://cfda.com/resources/supply-chain-manufacturing/production-directory/infinite-wave-inc/,https://cfda.com/resources/supply-chain-manufacturing/production-directory/infinite-wave-inc/,https://cfda.com/resources/supply-chain-manufacturing/production-directory/infinite-wave-inc/,,,cut_and_sew,CFDA Production Directory,CFDA,https://cfda.com/resources/supply-chain-manufacturing/production-directory/,Contact for quote
Inkjet Textile Printing,,,https://cfda.com/resources/supply-chain-manufacturing/production-directory/inkjet-textile-printing/,https://cfda.com/resources/supply-chain-manufacturing/production-directory/inkjet-textile-printing/,https://cfda.com/resources/supply-chain-manufacturing/production-directory/inkjet-textile-printing/,,,cut_and_sew,CFDA Production Directory,CFDA,https://cfda.com/resources/supply-chain-manufacturing/production-directory/,Contact for quote
Instyle,,,https://cfda.com/resources/supply-chain-manufacturing/production-directory/instyle/,https://cfda.com/resources/supply-chain-manufacturing/production-directory/instyle/,https://cfda.com/resources/supply-chain-manufacturing/production-directory/instyle/,,,cut_and_sew,CFDA Production Directory,CFDA,https://cfda.com/resources/supply-chain-manufacturing/production-directory/,Contact for quote
Jag International Trim LLC,,,https://cfda.com/resources/supply-chain-manufacturing/production-directory/jag-international-trim-llc/,https://cfda.com/resources/supply-chain-manufacturing/production-directory/jag-international-trim-llc/,https://cfda.com/resources/supply-chain-manufacturing/production-directory/jag-international-trim-llc/,,,cut_and_sew,CFDA Production Directory,CFDA,https://cfda.com/resources/supply-chain-manufacturing/production-directory/,Contact for quote
JC Mugen Inc.,,,https://cfda.com/resources/supply-chain-manufacturing/production-directory/jc-mugen-inc/,https://cfda.com/resources/supply-chain-manufacturing/production-directory/jc-mugen-inc/,https://cfda.com/resources/supply-chain-manufacturing/production-directory/jc-mugen-inc/,,,cut_and_sew,CFDA Production Directory,CFDA,https://cfda.com/resources/supply-chain-manufacturing/production-directory/,Contact for quote
Jenny Fashion,,,https://cfda.com/resources/supply-chain-manufacturing/production-directory/jenny-fashion/,https://cfda.com/resources/supply-chain-manufacturing/production-directory/jenny-fashion/,https://cfda.com/resources/supply-chain-manufacturing/production-directory/jenny-fashion/,,,cut_and_sew,CFDA Production Directory,CFDA,https://cfda.com/resources/supply-chain-manufacturing/production-directory/,Contact for quote
Jens Fashion,,,https://cfda.com/resources/supply-chain-manufacturing/production-directory/jens-fashion/,https://cfda.com/resources/supply-chain-manufacturing/production-directory/jens-fashion/,https://cfda.com/resources/supply-chain-manufacturing/production-directory/jens-fashion/,,,cut_and_sew,CFDA Production Directory,CFDA,https://cfda.com/resources/supply-chain-manufacturing/production-directory/,Contact for quote
JINHEE STUDIO,,,https://cfda.com/resources/supply-chain-manufacturing/production-directory/jinhee-studio/,https://cfda.com/resources/supply-chain-manufacturing/production-directory/jinhee-studio/,https://cfda.com/resources/supply-chain-manufacturing/production-directory/jinhee-studio/,,,cut_and_sew,CFDA Production Directory,CFDA,https://cfda.com/resources/supply-chain-manufacturing/production-directory/,Contact for quote
JJ Pattern Inc.,,,https://cfda.com/resources/supply-chain-manufacturing/production-directory/jj-pattern-inc/,https://cfda.com/resources/supply-chain-manufacturing/production-directory/jj-pattern-inc/,https://cfda.com/resources/supply-chain-manufacturing/production-directory/jj-pattern-inc/,,,cut_and_sew,CFDA Production Directory,CFDA,https://cfda.com/resources/supply-chain-manufacturing/production-directory/,Contact for quote
"JJNEL Production, Inc.",,,https://cfda.com/resources/supply-chain-manufacturing/production-directory/jjnel-production-inc/,https://cfda.com/resources/supply-chain-manufacturing/production-directory/jjnel-production-inc/,https://cfda.com/resources/supply-chain-manufacturing/production-directory/jjnel-production-inc/,,,cut_and_sew,CFDA Production Directory,CFDA,https://cfda.com/resources/supply-chain-manufacturing/production-directory/,Contact for quote
JM PATTERN INC.,,,https://cfda.com/resources/supply-chain-manufacturing/production-directory/jm-pattern-inc/,https://cfda.com/resources/supply-chain-manufacturing/production-directory/jm-pattern-inc/,https://cfda.com/resources/supply-chain-manufacturing/production-directory/jm-pattern-inc/,,,cut_and_sew,CFDA Production Directory,CFDA,https://cfda.com/resources/supply-chain-manufacturing/production-directory/,Contact for quote
JMT Grading  & Marking,,,https://cfda.com/resources/supply-chain-manufacturing/production-directory/jmt-grading-marking/,https://cfda.com/resources/supply-chain-manufacturing/production-directory/jmt-grading-marking/,https://cfda.com/resources/supply-chain-manufacturing/production-directory/jmt-grading-marking/,,,cut_and_sew,CFDA Production Directory,CFDA,https://cfda.com/resources/supply-chain-manufacturing/production-directory/,Contact for quote
JO FASHION,,,https://cfda.com/resources/supply-chain-manufacturing/production-directory/jo-fashion/,https://cfda.com/resources/supply-chain-manufacturing/production-directory/jo-fashion/,https://cfda.com/resources/supply-chain-manufacturing/production-directory/jo-fashion/,,,cut_and_sew,CFDA Production Directory,CFDA,https://cfda.com/resources/supply-chain-manufacturing/production-directory/,Contact for quote
Joanna Design Source,,,https://cfda.com/resources/supply-chain-manufacturing/production-directory/joanna-design-source/,https://cfda.com/resources/supply-chain-manufacturing/production-directory/joanna-design-source/,https://cfda.com/resources/supply-chain-manufacturing/production-directory/joanna-design-source/,,,cut_and_sew,CFDA Production Directory,CFDA,https://cfda.com/resources/supply-chain-manufacturing/production-directory/,Contact for quote
Johnny Wu Designs,,,https://cfda.com/resources/supply-chain-manufacturing/production-directory/johnny-wu-designs/,https://cfda.com/resources/supply-chain-manufacturing/production-directory/johnny-wu-designs/,https://cfda.com/resources/supply-chain-manufacturing/production-directory/johnny-wu-designs/,,,cut_and_sew,CFDA Production Directory,CFDA,https://cfda.com/resources/supply-chain-manufacturing/production-directory/,Contact for quote
Jomat New York,,,https://cfda.com/resources/supply-chain-manufacturing/production-directory/jomat-new-york/,https://cfda.com/resources/supply-chain-manufacturing/production-directory/jomat-new-york/,https://cfda.com/resources/supply-chain-manufacturing/production-directory/jomat-new-york/,,,cut_and_sew,CFDA Production Directory,CFDA,https://cfda.com/resources/supply-chain-manufacturing/production-directory/,Contact for quote
Joycollection,,,https://cfda.com/resources/supply-chain-manufacturing/production-directory/joycollection/,https://cfda.com/resources/supply-chain-manufacturing/production-directory/joycollection/,https://cfda.com/resources/supply-chain-manufacturing/production-directory/joycollection/,,,cut_and_sew,CFDA Production Directory,CFDA,https://cfda.com/resources/supply-chain-manufacturing/production-directory/,Contact for quote
JPW Services,,,https://cfda.com/resources/supply-chain-manufacturing/production-directory/jpw-services/,https://cfda.com/resources/supply-chain-manufacturing/production-directory/jpw-services/,https://cfda.com/resources/supply-chain-manufacturing/production-directory/jpw-services/,,,cut_and_sew,CFDA Production Directory,CFDA,https://cfda.com/resources/supply-chain-manufacturing/production-directory/,Contact for quote
"JR Jeans, Inc.",,,https://cfda.com/resources/supply-chain-manufacturing/production-directory/jr-jeans-inc/,https://cfda.com/resources/supply-chain-manufacturing/production-directory/jr-jeans-inc/,https://cfda.com/resources/supply-chain-manufacturing/production-directory/jr-jeans-inc/,,,cut_and_sew,CFDA Production Directory,CFDA,https://cfda.com/resources/supply-chain-manufacturing/production-directory/,Contact for quote
JS Apparel,,,https://cfda.com/resources/supply-chain-manufacturing/production-directory/js-apparel/,https://cfda.com/resources/supply-chain-manufacturing/production-directory/js-apparel/,https://cfda.com/resources/supply-chain-manufacturing/production-directory/js-apparel/,,,cut_and_sew,CFDA Production Directory,CFDA,https://cfda.com/resources/supply-chain-manufacturing/production-directory/,Contact for quote
Jump Design Group,,,https://cfda.com/resources/supply-chain-manufacturing/production-directory/jump-design-group/,https://cfda.com/resources/supply-chain-manufacturing/production-directory/jump-design-group/,https://cfda.com/resources/supply-chain-manufacturing/production-directory/jump-design-group/,,,cut_and_sew,CFDA Production Directory,CFDA,https://cfda.com/resources/supply-chain-manufacturing/production-directory/,Contact for quote
Jun’s Pattern,,,https://cfda.com/resources/supply-chain-manufacturing/production-directory/juns-pattern/,https://cfda.com/resources/supply-chain-manufacturing/production-directory/juns-pattern/,https://cfda.com/resources/supply-chain-manufacturing/production-directory/juns-pattern/,,,cut_and_sew,CFDA Production Directory,CFDA,https://cfda.com/resources/supply-chain-manufacturing/production-directory/,Contact for quote
Kala Style,,,https://cfda.com/resources/supply-chain-manufacturing/production-directory/kala-style/,https://cfda.com/resources/supply-chain-manufacturing/production-directory/kala-style/,https://cfda.com/resources/supply-chain-manufacturing/production-directory/kala-style/,,,cut_and_sew,CFDA Production Directory,CFDA,https://cfda.com/resources/supply-chain-manufacturing/production-directory/,Contact for quote
Kaypark patterns,,,https://cfda.com/resources/supply-chain-manufacturing/production-directory/kaypark-patterns/,https://cfda.com/resources/supply-chain-manufacturing/production-directory/kaypark-patterns/,https://cfda.com/resources/supply-chain-manufacturing/production-directory/kaypark-patterns/,,,cut_and_sew,CFDA Production Directory,CFDA,https://cfda.com/resources/supply-chain-manufacturing/production-directory/,Contact for quote
KD dids Inc,,,https://cfda.com/resources/supply-chain-manufacturing/production-directory/kd-dids-inc/,https://cfda.com/resources/supply-chain-manufacturing/production-directory/kd-dids-inc/,https://cfda.com/resources/supply-chain-manufacturing/production-directory/kd-dids-inc/,,,cut_and_sew,CFDA Production Directory,CFDA,https://cfda.com/resources/supply-chain-manufacturing/production-directory/,Contact for quote
Kerrs Cotton / Mountain Dye Studio,,,https://cfda.com/resources/supply-chain-manufacturing/production-directory/kerrs-cotton-mountain-dye-studio/,https://cfda.com/resources/supply-chain-manufacturing/production-directory/kerrs-cotton-mountain-dye-studio/,https://cfda.com/resources/supply-chain-manufacturing/production-directory/kerrs-cotton-mountain-dye-studio/,,,cut_and_sew,CFDA Production Directory,CFDA,https://cfda.com/resources/supply-chain-manufacturing/production-directory/,Contact for quote
Kesselmn Trimmings Inc,,,https://cfda.com/resources/supply-chain-manufacturing/production-directory/kesselmn-trimmings-inc/,https://cfda.com/resources/supply-chain-manufacturing/production-directory/kesselmn-trimmings-inc/,https://cfda.com/resources/supply-chain-manufacturing/production-directory/kesselmn-trimmings-inc/,,,cut_and_sew,CFDA Production Directory,CFDA,https://cfda.com/resources/supply-chain-manufacturing/production-directory/,Contact for quote
"Kittae of NY, LLC",,,https://cfda.com/resources/supply-chain-manufacturing/production-directory/kittae-of-ny-llc/,https://cfda.com/resources/supply-chain-manufacturing/production-directory/kittae-of-ny-llc/,https://cfda.com/resources/supply-chain-manufacturing/production-directory/kittae-of-ny-llc/,,,cut_and_sew,CFDA Production Directory,CFDA,https://cfda.com/resources/supply-chain-manufacturing/production-directory/,Contact for quote
Knit Illustrated Inc.,,,https://cfda.com/resources/supply-chain-manufacturing/production-directory/knit-illustrated-inc/,https://cfda.com/resources/supply-chain-manufacturing/production-directory/knit-illustrated-inc/,https://cfda.com/resources/supply-chain-manufacturing/production-directory/knit-illustrated-inc/,,,cut_and_sew,CFDA Production Directory,CFDA,https://cfda.com/resources/supply-chain-manufacturing/production-directory/,Contact for quote
Knit Resort,,,https://cfda.com/resources/supply-chain-manufacturing/production-directory/knit-resort/,https://cfda.com/resources/supply-chain-manufacturing/production-directory/knit-resort/,https://cfda.com/resources/supply-chain-manufacturing/production-directory/knit-resort/,,,cut_and_sew,CFDA Production Directory,CFDA,https://cfda.com/resources/supply-chain-manufacturing/production-directory/,Contact for quote
L & J Century Fashion Inc.,,,https://cfda.com/resources/supply-chain-manufacturing/production-directory/l-j-century-fashion-inc/,https://cfda.com/resources/supply-chain-manufacturing/production-directory/l-j-century-fashion-inc/,https://cfda.com/resources/supply-chain-manufacturing/production-directory/l-j-century-fashion-inc/,,,cut_and_sew,CFDA Production Directory,CFDA,https://cfda.com/resources/supply-chain-manufacturing/production-directory/,Contact for quote
L.A.Get Up,,,https://cfda.com/resources/supply-chain-manufacturing/production-directory/laget-up/,https://cfda.com/resources/supply-chain-manufacturing/production-directory/laget-up/,https://cfda.com/resources/supply-chain-manufacturing/production-directory/laget-up/,,,cut_and_sew,CFDA Production Directory,CFDA,https://cfda.com/resources/supply-chain-manufacturing/production-directory/,Contact for quote
L&cho studio,,,https://cfda.com/resources/supply-chain-manufacturing/production-directory/lcho-studio/,https://cfda.com/resources/supply-chain-manufacturing/production-directory/lcho-studio/,https://cfda.com/resources/supply-chain-manufacturing/production-directory/lcho-studio/,,,cut_and_sew,CFDA Production Directory,CFDA,https://cfda.com/resources/supply-chain-manufacturing/production-directory/,Contact for quote
LAB 26 APPAREL LLC,,,https://cfda.com/resources/supply-chain-manufacturing/production-directory/lab-26-apparel-llc/,https://cfda.com/resources/supply-chain-manufacturing/production-directory/lab-26-apparel-llc/,https://cfda.com/resources/supply-chain-manufacturing/production-directory/lab-26-apparel-llc/,,,cut_and_sew,CFDA Production Directory,CFDA,https://cfda.com/resources/supply-chain-manufacturing/production-directory/,Contact for quote
Labdip Inc.,,,https://cfda.com/resources/supply-chain-manufacturing/production-directory/labdip-inc/,https://cfda.com/resources/supply-chain-manufacturing/production-directory/labdip-inc/,https://cfda.com/resources/supply-chain-manufacturing/production-directory/labdip-inc/,,,cut_and_sew,CFDA Production Directory,CFDA,https://cfda.com/resources/supply-chain-manufacturing/production-directory/,Contact for quote
"Labels Inter-Global, Inc.",,,https://cfda.com/resources/supply-chain-manufacturing/production-directory/labels-inter-global-inc/,https://cfda.com/resources/supply-chain-manufacturing/production-directory/labels-inter-global-inc/,https://cfda.com/resources/supply-chain-manufacturing/production-directory/labels-inter-global-inc/,,,cut_and_sew,CFDA Production Directory,CFDA,https://cfda.com/resources/supply-chain-manufacturing/production-directory/,Contact for quote
"Ladysmyth, Inc.",,,https://cfda.com/resources/supply-chain-manufacturing/production-directory/ladysmyth-inc/,https://cfda.com/resources/supply-chain-manufacturing/production-directory/ladysmyth-inc/,https://cfda.com/resources/supply-chain-manufacturing/production-directory/ladysmyth-inc/,,,cut_and_sew,CFDA Production Directory,CFDA,https://cfda.com/resources/supply-chain-manufacturing/production-directory/,Contact for quote
Laguna Fabrics,,,https://cfda.com/resources/supply-chain-manufacturing/production-directory/laguna-fabrics/,https://cfda.com/resources/supply-chain-manufacturing/production-directory/laguna-fabrics/,https://cfda.com/resources/supply-chain-manufacturing/production-directory/laguna-fabrics/,,,cut_and_sew,CFDA Production Directory,CFDA,https://cfda.com/resources/supply-chain-manufacturing/production-directory/,Contact for quote
LAKNITSPRODUCTION,,,https://cfda.com/resources/supply-chain-manufacturing/production-directory/laknitsproduction/,https://cfda.com/resources/supply-chain-manufacturing/production-directory/laknitsproduction/,https://cfda.com/resources/supply-chain-manufacturing/production-directory/laknitsproduction/,,,cut_and_sew,CFDA Production Directory,CFDA,https://cfda.com/resources/supply-chain-manufacturing/production-directory/,Contact for quote
Lalaland Production and Design inc.,,,https://cfda.com/resources/supply-chain-manufacturing/production-directory/lalaland-production-and-design-inc/,https://cfda.com/resources/supply-chain-manufacturing/production-directory/lalaland-production-and-design-inc/,https://cfda.com/resources/supply-chain-manufacturing/production-directory/lalaland-production-and-design-inc/,,,cut_and_sew,CFDA Production Directory,CFDA,https://cfda.com/resources/supply-chain-manufacturing/production-directory/,Contact for quote
LC Apparel Consulting,,,https://cfda.com/resources/supply-chain-manufacturing/production-directory/lc-apparel-consulting/,https://cfda.com/resources/supply-chain-manufacturing/production-directory/lc-apparel-consulting/,https://cfda.com/resources/supply-chain-manufacturing/production-directory/lc-apparel-consulting/,,,cut_and_sew,CFDA Production Directory,CFDA,https://cfda.com/resources/supply-chain-manufacturing/production-directory/,Contact for quote
Le Studio Anthost,,,https://cfda.com/resources/supply-chain-manufacturing/production-directory/le-studio-anthost/,https://cfda.com/resources/supply-chain-manufacturing/production-directory/le-studio-anthost/,https://cfda.com/resources/supply-chain-manufacturing/production-directory/le-studio-anthost/,,,cut_and_sew,CFDA Production Directory,CFDA,https://cfda.com/resources/supply-chain-manufacturing/production-directory/,Contact for quote
"Leather, Suede, Skins, Inc",,,https://cfda.com/resources/supply-chain-manufacturing/production-directory/leather-suede-skins-inc/,https://cfda.com/resources/supply-chain-manufacturing/production-directory/leather-suede-skins-inc/,https://cfda.com/resources/supply-chain-manufacturing/production-directory/leather-suede-skins-inc/,,,cut_and_sew,CFDA Production Directory,CFDA,https://cfda.com/resources/supply-chain-manufacturing/production-directory/,Contact for quote
Lefty Production Co.,,,https://cfda.com/resources/supply-chain-manufacturing/production-directory/lefty-production-co/,https://cfda.com/resources/supply-chain-manufacturing/production-directory/lefty-production-co/,https://cfda.com/resources/supply-chain-manufacturing/production-directory/lefty-production-co/,,,cut_and_sew,CFDA Production Directory,CFDA,https://cfda.com/resources/supply-chain-manufacturing/production-directory/,Contact for quote
Limitless MFG,,,https://cfda.com/resources/supply-chain-manufacturing/production-directory/limitless-mfg/,https://cfda.com/resources/supply-chain-manufacturing/production-directory/limitless-mfg/,https://cfda.com/resources/supply-chain-manufacturing/production-directory/limitless-mfg/,,,cut_and_sew,CFDA Production Directory,CFDA,https://cfda.com/resources/supply-chain-manufacturing/production-directory/,Contact for quote
Lindman New York: Custom Neck / Bow Ties,,,https://cfda.com/resources/supply-chain-manufacturing/production-directory/lindman-new-york-custom-neck-bow-ties/,https://cfda.com/resources/supply-chain-manufacturing/production-directory/lindman-new-york-custom-neck-bow-ties/,https://cfda.com/resources/supply-chain-manufacturing/production-directory/lindman-new-york-custom-neck-bow-ties/,,,cut_and_sew,CFDA Production Directory,CFDA,https://cfda.com/resources/supply-chain-manufacturing/production-directory/,Contact for quote
Loc Phanz,,,https://cfda.com/resources/supply-chain-manufacturing/production-directory/loc-phanz/,https://cfda.com/resources/supply-chain-manufacturing/production-directory/loc-phanz/,https://cfda.com/resources/supply-chain-manufacturing/production-directory/loc-phanz/,,,cut_and_sew,CFDA Production Directory,CFDA,https://cfda.com/resources/supply-chain-manufacturing/production-directory/,Contact for quote
Lowercase NYC,,,https://cfda.com/resources/supply-chain-manufacturing/production-directory/lowercase-nyc/,https://cfda.com/resources/supply-chain-manufacturing/production-directory/lowercase-nyc/,https://cfda.com/resources/supply-chain-manufacturing/production-directory/lowercase-nyc/,,,cut_and_sew,CFDA Production Directory,CFDA,https://cfda.com/resources/supply-chain-manufacturing/production-directory/,Contact for quote
LunchMoney Los Angeles,,,https://cfda.com/resources/supply-chain-manufacturing/production-directory/lunchmoney-los-angeles/,https://cfda.com/resources/supply-chain-manufacturing/production-directory/lunchmoney-los-angeles/,https://cfda.com/resources/supply-chain-manufacturing/production-directory/lunchmoney-los-angeles/,,,cut_and_sew,CFDA Production Directory,CFDA,https://cfda.com/resources/supply-chain-manufacturing/production-directory/,Contact for quote
LUZ STUDIO,,,https://cfda.com/resources/supply-chain-manufacturing/production-directory/luz-studio/,https://cfda.com/resources/supply-chain-manufacturing/production-directory/luz-studio/,https://cfda.com/resources/supply-chain-manufacturing/production-directory/luz-studio/,,,cut_and_sew,CFDA Production Directory,CFDA,https://cfda.com/resources/supply-chain-manufacturing/production-directory/,Contact for quote
LVE Digital Printing,,,https://cfda.com/resources/supply-chain-manufacturing/production-directory/lve-digital-printing/,https://cfda.com/resources/supply-chain-manufacturing/production-directory/lve-digital-printing/,https://cfda.com/resources/supply-chain-manufacturing/production-directory/lve-digital-printing/,,,cut_and_sew,CFDA Production Directory,CFDA,https://cfda.com/resources/supply-chain-manufacturing/production-directory/,Contact for quote
LW Pearl,,,https://cfda.com/resources/supply-chain-manufacturing/production-directory/lw-pearl/,https://cfda.com/resources/supply-chain-manufacturing/production-directory/lw-pearl/,https://cfda.com/resources/supply-chain-manufacturing/production-directory/lw-pearl/,,,cut_and_sew,CFDA Production Directory,CFDA,https://cfda.com/resources/supply-chain-manufacturing/production-directory/,Contact for quote
Lynda Studio Inc.,,,https://cfda.com/resources/supply-chain-manufacturing/production-directory/lynda-studio-inc/,https://cfda.com/resources/supply-chain-manufacturing/production-directory/lynda-studio-inc/,https://cfda.com/resources/supply-chain-manufacturing/production-directory/lynda-studio-inc/,,,cut_and_sew,CFDA Production Directory,CFDA,https://cfda.com/resources/supply-chain-manufacturing/production-directory/,Contact for quote
M. & S. Schmalberg Flowers Inc.,,,https://cfda.com/resources/supply-chain-manufacturing/production-directory/m-s-schmalberg-flowers-inc/,https://cfda.com/resources/supply-chain-manufacturing/production-directory/m-s-schmalberg-flowers-inc/,https://cfda.com/resources/supply-chain-manufacturing/production-directory/m-s-schmalberg-flowers-inc/,,,cut_and_sew,CFDA Production Directory,CFDA,https://cfda.com/resources/supply-chain-manufacturing/production-directory/,Contact for quote
"Mac M Cutting, Inc.",,,https://cfda.com/resources/supply-chain-manufacturing/production-directory/mac-m-cutting-inc/,https://cfda.com/resources/supply-chain-manufacturing/production-directory/mac-m-cutting-inc/,https://cfda.com/resources/supply-chain-manufacturing/production-directory/mac-m-cutting-inc/,,,cut_and_sew,CFDA Production Directory,CFDA,https://cfda.com/resources/supply-chain-manufacturing/production-directory/,Contact for quote
MADE Apparel Services,,,https://cfda.com/resources/supply-chain-manufacturing/production-directory/made-apparel-services/,https://cfda.com/resources/supply-chain-manufacturing/production-directory/made-apparel-services/,https://cfda.com/resources/supply-chain-manufacturing/production-directory/made-apparel-services/,,,cut_and_sew,CFDA Production Directory,CFDA,https://cfda.com/resources/supply-chain-manufacturing/production-directory/,Contact for quote
Made X Hudson Inc.,,,https://cfda.com/resources/supply-chain-manufacturing/production-directory/made-x-hudson-inc/,https://cfda.com/resources/supply-chain-manufacturing/production-directory/made-x-hudson-inc/,https://cfda.com/resources/supply-chain-manufacturing/production-directory/made-x-hudson-inc/,,,cut_and_sew,CFDA Production Directory,CFDA,https://cfda.com/resources/supply-chain-manufacturing/production-directory/,Contact for quote
MANE Enterprises,,,https://cfda.com/resources/supply-chain-manufacturing/production-directory/mane-enterprises/,https://cfda.com/resources/supply-chain-manufacturing/production-directory/mane-enterprises/,https://cfda.com/resources/supply-chain-manufacturing/production-directory/mane-enterprises/,,,cut_and_sew,CFDA Production Directory,CFDA,https://cfda.com/resources/supply-chain-manufacturing/production-directory/,Contact for quote
Manhattan Rhinestone,,,https://cfda.com/resources/supply-chain-manufacturing/production-directory/manhattan-rhinestone/,https://cfda.com/resources/supply-chain-manufacturing/production-directory/manhattan-rhinestone/,https://cfda.com/resources/supply-chain-manufacturing/production-directory/manhattan-rhinestone/,,,cut_and_sew,CFDA Production Directory,CFDA,https://cfda.com/resources/supply-chain-manufacturing/production-directory/,Contact for quote
Mark D.A.,,,https://cfda.com/resources/supply-chain-manufacturing/production-directory/mark-da/,https://cfda.com/resources/supply-chain-manufacturing/production-directory/mark-da/,https://cfda.com/resources/supply-chain-manufacturing/production-directory/mark-da/,,,cut_and_sew,CFDA Production Directory,CFDA,https://cfda.com/resources/supply-chain-manufacturing/production-directory/,Contact for quote
Martin Greenfield Clothiers,,,https://cfda.com/resources/supply-chain-manufacturing/production-directory/martin-greenfield-clothiers/,https://cfda.com/resources/supply-chain-manufacturing/production-directory/martin-greenfield-clothiers/,https://cfda.com/resources/supply-chain-manufacturing/production-directory/martin-greenfield-clothiers/,,,cut_and_sew,CFDA Production Directory,CFDA,https://cfda.com/resources/supply-chain-manufacturing/production-directory/,Contact for quote
Mascorro Leather,,,https://cfda.com/resources/supply-chain-manufacturing/production-directory/mascorro-leather/,https://cfda.com/resources/supply-chain-manufacturing/production-directory/mascorro-leather/,https://cfda.com/resources/supply-chain-manufacturing/production-directory/mascorro-leather/,,,cut_and_sew,CFDA Production Directory,CFDA,https://cfda.com/resources/supply-chain-manufacturing/production-directory/,Contact for quote
MASSING,,,https://cfda.com/resources/supply-chain-manufacturing/production-directory/massing/,https://cfda.com/resources/supply-chain-manufacturing/production-directory/massing/,https://cfda.com/resources/supply-chain-manufacturing/production-directory/massing/,,,cut_and_sew,CFDA Production Directory,CFDA,https://cfda.com/resources/supply-chain-manufacturing/production-directory/,Contact for quote
Mc Fashion Design LLC,,,https://cfda.com/resources/supply-chain-manufacturing/production-directory/mc-fashion-design-llc/,https://cfda.com/resources/supply-chain-manufacturing/production-directory/mc-fashion-design-llc/,https://cfda.com/resources/supply-chain-manufacturing/production-directory/mc-fashion-design-llc/,,,cut_and_sew,CFDA Production Directory,CFDA,https://cfda.com/resources/supply-chain-manufacturing/production-directory/,Contact for quote
MCM Enterprise,,,https://cfda.com/resources/supply-chain-manufacturing/production-directory/mcm-enterprise/,https://cfda.com/resources/supply-chain-manufacturing/production-directory/mcm-enterprise/,https://cfda.com/resources/supply-chain-manufacturing/production-directory/mcm-enterprise/,,,cut_and_sew,CFDA Production Directory,CFDA,https://cfda.com/resources/supply-chain-manufacturing/production-directory/,Contact for quote
Mei Zou Pattern Studio,,,https://cfda.com/resources/supply-chain-manufacturing/production-directory/mei-zou-pattern-studio/,https://cfda.com/resources/supply-chain-manufacturing/production-directory/mei-zou-pattern-studio/,https://cfda.com/resources/supply-chain-manufacturing/production-directory/mei-zou-pattern-studio/,,,cut_and_sew,CFDA Production Directory,CFDA,https://cfda.com/resources/supply-chain-manufacturing/production-directory/,Contact for quote
"Metro Dyeing, LLC",,,https://cfda.com/resources/supply-chain-manufacturing/production-directory/metro-dyeing-llc/,https://cfda.com/resources/supply-chain-manufacturing/production-directory/metro-dyeing-llc/,https://cfda.com/resources/supply-chain-manufacturing/production-directory/metro-dyeing-llc/,,,cut_and_sew,CFDA Production Directory,CFDA,https://cfda.com/resources/supply-chain-manufacturing/production-directory/,Contact for quote
Metro Fashion & Fitting Corp,,,https://cfda.com/resources/supply-chain-manufacturing/production-directory/metro-fashion-fitting-corp/,https://cfda.com/resources/supply-chain-manufacturing/production-directory/metro-fashion-fitting-corp/,https://cfda.com/resources/supply-chain-manufacturing/production-directory/metro-fashion-fitting-corp/,,,cut_and_sew,CFDA Production Directory,CFDA,https://cfda.com/resources/supply-chain-manufacturing/production-directory/,Contact for quote
Mias Fashion,,,https://cfda.com/resources/supply-chain-manufacturing/production-directory/mias-fashion/,https://cfda.com/resources/supply-chain-manufacturing/production-directory/mias-fashion/,https://cfda.com/resources/supply-chain-manufacturing/production-directory/mias-fashion/,,,cut_and_sew,CFDA Production Directory,CFDA,https://cfda.com/resources/supply-chain-manufacturing/production-directory/,Contact for quote
Michael Calderone Inc.,,,https://cfda.com/resources/supply-chain-manufacturing/production-directory/michael-calderone-inc/,https://cfda.com/resources/supply-chain-manufacturing/production-directory/michael-calderone-inc/,https://cfda.com/resources/supply-chain-manufacturing/production-directory/michael-calderone-inc/,,,cut_and_sew,CFDA Production Directory,CFDA,https://cfda.com/resources/supply-chain-manufacturing/production-directory/,Contact for quote
Michael Stuart Embroidery,,,https://cfda.com/resources/supply-chain-manufacturing/production-directory/michael-stuart-embroidery/,https://cfda.com/resources/supply-chain-manufacturing/production-directory/michael-stuart-embroidery/,https://cfda.com/resources/supply-chain-manufacturing/production-directory/michael-stuart-embroidery/,,,cut_and_sew,CFDA Production Directory,CFDA,https://cfda.com/resources/supply-chain-manufacturing/production-directory/,Contact for quote
Michail Sykianakis,,,https://cfda.com/resources/supply-chain-manufacturing/production-directory/michail-sykianakis/,https://cfda.com/resources/supply-chain-manufacturing/production-directory/michail-sykianakis/,https://cfda.com/resources/supply-chain-manufacturing/production-directory/michail-sykianakis/,,,cut_and_sew,CFDA Production Directory,CFDA,https://cfda.com/resources/supply-chain-manufacturing/production-directory/,Contact for quote
Micheal of L.A.,,,https://cfda.com/resources/supply-chain-manufacturing/production-directory/micheal-of-la/,https://cfda.com/resources/supply-chain-manufacturing/production-directory/micheal-of-la/,https://cfda.com/resources/supply-chain-manufacturing/production-directory/micheal-of-la/,,,cut_and_sew,CFDA Production Directory,CFDA,https://cfda.com/resources/supply-chain-manufacturing/production-directory/,Contact for quote
Midtown Paper,,,https://cfda.com/resources/supply-chain-manufacturing/production-directory/midtown-paper/,https://cfda.com/resources/supply-chain-manufacturing/production-directory/midtown-paper/,https://cfda.com/resources/supply-chain-manufacturing/production-directory/midtown-paper/,,,cut_and_sew,CFDA Production Directory,CFDA,https://cfda.com/resources/supply-chain-manufacturing/production-directory/,Contact for quote
Mile One,,,https://cfda.com/resources/supply-chain-manufacturing/production-directory/mile-one/,https://cfda.com/resources/supply-chain-manufacturing/production-directory/mile-one/,https://cfda.com/resources/supply-chain-manufacturing/production-directory/mile-one/,,,cut_and_sew,CFDA Production Directory,CFDA,https://cfda.com/resources/supply-chain-manufacturing/production-directory/,Contact for quote
MINT COLLABORATIVE INC,,,https://cfda.com/resources/supply-chain-manufacturing/production-directory/mint-collaborative-inc/,https://cfda.com/resources/supply-chain-manufacturing/production-directory/mint-collaborative-inc/,https://cfda.com/resources/supply-chain-manufacturing/production-directory/mint-collaborative-inc/,,,cut_and_sew,CFDA Production Directory,CFDA,https://cfda.com/resources/supply-chain-manufacturing/production-directory/,Contact for quote
Miva USA Corp,,,https://cfda.com/resources/supply-chain-manufacturing/production-directory/miva-usa-corp/,https://cfda.com/resources/supply-chain-manufacturing/production-directory/miva-usa-corp/,https://cfda.com/resources/supply-chain-manufacturing/production-directory/miva-usa-corp/,,,cut_and_sew,CFDA Production Directory,CFDA,https://cfda.com/resources/supply-chain-manufacturing/production-directory/,Contact for quote
"MK Cutting, Inc.",,,https://cfda.com/resources/supply-chain-manufacturing/production-directory/mk-cutting-inc/,https://cfda.com/resources/supply-chain-manufacturing/production-directory/mk-cutting-inc/,https://cfda.com/resources/supply-chain-manufacturing/production-directory/mk-cutting-inc/,,,cut_and_sew,CFDA Production Directory,CFDA,https://cfda.com/resources/supply-chain-manufacturing/production-directory/,Contact for quote
MOA USA Inc.,,,https://cfda.com/resources/supply-chain-manufacturing/production-directory/moa-usa-inc/,https://cfda.com/resources/supply-chain-manufacturing/production-directory/moa-usa-inc/,https://cfda.com/resources/supply-chain-manufacturing/production-directory/moa-usa-inc/,,,cut_and_sew,CFDA Production Directory,CFDA,https://cfda.com/resources/supply-chain-manufacturing/production-directory/,Contact for quote
Mola Inc.,,,https://cfda.com/resources/supply-chain-manufacturing/production-directory/mola-inc/,https://cfda.com/resources/supply-chain-manufacturing/production-directory/mola-inc/,https://cfda.com/resources/supply-chain-manufacturing/production-directory/mola-inc/,,,cut_and_sew,CFDA Production Directory,CFDA,https://cfda.com/resources/supply-chain-manufacturing/production-directory/,Contact for quote
N.A.T. Leathers,,,https://cfda.com/resources/supply-chain-manufacturing/production-directory/nat-leathers/,https://cfda.com/resources/supply-chain-manufacturing/production-directory/nat-leathers/,https://cfda.com/resources/supply-chain-manufacturing/production-directory/nat-leathers/,,,cut_and_sew,CFDA Production Directory,CFDA,https://cfda.com/resources/supply-chain-manufacturing/production-directory/,Contact for quote
Nana Atelier,,,https://cfda.com/resources/supply-chain-manufacturing/production-directory/nana-atelier/,https://cfda.com/resources/supply-chain-manufacturing/production-directory/nana-atelier/,https://cfda.com/resources/supply-chain-manufacturing/production-directory/nana-atelier/,,,cut_and_sew,CFDA Production Directory,CFDA,https://cfda.com/resources/supply-chain-manufacturing/production-directory/,Contact for quote
National Textile Industries,,,https://cfda.com/resources/supply-chain-manufacturing/production-directory/national-textile-industries/,https://cfda.com/resources/supply-chain-manufacturing/production-directory/national-textile-industries/,https://cfda.com/resources/supply-chain-manufacturing/production-directory/national-textile-industries/,,,cut_and_sew,CFDA Production Directory,CFDA,https://cfda.com/resources/supply-chain-manufacturing/production-directory/,Contact for quote
New York Binding Co. Inc.,,,https://cfda.com/resources/supply-chain-manufacturing/production-directory/new-york-binding-co-inc/,https://cfda.com/resources/supply-chain-manufacturing/production-directory/new-york-binding-co-inc/,https://cfda.com/resources/supply-chain-manufacturing/production-directory/new-york-binding-co-inc/,,,cut_and_sew,CFDA Production Directory,CFDA,https://cfda.com/resources/supply-chain-manufacturing/production-directory/,Contact for quote
New York Embroidery Studio,,,https://cfda.com/resources/supply-chain-manufacturing/production-directory/new-york-embroidery-studio/,https://cfda.com/resources/supply-chain-manufacturing/production-directory/new-york-embroidery-studio/,https://cfda.com/resources/supply-chain-manufacturing/production-directory/new-york-embroidery-studio/,,,cut_and_sew,CFDA Production Directory,CFDA,https://cfda.com/resources/supply-chain-manufacturing/production-directory/,Contact for quote
Nicolas Caito Atelier,,,https://cfda.com/resources/supply-chain-manufacturing/production-directory/nicolas-caito-atelier/,https://cfda.com/resources/supply-chain-manufacturing/production-directory/nicolas-caito-atelier/,https://cfda.com/resources/supply-chain-manufacturing/production-directory/nicolas-caito-atelier/,,,cut_and_sew,CFDA Production Directory,CFDA,https://cfda.com/resources/supply-chain-manufacturing/production-directory/,Contact for quote
No Limit Embroidery,,,https://cfda.com/resources/supply-chain-manufacturing/production-directory/no-limit-embroidery/,https://cfda.com/resources/supply-chain-manufacturing/production-directory/no-limit-embroidery/,https://cfda.com/resources/supply-chain-manufacturing/production-directory/no-limit-embroidery/,,,cut_and_sew,CFDA Production Directory,CFDA,https://cfda.com/resources/supply-chain-manufacturing/production-directory/,Contact for quote
"Noble and Ready, LLC",,,https://cfda.com/resources/supply-chain-manufacturing/production-directory/noble-and-ready-llc/,https://cfda.com/resources/supply-chain-manufacturing/production-directory/noble-and-ready-llc/,https://cfda.com/resources/supply-chain-manufacturing/production-directory/noble-and-ready-llc/,,,cut_and_sew,CFDA Production Directory,CFDA,https://cfda.com/resources/supply-chain-manufacturing/production-directory/,Contact for quote
Northeast Apparel Consulting Services,,,https://cfda.com/resources/supply-chain-manufacturing/production-directory/northeast-apparel-consulting-services/,https://cfda.com/resources/supply-chain-manufacturing/production-directory/northeast-apparel-consulting-services/,https://cfda.com/resources/supply-chain-manufacturing/production-directory/northeast-apparel-consulting-services/,,,cut_and_sew,CFDA Production Directory,CFDA,https://cfda.com/resources/supply-chain-manufacturing/production-directory/,Contact for quote
Not Just Lace Inc,,,https://cfda.com/resources/supply-chain-manufacturing/production-directory/not-just-lace-inc/,https://cfda.com/resources/supply-chain-manufacturing/production-directory/not-just-lace-inc/,https://cfda.com/resources/supply-chain-manufacturing/production-directory/not-just-lace-inc/,,,cut_and_sew,CFDA Production Directory,CFDA,https://cfda.com/resources/supply-chain-manufacturing/production-directory/,Contact for quote
NUUM Agency,,,https://cfda.com/resources/supply-chain-manufacturing/production-directory/nuum-agency/,https://cfda.com/resources/supply-chain-manufacturing/production-directory/nuum-agency/,https://cfda.com/resources/supply-chain-manufacturing/production-directory/nuum-agency/,,,cut_and_sew,CFDA Production Directory,CFDA,https://cfda.com/resources/supply-chain-manufacturing/production-directory/,Contact for quote
"NY Fashion LAB, INC",,,https://cfda.com/resources/supply-chain-manufacturing/production-directory/ny-fashion-lab-inc/,https://cfda.com/resources/supply-chain-manufacturing/production-directory/ny-fashion-lab-inc/,https://cfda.com/resources/supply-chain-manufacturing/production-directory/ny-fashion-lab-inc/,,,cut_and_sew,CFDA Production Directory,CFDA,https://cfda.com/resources/supply-chain-manufacturing/production-directory/,Contact for quote
NY Lapidary Service Inc.,,,https://cfda.com/resources/supply-chain-manufacturing/production-directory/ny-lapidary-service-inc/,https://cfda.com/resources/supply-chain-manufacturing/production-directory/ny-lapidary-service-inc/,https://cfda.com/resources/supply-chain-manufacturing/production-directory/ny-lapidary-service-inc/,,,cut_and_sew,CFDA Production Directory,CFDA,https://cfda.com/resources/supply-chain-manufacturing/production-directory/,Contact for quote
NYC FACTORY INC,,,https://cfda.com/resources/supply-chain-manufacturing/production-directory/nyc-factory-inc/,https://cfda.com/resources/supply-chain-manufacturing/production-directory/nyc-factory-inc/,https://cfda.com/resources/supply-chain-manufacturing/production-directory/nyc-factory-inc/,,,cut_and_sew,CFDA Production Directory,CFDA,https://cfda.com/resources/supply-chain-manufacturing/production-directory/,Contact for quote
On9thst,,,https://cfda.com/resources/supply-chain-manufacturing/production-directory/on9thst/,https://cfda.com/resources/supply-chain-manufacturing/production-directory/on9thst/,https://cfda.com/resources/supply-chain-manufacturing/production-directory/on9thst/,,,cut_and_sew,CFDA Production Directory,CFDA,https://cfda.com/resources/supply-chain-manufacturing/production-directory/,Contact for quote
ONE TO 13 STUDIO,,,https://cfda.com/resources/supply-chain-manufacturing/production-directory/one-to-13-studio/,https://cfda.com/resources/supply-chain-manufacturing/production-directory/one-to-13-studio/,https://cfda.com/resources/supply-chain-manufacturing/production-directory/one-to-13-studio/,,,cut_and_sew,CFDA Production Directory,CFDA,https://cfda.com/resources/supply-chain-manufacturing/production-directory/,Contact for quote
Onestop Design Studio inc.,,,https://cfda.com/resources/supply-chain-manufacturing/production-directory/onestop-design-studio-inc/,https://cfda.com/resources/supply-chain-manufacturing/production-directory/onestop-design-studio-inc/,https://cfda.com/resources/supply-chain-manufacturing/production-directory/onestop-design-studio-inc/,,,cut_and_sew,CFDA Production Directory,CFDA,https://cfda.com/resources/supply-chain-manufacturing/production-directory/,Contact for quote
OnPoint Manufacturing,,,https://cfda.com/resources/supply-chain-manufacturing/production-directory/onpoint-manufacturing/,https://cfda.com/resources/supply-chain-manufacturing/production-directory/onpoint-manufacturing/,https://cfda.com/resources/supply-chain-manufacturing/production-directory/onpoint-manufacturing/,,,cut_and_sew,CFDA Production Directory,CFDA,https://cfda.com/resources/supply-chain-manufacturing/production-directory/,Contact for quote
"Oomaru Seisakusho 2, Inc.",,,https://cfda.com/resources/supply-chain-manufacturing/production-directory/oomaru-seisakusho-2-inc/,https://cfda.com/resources/supply-chain-manufacturing/production-directory/oomaru-seisakusho-2-inc/,https://cfda.com/resources/supply-chain-manufacturing/production-directory/oomaru-seisakusho-2-inc/,,,cut_and_sew,CFDA Production Directory,CFDA,https://cfda.com/resources/supply-chain-manufacturing/production-directory/,Contact for quote
ORO Sewing,,,https://cfda.com/resources/supply-chain-manufacturing/production-directory/oro-sewing/,https://cfda.com/resources/supply-chain-manufacturing/production-directory/oro-sewing/,https://cfda.com/resources/supply-chain-manufacturing/production-directory/oro-sewing/,,,cut_and_sew,CFDA Production Directory,CFDA,https://cfda.com/resources/supply-chain-manufacturing/production-directory/,Contact for quote
Panah Project,,,https://cfda.com/resources/supply-chain-manufacturing/production-directory/panah-project/,https://cfda.com/resources/supply-chain-manufacturing/production-directory/panah-project/,https://cfda.com/resources/supply-chain-manufacturing/production-directory/panah-project/,,,cut_and_sew,CFDA Production Directory,CFDA,https://cfda.com/resources/supply-chain-manufacturing/production-directory/,Contact for quote
Park Avenue Trimming/International,,,https://cfda.com/resources/supply-chain-manufacturing/production-directory/park-avenue-trimminginternational/,https://cfda.com/resources/supply-chain-manufacturing/production-directory/park-avenue-trimminginternational/,https://cfda.com/resources/supply-chain-manufacturing/production-directory/park-avenue-trimminginternational/,,,cut_and_sew,CFDA Production Directory,CFDA,https://cfda.com/resources/supply-chain-manufacturing/production-directory/,Contact for quote
Pattern Making Studio,,,https://cfda.com/resources/supply-chain-manufacturing/production-directory/pattern-making-studio/,https://cfda.com/resources/supply-chain-manufacturing/production-directory/pattern-making-studio/,https://cfda.com/resources/supply-chain-manufacturing/production-directory/pattern-making-studio/,,,cut_and_sew,CFDA Production Directory,CFDA,https://cfda.com/resources/supply-chain-manufacturing/production-directory/,Contact for quote
PDR Knitting LLC,,,https://cfda.com/resources/supply-chain-manufacturing/production-directory/pdr-knitting-llc/,https://cfda.com/resources/supply-chain-manufacturing/production-directory/pdr-knitting-llc/,https://cfda.com/resources/supply-chain-manufacturing/production-directory/pdr-knitting-llc/,,,cut_and_sew,CFDA Production Directory,CFDA,https://cfda.com/resources/supply-chain-manufacturing/production-directory/,Contact for quote
Penn & Fletcher,,,https://cfda.com/resources/supply-chain-manufacturing/production-directory/penn-fletcher/,https://cfda.com/resources/supply-chain-manufacturing/production-directory/penn-fletcher/,https://cfda.com/resources/supply-chain-manufacturing/production-directory/penn-fletcher/,,,cut_and_sew,CFDA Production Directory,CFDA,https://cfda.com/resources/supply-chain-manufacturing/production-directory/,Contact for quote
Perform Group LLC,,,https://cfda.com/resources/supply-chain-manufacturing/production-directory/perform-group-llc/,https://cfda.com/resources/supply-chain-manufacturing/production-directory/perform-group-llc/,https://cfda.com/resources/supply-chain-manufacturing/production-directory/perform-group-llc/,,,cut_and_sew,CFDA Production Directory,CFDA,https://cfda.com/resources/supply-chain-manufacturing/production-directory/,Contact for quote
Phalynx – Studio Antony Vallon,,,https://cfda.com/resources/supply-chain-manufacturing/production-directory/phalynx-studio-antony-vallon/,https://cfda.com/resources/supply-chain-manufacturing/production-directory/phalynx-studio-antony-vallon/,https://cfda.com/resources/supply-chain-manufacturing/production-directory/phalynx-studio-antony-vallon/,,,cut_and_sew,CFDA Production Directory,CFDA,https://cfda.com/resources/supply-chain-manufacturing/production-directory/,Contact for quote
Playground Printing LLC,,,https://cfda.com/resources/supply-chain-manufacturing/production-directory/playground-printing-llc/,https://cfda.com/resources/supply-chain-manufacturing/production-directory/playground-printing-llc/,https://cfda.com/resources/supply-chain-manufacturing/production-directory/playground-printing-llc/,,,cut_and_sew,CFDA Production Directory,CFDA,https://cfda.com/resources/supply-chain-manufacturing/production-directory/,Contact for quote
Polytime Atelier,,,https://cfda.com/resources/supply-chain-manufacturing/production-directory/polytime-atelier/,https://cfda.com/resources/supply-chain-manufacturing/production-directory/polytime-atelier/,https://cfda.com/resources/supply-chain-manufacturing/production-directory/polytime-atelier/,,,cut_and_sew,CFDA Production Directory,CFDA,https://cfda.com/resources/supply-chain-manufacturing/production-directory/,Contact for quote
Polytime Atelier NYC,,,https://cfda.com/resources/supply-chain-manufacturing/production-directory/polytime-atelier-nyc/,https://cfda.com/resources/supply-chain-manufacturing/production-directory/polytime-atelier-nyc/,https://cfda.com/resources/supply-chain-manufacturing/production-directory/polytime-atelier-nyc/,,,cut_and_sew,CFDA Production Directory,CFDA,https://cfda.com/resources/supply-chain-manufacturing/production-directory/,Contact for quote
Portchester usa,,,https://cfda.com/resources/supply-chain-manufacturing/production-directory/portchester-usa/,https://cfda.com/resources/supply-chain-manufacturing/production-directory/portchester-usa/,https://cfda.com/resources/supply-chain-manufacturing/production-directory/portchester-usa/,,,cut_and_sew,CFDA Production Directory,CFDA,https://cfda.com/resources/supply-chain-manufacturing/production-directory/,Contact for quote
Prange Apparel LLC,,,https://cfda.com/resources/supply-chain-manufacturing/production-directory/prange-apparel-llc/,https://cfda.com/resources/supply-chain-manufacturing/production-directory/prange-apparel-llc/,https://cfda.com/resources/supply-chain-manufacturing/production-directory/prange-apparel-llc/,,,cut_and_sew,CFDA Production Directory,CFDA,https://cfda.com/resources/supply-chain-manufacturing/production-directory/,Contact for quote
Predestine Inc.,,,https://cfda.com/resources/supply-chain-manufacturing/production-directory/predestine-inc/,https://cfda.com/resources/supply-chain-manufacturing/production-directory/predestine-inc/,https://cfda.com/resources/supply-chain-manufacturing/production-directory/predestine-inc/,,,cut_and_sew,CFDA Production Directory,CFDA,https://cfda.com/resources/supply-chain-manufacturing/production-directory/,Contact for quote
Premier Apparel,,,https://cfda.com/resources/supply-chain-manufacturing/production-directory/premier-apparel/,https://cfda.com/resources/supply-chain-manufacturing/production-directory/premier-apparel/,https://cfda.com/resources/supply-chain-manufacturing/production-directory/premier-apparel/,,,cut_and_sew,CFDA Production Directory,CFDA,https://cfda.com/resources/supply-chain-manufacturing/production-directory/,Contact for quote
Quick Fuse and Cut Corp.,,,https://cfda.com/resources/supply-chain-manufacturing/production-directory/quick-fuse-and-cut-corp/,https://cfda.com/resources/supply-chain-manufacturing/production-directory/quick-fuse-and-cut-corp/,https://cfda.com/resources/supply-chain-manufacturing/production-directory/quick-fuse-and-cut-corp/,,,cut_and_sew,CFDA Production Directory,CFDA,https://cfda.com/resources/supply-chain-manufacturing/production-directory/,Contact for quote
Quick Fusing Inc.,,,https://cfda.com/resources/supply-chain-manufacturing/production-directory/quick-fusing-inc/,https://cfda.com/resources/supply-chain-manufacturing/production-directory/quick-fusing-inc/,https://cfda.com/resources/supply-chain-manufacturing/production-directory/quick-fusing-inc/,,,cut_and_sew,CFDA Production Directory,CFDA,https://cfda.com/resources/supply-chain-manufacturing/production-directory/,Contact for quote
Quick Turn Clothing,,,https://cfda.com/resources/supply-chain-manufacturing/production-directory/quick-turn-clothing/,https://cfda.com/resources/supply-chain-manufacturing/production-directory/quick-turn-clothing/,https://cfda.com/resources/supply-chain-manufacturing/production-directory/quick-turn-clothing/,,,cut_and_sew,CFDA Production Directory,CFDA,https://cfda.com/resources/supply-chain-manufacturing/production-directory/,Contact for quote
R. Kaye Ltd,,,https://cfda.com/resources/supply-chain-manufacturing/production-directory/r-kaye-ltd/,https://cfda.com/resources/supply-chain-manufacturing/production-directory/r-kaye-ltd/,https://cfda.com/resources/supply-chain-manufacturing/production-directory/r-kaye-ltd/,,,cut_and_sew,CFDA Production Directory,CFDA,https://cfda.com/resources/supply-chain-manufacturing/production-directory/,Contact for quote
R&C Apparel Corp.,,,https://cfda.com/resources/supply-chain-manufacturing/production-directory/rc-apparel-corp/,https://cfda.com/resources/supply-chain-manufacturing/production-directory/rc-apparel-corp/,https://cfda.com/resources/supply-chain-manufacturing/production-directory/rc-apparel-corp/,,,cut_and_sew,CFDA Production Directory,CFDA,https://cfda.com/resources/supply-chain-manufacturing/production-directory/,Contact for quote
Rainbow Leather Inc,,,https://cfda.com/resources/supply-chain-manufacturing/production-directory/rainbow-leather-inc/,https://cfda.com/resources/supply-chain-manufacturing/production-directory/rainbow-leather-inc/,https://cfda.com/resources/supply-chain-manufacturing/production-directory/rainbow-leather-inc/,,,cut_and_sew,CFDA Production Directory,CFDA,https://cfda.com/resources/supply-chain-manufacturing/production-directory/,Contact for quote
Rainbow Pattern Inc,,,https://cfda.com/resources/supply-chain-manufacturing/production-directory/rainbow-pattern-inc/,https://cfda.com/resources/supply-chain-manufacturing/production-directory/rainbow-pattern-inc/,https://cfda.com/resources/supply-chain-manufacturing/production-directory/rainbow-pattern-inc/,,,cut_and_sew,CFDA Production Directory,CFDA,https://cfda.com/resources/supply-chain-manufacturing/production-directory/,Contact for quote
Raju Fashion,,,https://cfda.com/resources/supply-chain-manufacturing/production-directory/raju-fashion/,https://cfda.com/resources/supply-chain-manufacturing/production-directory/raju-fashion/,https://cfda.com/resources/supply-chain-manufacturing/production-directory/raju-fashion/,,,cut_and_sew,CFDA Production Directory,CFDA,https://cfda.com/resources/supply-chain-manufacturing/production-directory/,Contact for quote
RDB,,,https://cfda.com/resources/supply-chain-manufacturing/production-directory/rdb/,https://cfda.com/resources/supply-chain-manufacturing/production-directory/rdb/,https://cfda.com/resources/supply-chain-manufacturing/production-directory/rdb/,,,cut_and_sew,CFDA Production Directory,CFDA,https://cfda.com/resources/supply-chain-manufacturing/production-directory/,Contact for quote
Refine Studio NYC,,,https://cfda.com/resources/supply-chain-manufacturing/production-directory/refine-studio-nyc/,https://cfda.com/resources/supply-chain-manufacturing/production-directory/refine-studio-nyc/,https://cfda.com/resources/supply-chain-manufacturing/production-directory/refine-studio-nyc/,,,cut_and_sew,CFDA Production Directory,CFDA,https://cfda.com/resources/supply-chain-manufacturing/production-directory/,Contact for quote
"Renaissance Creative Studios, LLC",,,https://cfda.com/resources/supply-chain-manufacturing/production-directory/renaissance-creative-studios-llc/,https://cfda.com/resources/supply-chain-manufacturing/production-directory/renaissance-creative-studios-llc/,https://cfda.com/resources/supply-chain-manufacturing/production-directory/renaissance-creative-studios-llc/,,,cut_and_sew,CFDA Production Directory,CFDA,https://cfda.com/resources/supply-chain-manufacturing/production-directory/,Contact for quote
"Ribbon Connections, Inc.",,,https://cfda.com/resources/supply-chain-manufacturing/production-directory/ribbon-connections-inc/,https://cfda.com/resources/supply-chain-manufacturing/production-directory/ribbon-connections-inc/,https://cfda.com/resources/supply-chain-manufacturing/production-directory/ribbon-connections-inc/,,,cut_and_sew,CFDA Production Directory,CFDA,https://cfda.com/resources/supply-chain-manufacturing/production-directory/,Contact for quote
Rightfully Sewn,,,https://cfda.com/resources/supply-chain-manufacturing/production-directory/rightfully-sewn/,https://cfda.com/resources/supply-chain-manufacturing/production-directory/rightfully-sewn/,https://cfda.com/resources/supply-chain-manufacturing/production-directory/rightfully-sewn/,,,cut_and_sew,CFDA Production Directory,CFDA,https://cfda.com/resources/supply-chain-manufacturing/production-directory/,Contact for quote
RIVA Precision Manufacturing,,,https://cfda.com/resources/supply-chain-manufacturing/production-directory/riva-precision-manufacturing/,https://cfda.com/resources/supply-chain-manufacturing/production-directory/riva-precision-manufacturing/,https://cfda.com/resources/supply-chain-manufacturing/production-directory/riva-precision-manufacturing/,,,cut_and_sew,CFDA Production Directory,CFDA,https://cfda.com/resources/supply-chain-manufacturing/production-directory/,Contact for quote
RK EMBROIDERY,,,https://cfda.com/resources/supply-chain-manufacturing/production-directory/rk-embroidery/,https://cfda.com/resources/supply-chain-manufacturing/production-directory/rk-embroidery/,https://cfda.com/resources/supply-chain-manufacturing/production-directory/rk-embroidery/,,,cut_and_sew,CFDA Production Directory,CFDA,https://cfda.com/resources/supply-chain-manufacturing/production-directory/,Contact for quote
Romeo Fashions,,,https://cfda.com/resources/supply-chain-manufacturing/production-directory/romeo-fashions/,https://cfda.com/resources/supply-chain-manufacturing/production-directory/romeo-fashions/,https://cfda.com/resources/supply-chain-manufacturing/production-directory/romeo-fashions/,,,cut_and_sew,CFDA Production Directory,CFDA,https://cfda.com/resources/supply-chain-manufacturing/production-directory/,Contact for quote
ROYCE New York,,,https://cfda.com/resources/supply-chain-manufacturing/production-directory/royce-new-york/,https://cfda.com/resources/supply-chain-manufacturing/production-directory/royce-new-york/,https://cfda.com/resources/supply-chain-manufacturing/production-directory/royce-new-york/,,,cut_and_sew,CFDA Production Directory,CFDA,https://cfda.com/resources/supply-chain-manufacturing/production-directory/,Contact for quote
Rule Design & Development,,,https://cfda.com/resources/supply-chain-manufacturing/production-directory/rule-design-development/,https://cfda.com/resources/supply-chain-manufacturing/production-directory/rule-design-development/,https://cfda.com/resources/supply-chain-manufacturing/production-directory/rule-design-development/,,,cut_and_sew,CFDA Production Directory,CFDA,https://cfda.com/resources/supply-chain-manufacturing/production-directory/,Contact for quote
S & B Couture Inc.,,,https://cfda.com/resources/supply-chain-manufacturing/production-directory/s-b-couture-inc/,https://cfda.com/resources/supply-chain-manufacturing/production-directory/s-b-couture-inc/,https://cfda.com/resources/supply-chain-manufacturing/production-directory/s-b-couture-inc/,,,cut_and_sew,CFDA Production Directory,CFDA,https://cfda.com/resources/supply-chain-manufacturing/production-directory/,Contact for quote
Sabanna Fashion J. Inc.,,,https://cfda.com/resources/supply-chain-manufacturing/production-directory/sabanna-fashion-j-inc/,https://cfda.com/resources/supply-chain-manufacturing/production-directory/sabanna-fashion-j-inc/,https://cfda.com/resources/supply-chain-manufacturing/production-directory/sabanna-fashion-j-inc/,,,cut_and_sew,CFDA Production Directory,CFDA,https://cfda.com/resources/supply-chain-manufacturing/production-directory/,Contact for quote
Saitex USA,,,https://cfda.com/resources/supply-chain-manufacturing/production-directory/saitex-usa/,https://cfda.com/resources/supply-chain-manufacturing/production-directory/saitex-usa/,https://cfda.com/resources/supply-chain-manufacturing/production-directory/saitex-usa/,,,cut_and_sew,CFDA Production Directory,CFDA,https://cfda.com/resources/supply-chain-manufacturing/production-directory/,Contact for quote
Samuel Style Design Studio,,,https://cfda.com/resources/supply-chain-manufacturing/production-directory/samuel-style-design-studio/,https://cfda.com/resources/supply-chain-manufacturing/production-directory/samuel-style-design-studio/,https://cfda.com/resources/supply-chain-manufacturing/production-directory/samuel-style-design-studio/,,,cut_and_sew,CFDA Production Directory,CFDA,https://cfda.com/resources/supply-chain-manufacturing/production-directory/,Contact for quote
Satya Twena Fine Millinery,,,https://cfda.com/resources/supply-chain-manufacturing/production-directory/satya-twena-fine-millinery/,https://cfda.com/resources/supply-chain-manufacturing/production-directory/satya-twena-fine-millinery/,https://cfda.com/resources/supply-chain-manufacturing/production-directory/satya-twena-fine-millinery/,,,cut_and_sew,CFDA Production Directory,CFDA,https://cfda.com/resources/supply-chain-manufacturing/production-directory/,Contact for quote
SCOTT x SCOTT Inc.,,,https://cfda.com/resources/supply-chain-manufacturing/production-directory/scott-x-scott-inc/,https://cfda.com/resources/supply-chain-manufacturing/production-directory/scott-x-scott-inc/,https://cfda.com/resources/supply-chain-manufacturing/production-directory/scott-x-scott-inc/,,,cut_and_sew,CFDA Production Directory,CFDA,https://cfda.com/resources/supply-chain-manufacturing/production-directory/,Contact for quote
Seam to Seen Manufacturing,,,https://cfda.com/resources/supply-chain-manufacturing/production-directory/seam-to-seen-manufacturing/,https://cfda.com/resources/supply-chain-manufacturing/production-directory/seam-to-seen-manufacturing/,https://cfda.com/resources/supply-chain-manufacturing/production-directory/seam-to-seen-manufacturing/,,,cut_and_sew,CFDA Production Directory,CFDA,https://cfda.com/resources/supply-chain-manufacturing/production-directory/,Contact for quote
Season Wash,,,https://cfda.com/resources/supply-chain-manufacturing/production-directory/season-wash/,https://cfda.com/resources/supply-chain-manufacturing/production-directory/season-wash/,https://cfda.com/resources/supply-chain-manufacturing/production-directory/season-wash/,,,cut_and_sew,CFDA Production Directory,CFDA,https://cfda.com/resources/supply-chain-manufacturing/production-directory/,Contact for quote
Senda Inc,,,https://cfda.com/resources/supply-chain-manufacturing/production-directory/senda-inc/,https://cfda.com/resources/supply-chain-manufacturing/production-directory/senda-inc/,https://cfda.com/resources/supply-chain-manufacturing/production-directory/senda-inc/,,,cut_and_sew,CFDA Production Directory,CFDA,https://cfda.com/resources/supply-chain-manufacturing/production-directory/,Contact for quote
Seollem Corporation,,,https://cfda.com/resources/supply-chain-manufacturing/production-directory/seollem-corporation/,https://cfda.com/resources/supply-chain-manufacturing/production-directory/seollem-corporation/,https://cfda.com/resources/supply-chain-manufacturing/production-directory/seollem-corporation/,,,cut_and_sew,CFDA Production Directory,CFDA,https://cfda.com/resources/supply-chain-manufacturing/production-directory/,Contact for quote
Sepia New York Inc,,,https://cfda.com/resources/supply-chain-manufacturing/production-directory/sepia-new-york-inc/,https://cfda.com/resources/supply-chain-manufacturing/production-directory/sepia-new-york-inc/,https://cfda.com/resources/supply-chain-manufacturing/production-directory/sepia-new-york-inc/,,,cut_and_sew,CFDA Production Directory,CFDA,https://cfda.com/resources/supply-chain-manufacturing/production-directory/,Contact for quote
SEW IN LA,,,https://cfda.com/resources/supply-chain-manufacturing/production-directory/sew-in-la/,https://cfda.com/resources/supply-chain-manufacturing/production-directory/sew-in-la/,https://cfda.com/resources/supply-chain-manufacturing/production-directory/sew-in-la/,,,cut_and_sew,CFDA Production Directory,CFDA,https://cfda.com/resources/supply-chain-manufacturing/production-directory/,Contact for quote
"Sew Studio, LLC",,,https://cfda.com/resources/supply-chain-manufacturing/production-directory/sew-studio-llc/,https://cfda.com/resources/supply-chain-manufacturing/production-directory/sew-studio-llc/,https://cfda.com/resources/supply-chain-manufacturing/production-directory/sew-studio-llc/,,,cut_and_sew,CFDA Production Directory,CFDA,https://cfda.com/resources/supply-chain-manufacturing/production-directory/,Contact for quote
Sew Valley,,,https://cfda.com/resources/supply-chain-manufacturing/production-directory/sew-valley/,https://cfda.com/resources/supply-chain-manufacturing/production-directory/sew-valley/,https://cfda.com/resources/supply-chain-manufacturing/production-directory/sew-valley/,,,cut_and_sew,CFDA Production Directory,CFDA,https://cfda.com/resources/supply-chain-manufacturing/production-directory/,Contact for quote
SEWBY,,,https://cfda.com/resources/supply-chain-manufacturing/production-directory/sewby/,https://cfda.com/resources/supply-chain-manufacturing/production-directory/sewby/,https://cfda.com/resources/supply-chain-manufacturing/production-directory/sewby/,,,cut_and_sew,CFDA Production Directory,CFDA,https://cfda.com/resources/supply-chain-manufacturing/production-directory/,Contact for quote
Shara-Tex Knitting Mills,,,https://cfda.com/resources/supply-chain-manufacturing/production-directory/shara-tex-knitting-mills/,https://cfda.com/resources/supply-chain-manufacturing/production-directory/shara-tex-knitting-mills/,https://cfda.com/resources/supply-chain-manufacturing/production-directory/shara-tex-knitting-mills/,,,cut_and_sew,CFDA Production Directory,CFDA,https://cfda.com/resources/supply-chain-manufacturing/production-directory/,Contact for quote
Sherry Accessories Corp.,,,https://cfda.com/resources/supply-chain-manufacturing/production-directory/sherry-accessories-corp/,https://cfda.com/resources/supply-chain-manufacturing/production-directory/sherry-accessories-corp/,https://cfda.com/resources/supply-chain-manufacturing/production-directory/sherry-accessories-corp/,,,cut_and_sew,CFDA Production Directory,CFDA,https://cfda.com/resources/supply-chain-manufacturing/production-directory/,Contact for quote
Shilo Byrd Studio,,,https://cfda.com/resources/supply-chain-manufacturing/production-directory/shilo-byrd-studio/,https://cfda.com/resources/supply-chain-manufacturing/production-directory/shilo-byrd-studio/,https://cfda.com/resources/supply-chain-manufacturing/production-directory/shilo-byrd-studio/,,,cut_and_sew,CFDA Production Directory,CFDA,https://cfda.com/resources/supply-chain-manufacturing/production-directory/,Contact for quote
Shima Seiki USA,,,https://cfda.com/resources/supply-chain-manufacturing/production-directory/shima-seiki-usa/,https://cfda.com/resources/supply-chain-manufacturing/production-directory/shima-seiki-usa/,https://cfda.com/resources/supply-chain-manufacturing/production-directory/shima-seiki-usa/,,,cut_and_sew,CFDA Production Directory,CFDA,https://cfda.com/resources/supply-chain-manufacturing/production-directory/,Contact for quote
Skelephunk Studios LLC,,,https://cfda.com/resources/supply-chain-manufacturing/production-directory/skelephunk-studios-llc/,https://cfda.com/resources/supply-chain-manufacturing/production-directory/skelephunk-studios-llc/,https://cfda.com/resources/supply-chain-manufacturing/production-directory/skelephunk-studios-llc/,,,cut_and_sew,CFDA Production Directory,CFDA,https://cfda.com/resources/supply-chain-manufacturing/production-directory/,Contact for quote
SN Productions Inc,,,https://cfda.com/resources/supply-chain-manufacturing/production-directory/sn-productions-inc/,https://cfda.com/resources/supply-chain-manufacturing/production-directory/sn-productions-inc/,https://cfda.com/resources/supply-chain-manufacturing/production-directory/sn-productions-inc/,,,cut_and_sew,CFDA Production Directory,CFDA,https://cfda.com/resources/supply-chain-manufacturing/production-directory/,Contact for quote
Socal Garment Works,,,https://cfda.com/resources/supply-chain-manufacturing/production-directory/socal-garment-works/,https://cfda.com/resources/supply-chain-manufacturing/production-directory/socal-garment-works/,https://cfda.com/resources/supply-chain-manufacturing/production-directory/socal-garment-works/,,,cut_and_sew,CFDA Production Directory,CFDA,https://cfda.com/resources/supply-chain-manufacturing/production-directory/,Contact for quote
Soft Goods Detroit,,,https://cfda.com/resources/supply-chain-manufacturing/production-directory/soft-goods-detroit/,https://cfda.com/resources/supply-chain-manufacturing/production-directory/soft-goods-detroit/,https://cfda.com/resources/supply-chain-manufacturing/production-directory/soft-goods-detroit/,,,cut_and_sew,CFDA Production Directory,CFDA,https://cfda.com/resources/supply-chain-manufacturing/production-directory/,Contact for quote
Softline Brand Partners,,,https://cfda.com/resources/supply-chain-manufacturing/production-directory/softline-brand-partners/,https://cfda.com/resources/supply-chain-manufacturing/production-directory/softline-brand-partners/,https://cfda.com/resources/supply-chain-manufacturing/production-directory/softline-brand-partners/,,,cut_and_sew,CFDA Production Directory,CFDA,https://cfda.com/resources/supply-chain-manufacturing/production-directory/,Contact for quote
"Software Studios, LLC",,,https://cfda.com/resources/supply-chain-manufacturing/production-directory/software-studios-llc/,https://cfda.com/resources/supply-chain-manufacturing/production-directory/software-studios-llc/,https://cfda.com/resources/supply-chain-manufacturing/production-directory/software-studios-llc/,,,cut_and_sew,CFDA Production Directory,CFDA,https://cfda.com/resources/supply-chain-manufacturing/production-directory/,Contact for quote
Somiya Fashion Inc.,,,https://cfda.com/resources/supply-chain-manufacturing/production-directory/somiya-fashion-inc/,https://cfda.com/resources/supply-chain-manufacturing/production-directory/somiya-fashion-inc/,https://cfda.com/resources/supply-chain-manufacturing/production-directory/somiya-fashion-inc/,,,cut_and_sew,CFDA Production Directory,CFDA,https://cfda.com/resources/supply-chain-manufacturing/production-directory/,Contact for quote
Sovereign Sky,,,https://cfda.com/resources/supply-chain-manufacturing/production-directory/sovereign-sky/,https://cfda.com/resources/supply-chain-manufacturing/production-directory/sovereign-sky/,https://cfda.com/resources/supply-chain-manufacturing/production-directory/sovereign-sky/,,,cut_and_sew,CFDA Production Directory,CFDA,https://cfda.com/resources/supply-chain-manufacturing/production-directory/,Contact for quote
Spoiled Rotten USA,,,https://cfda.com/resources/supply-chain-manufacturing/production-directory/spoiled-rotten-usa/,https://cfda.com/resources/supply-chain-manufacturing/production-directory/spoiled-rotten-usa/,https://cfda.com/resources/supply-chain-manufacturing/production-directory/spoiled-rotten-usa/,,,cut_and_sew,CFDA Production Directory,CFDA,https://cfda.com/resources/supply-chain-manufacturing/production-directory/,Contact for quote
Spring Studio,,,https://cfda.com/resources/supply-chain-manufacturing/production-directory/spring-studio/,https://cfda.com/resources/supply-chain-manufacturing/production-directory/spring-studio/,https://cfda.com/resources/supply-chain-manufacturing/production-directory/spring-studio/,,,cut_and_sew,CFDA Production Directory,CFDA,https://cfda.com/resources/supply-chain-manufacturing/production-directory/,Contact for quote
StartYourLine,,,https://cfda.com/resources/supply-chain-manufacturing/production-directory/startyourline/,https://cfda.com/resources/supply-chain-manufacturing/production-directory/startyourline/,https://cfda.com/resources/supply-chain-manufacturing/production-directory/startyourline/,,,cut_and_sew,CFDA Production Directory,CFDA,https://cfda.com/resources/supply-chain-manufacturing/production-directory/,Contact for quote
STC-QST,,,https://cfda.com/resources/supply-chain-manufacturing/production-directory/stc-qst/,https://cfda.com/resources/supply-chain-manufacturing/production-directory/stc-qst/,https://cfda.com/resources/supply-chain-manufacturing/production-directory/stc-qst/,,,cut_and_sew,CFDA Production Directory,CFDA,https://cfda.com/resources/supply-chain-manufacturing/production-directory/,Contact for quote
Stealth Labs,,,https://cfda.com/resources/supply-chain-manufacturing/production-directory/stealth-labs/,https://cfda.com/resources/supply-chain-manufacturing/production-directory/stealth-labs/,https://cfda.com/resources/supply-chain-manufacturing/production-directory/stealth-labs/,,,cut_and_sew,CFDA Production Directory,CFDA,https://cfda.com/resources/supply-chain-manufacturing/production-directory/,Contact for quote
Stellar Fashion Consulting,,,https://cfda.com/resources/supply-chain-manufacturing/production-directory/stellar-fashion-consulting/,https://cfda.com/resources/supply-chain-manufacturing/production-directory/stellar-fashion-consulting/,https://cfda.com/resources/supply-chain-manufacturing/production-directory/stellar-fashion-consulting/,,,cut_and_sew,CFDA Production Directory,CFDA,https://cfda.com/resources/supply-chain-manufacturing/production-directory/,Contact for quote
Stitch Luxe,,,https://cfda.com/resources/supply-chain-manufacturing/production-directory/stitch-luxe/,https://cfda.com/resources/supply-chain-manufacturing/production-directory/stitch-luxe/,https://cfda.com/resources/supply-chain-manufacturing/production-directory/stitch-luxe/,,,cut_and_sew,CFDA Production Directory,CFDA,https://cfda.com/resources/supply-chain-manufacturing/production-directory/,Contact for quote
Stitch Texas,,,https://cfda.com/resources/supply-chain-manufacturing/production-directory/stitch-texas/,https://cfda.com/resources/supply-chain-manufacturing/production-directory/stitch-texas/,https://cfda.com/resources/supply-chain-manufacturing/production-directory/stitch-texas/,,,cut_and_sew,CFDA Production Directory,CFDA,https://cfda.com/resources/supply-chain-manufacturing/production-directory/,Contact for quote
Stitch&Merch Industries,,,https://cfda.com/resources/supply-chain-manufacturing/production-directory/stitchmerch-industries/,https://cfda.com/resources/supply-chain-manufacturing/production-directory/stitchmerch-industries/,https://cfda.com/resources/supply-chain-manufacturing/production-directory/stitchmerch-industries/,,,cut_and_sew,CFDA Production Directory,CFDA,https://cfda.com/resources/supply-chain-manufacturing/production-directory/,Contact for quote
Stoll Fashion and Technology,,,https://cfda.com/resources/supply-chain-manufacturing/production-directory/stoll-fashion-and-technology/,https://cfda.com/resources/supply-chain-manufacturing/production-directory/stoll-fashion-and-technology/,https://cfda.com/resources/supply-chain-manufacturing/production-directory/stoll-fashion-and-technology/,,,cut_and_sew,CFDA Production Directory,CFDA,https://cfda.com/resources/supply-chain-manufacturing/production-directory/,Contact for quote
"Storytellers and Creators, Mfg. Co.",,,https://cfda.com/resources/supply-chain-manufacturing/production-directory/storytellers-and-creators-mfg-co/,https://cfda.com/resources/supply-chain-manufacturing/production-directory/storytellers-and-creators-mfg-co/,https://cfda.com/resources/supply-chain-manufacturing/production-directory/storytellers-and-creators-mfg-co/,,,cut_and_sew,CFDA Production Directory,CFDA,https://cfda.com/resources/supply-chain-manufacturing/production-directory/,Contact for quote
Studio One Leather Design,,,https://cfda.com/resources/supply-chain-manufacturing/production-directory/studio-one-leather-design/,https://cfda.com/resources/supply-chain-manufacturing/production-directory/studio-one-leather-design/,https://cfda.com/resources/supply-chain-manufacturing/production-directory/studio-one-leather-design/,,,cut_and_sew,CFDA Production Directory,CFDA,https://cfda.com/resources/supply-chain-manufacturing/production-directory/,Contact for quote
studio3eme,,,https://cfda.com/resources/supply-chain-manufacturing/production-directory/studio3eme/,https://cfda.com/resources/supply-chain-manufacturing/production-directory/studio3eme/,https://cfda.com/resources/supply-chain-manufacturing/production-directory/studio3eme/,,,cut_and_sew,CFDA Production Directory,CFDA,https://cfda.com/resources/supply-chain-manufacturing/production-directory/,Contact for quote
Studious Monday,,,https://cfda.com/resources/supply-chain-manufacturing/production-directory/studious-monday/,https://cfda.com/resources/supply-chain-manufacturing/production-directory/studious-monday/,https://cfda.com/resources/supply-chain-manufacturing/production-directory/studious-monday/,,,cut_and_sew,CFDA Production Directory,CFDA,https://cfda.com/resources/supply-chain-manufacturing/production-directory/,Contact for quote
STYLECOUNCIL,,,https://cfda.com/resources/supply-chain-manufacturing/production-directory/stylecouncil/,https://cfda.com/resources/supply-chain-manufacturing/production-directory/stylecouncil/,https://cfda.com/resources/supply-chain-manufacturing/production-directory/stylecouncil/,,,cut_and_sew,CFDA Production Directory,CFDA,https://cfda.com/resources/supply-chain-manufacturing/production-directory/,Contact for quote
Sun Fay Production Inc.,,,https://cfda.com/resources/supply-chain-manufacturing/production-directory/sun-fay-production-inc/,https://cfda.com/resources/supply-chain-manufacturing/production-directory/sun-fay-production-inc/,https://cfda.com/resources/supply-chain-manufacturing/production-directory/sun-fay-production-inc/,,,cut_and_sew,CFDA Production Directory,CFDA,https://cfda.com/resources/supply-chain-manufacturing/production-directory/,Contact for quote
SUNQUEST Enterprise,,,https://cfda.com/resources/supply-chain-manufacturing/production-directory/sunquest-enterprise/,https://cfda.com/resources/supply-chain-manufacturing/production-directory/sunquest-enterprise/,https://cfda.com/resources/supply-chain-manufacturing/production-directory/sunquest-enterprise/,,,cut_and_sew,CFDA Production Directory,CFDA,https://cfda.com/resources/supply-chain-manufacturing/production-directory/,Contact for quote
Sunrise Studio Inc.,,,https://cfda.com/resources/supply-chain-manufacturing/production-directory/sunrise-studio-inc/,https://cfda.com/resources/supply-chain-manufacturing/production-directory/sunrise-studio-inc/,https://cfda.com/resources/supply-chain-manufacturing/production-directory/sunrise-studio-inc/,,,cut_and_sew,CFDA Production Directory,CFDA,https://cfda.com/resources/supply-chain-manufacturing/production-directory/,Contact for quote
Super Rush Trims,,,https://cfda.com/resources/supply-chain-manufacturing/production-directory/super-rush-trims/,https://cfda.com/resources/supply-chain-manufacturing/production-directory/super-rush-trims/,https://cfda.com/resources/supply-chain-manufacturing/production-directory/super-rush-trims/,,,cut_and_sew,CFDA Production Directory,CFDA,https://cfda.com/resources/supply-chain-manufacturing/production-directory/,Contact for quote
Swag House,,,https://cfda.com/resources/supply-chain-manufacturing/production-directory/swag-house/,https://cfda.com/resources/supply-chain-manufacturing/production-directory/swag-house/,https://cfda.com/resources/supply-chain-manufacturing/production-directory/swag-house/,,,cut_and_sew,CFDA Production Directory,CFDA,https://cfda.com/resources/supply-chain-manufacturing/production-directory/,Contact for quote
SwatchHub,,,https://cfda.com/resources/supply-chain-manufacturing/production-directory/swatchhub/,https://cfda.com/resources/supply-chain-manufacturing/production-directory/swatchhub/,https://cfda.com/resources/supply-chain-manufacturing/production-directory/swatchhub/,,,cut_and_sew,CFDA Production Directory,CFDA,https://cfda.com/resources/supply-chain-manufacturing/production-directory/,Contact for quote
Syedasonda LLC,,,https://cfda.com/resources/supply-chain-manufacturing/production-directory/syedasonda-llc/,https://cfda.com/resources/supply-chain-manufacturing/production-directory/syedasonda-llc/,https://cfda.com/resources/supply-chain-manufacturing/production-directory/syedasonda-llc/,,,cut_and_sew,CFDA Production Directory,CFDA,https://cfda.com/resources/supply-chain-manufacturing/production-directory/,Contact for quote
Synergy Fashion Solutions,,,https://cfda.com/resources/supply-chain-manufacturing/production-directory/synergy-fashion-solutions/,https://cfda.com/resources/supply-chain-manufacturing/production-directory/synergy-fashion-solutions/,https://cfda.com/resources/supply-chain-manufacturing/production-directory/synergy-fashion-solutions/,,,cut_and_sew,CFDA Production Directory,CFDA,https://cfda.com/resources/supply-chain-manufacturing/production-directory/,Contact for quote
TAAS Inc.,,,https://cfda.com/resources/supply-chain-manufacturing/production-directory/taas-inc/,https://cfda.com/resources/supply-chain-manufacturing/production-directory/taas-inc/,https://cfda.com/resources/supply-chain-manufacturing/production-directory/taas-inc/,,,cut_and_sew,CFDA Production Directory,CFDA,https://cfda.com/resources/supply-chain-manufacturing/production-directory/,Contact for quote
Tabitha Fashion,,,https://cfda.com/resources/supply-chain-manufacturing/production-directory/tabitha-fashion/,https://cfda.com/resources/supply-chain-manufacturing/production-directory/tabitha-fashion/,https://cfda.com/resources/supply-chain-manufacturing/production-directory/tabitha-fashion/,,,cut_and_sew,CFDA Production Directory,CFDA,https://cfda.com/resources/supply-chain-manufacturing/production-directory/,Contact for quote
Tailored Industry,,,https://cfda.com/resources/supply-chain-manufacturing/production-directory/tailored-industry/,https://cfda.com/resources/supply-chain-manufacturing/production-directory/tailored-industry/,https://cfda.com/resources/supply-chain-manufacturing/production-directory/tailored-industry/,,,cut_and_sew,CFDA Production Directory,CFDA,https://cfda.com/resources/supply-chain-manufacturing/production-directory/,Contact for quote
TFSN Studio,,,https://cfda.com/resources/supply-chain-manufacturing/production-directory/tfsn-studio/,https://cfda.com/resources/supply-chain-manufacturing/production-directory/tfsn-studio/,https://cfda.com/resources/supply-chain-manufacturing/production-directory/tfsn-studio/,,,cut_and_sew,CFDA Production Directory,CFDA,https://cfda.com/resources/supply-chain-manufacturing/production-directory/,Contact for quote
The Chicago Pattern Maker,,,https://cfda.com/resources/supply-chain-manufacturing/production-directory/the-chicago-pattern-maker/,https://cfda.com/resources/supply-chain-manufacturing/production-directory/the-chicago-pattern-maker/,https://cfda.com/resources/supply-chain-manufacturing/production-directory/the-chicago-pattern-maker/,,,cut_and_sew,CFDA Production Directory,CFDA,https://cfda.com/resources/supply-chain-manufacturing/production-directory/,Contact for quote
The Collective Thread,,,https://cfda.com/resources/supply-chain-manufacturing/production-directory/the-collective-thread/,https://cfda.com/resources/supply-chain-manufacturing/production-directory/the-collective-thread/,https://cfda.com/resources/supply-chain-manufacturing/production-directory/the-collective-thread/,,,cut_and_sew,CFDA Production Directory,CFDA,https://cfda.com/resources/supply-chain-manufacturing/production-directory/,Contact for quote
The Evans Group (TEG),,,https://cfda.com/resources/supply-chain-manufacturing/production-directory/the-evans-group-teg/,https://cfda.com/resources/supply-chain-manufacturing/production-directory/the-evans-group-teg/,https://cfda.com/resources/supply-chain-manufacturing/production-directory/the-evans-group-teg/,,,cut_and_sew,CFDA Production Directory,CFDA,https://cfda.com/resources/supply-chain-manufacturing/production-directory/,Contact for quote
the factory buffalo,,,https://cfda.com/resources/supply-chain-manufacturing/production-directory/the-factory-buffalo/,https://cfda.com/resources/supply-chain-manufacturing/production-directory/the-factory-buffalo/,https://cfda.com/resources/supply-chain-manufacturing/production-directory/the-factory-buffalo/,,,cut_and_sew,CFDA Production Directory,CFDA,https://cfda.com/resources/supply-chain-manufacturing/production-directory/,Contact for quote
The Independent Project,,,https://cfda.com/resources/supply-chain-manufacturing/production-directory/the-independent-project/,https://cfda.com/resources/supply-chain-manufacturing/production-directory/the-independent-project/,https://cfda.com/resources/supply-chain-manufacturing/production-directory/the-independent-project/,,,cut_and_sew,CFDA Production Directory,CFDA,https://cfda.com/resources/supply-chain-manufacturing/production-directory/,Contact for quote
The LG Project,,,https://cfda.com/resources/supply-chain-manufacturing/production-directory/the-lg-project/,https://cfda.com/resources/supply-chain-manufacturing/production-directory/the-lg-project/,https://cfda.com/resources/supply-chain-manufacturing/production-directory/the-lg-project/,,,cut_and_sew,CFDA Production Directory,CFDA,https://cfda.com/resources/supply-chain-manufacturing/production-directory/,Contact for quote
The Sample Room,,,https://cfda.com/resources/supply-chain-manufacturing/production-directory/the-sample-room/,https://cfda.com/resources/supply-chain-manufacturing/production-directory/the-sample-room/,https://cfda.com/resources/supply-chain-manufacturing/production-directory/the-sample-room/,,,cut_and_sew,CFDA Production Directory,CFDA,https://cfda.com/resources/supply-chain-manufacturing/production-directory/,Contact for quote
The Seam Inc.,,,https://cfda.com/resources/supply-chain-manufacturing/production-directory/the-seam-inc/,https://cfda.com/resources/supply-chain-manufacturing/production-directory/the-seam-inc/,https://cfda.com/resources/supply-chain-manufacturing/production-directory/the-seam-inc/,,,cut_and_sew,CFDA Production Directory,CFDA,https://cfda.com/resources/supply-chain-manufacturing/production-directory/,Contact for quote
The Venise Lace Company,,,https://cfda.com/resources/supply-chain-manufacturing/production-directory/the-venise-lace-company/,https://cfda.com/resources/supply-chain-manufacturing/production-directory/the-venise-lace-company/,https://cfda.com/resources/supply-chain-manufacturing/production-directory/the-venise-lace-company/,,,cut_and_sew,CFDA Production Directory,CFDA,https://cfda.com/resources/supply-chain-manufacturing/production-directory/,Contact for quote
theTEN Atelier,,,https://cfda.com/resources/supply-chain-manufacturing/production-directory/theten-atelier/,https://cfda.com/resources/supply-chain-manufacturing/production-directory/theten-atelier/,https://cfda.com/resources/supply-chain-manufacturing/production-directory/theten-atelier/,,,cut_and_sew,CFDA Production Directory,CFDA,https://cfda.com/resources/supply-chain-manufacturing/production-directory/,Contact for quote
"Timberlake Studios, Inc",,,https://cfda.com/resources/supply-chain-manufacturing/production-directory/timberlake-studios-inc/,https://cfda.com/resources/supply-chain-manufacturing/production-directory/timberlake-studios-inc/,https://cfda.com/resources/supply-chain-manufacturing/production-directory/timberlake-studios-inc/,,,cut_and_sew,CFDA Production Directory,CFDA,https://cfda.com/resources/supply-chain-manufacturing/production-directory/,Contact for quote
TMC,,,https://cfda.com/resources/supply-chain-manufacturing/production-directory/tmc/,https://cfda.com/resources/supply-chain-manufacturing/production-directory/tmc/,https://cfda.com/resources/supply-chain-manufacturing/production-directory/tmc/,,,cut_and_sew,CFDA Production Directory,CFDA,https://cfda.com/resources/supply-chain-manufacturing/production-directory/,Contact for quote
TNA PATTERN SERVICES INC,,,https://cfda.com/resources/supply-chain-manufacturing/production-directory/tna-pattern-services-inc/,https://cfda.com/resources/supply-chain-manufacturing/production-directory/tna-pattern-services-inc/,https://cfda.com/resources/supply-chain-manufacturing/production-directory/tna-pattern-services-inc/,,,cut_and_sew,CFDA Production Directory,CFDA,https://cfda.com/resources/supply-chain-manufacturing/production-directory/,Contact for quote
Tom’s Sons International Pleating,,,https://cfda.com/resources/supply-chain-manufacturing/production-directory/toms-sons-international-pleating/,https://cfda.com/resources/supply-chain-manufacturing/production-directory/toms-sons-international-pleating/,https://cfda.com/resources/supply-chain-manufacturing/production-directory/toms-sons-international-pleating/,,,cut_and_sew,CFDA Production Directory,CFDA,https://cfda.com/resources/supply-chain-manufacturing/production-directory/,Contact for quote
Top Design NY,,,https://cfda.com/resources/supply-chain-manufacturing/production-directory/top-design-ny/,https://cfda.com/resources/supply-chain-manufacturing/production-directory/top-design-ny/,https://cfda.com/resources/supply-chain-manufacturing/production-directory/top-design-ny/,,,cut_and_sew,CFDA Production Directory,CFDA,https://cfda.com/resources/supply-chain-manufacturing/production-directory/,Contact for quote
Touka Fashion Fabric Repair & Touka USA,,,https://cfda.com/resources/supply-chain-manufacturing/production-directory/touka-fashion-fabric-repair-touka-usa/,https://cfda.com/resources/supply-chain-manufacturing/production-directory/touka-fashion-fabric-repair-touka-usa/,https://cfda.com/resources/supply-chain-manufacturing/production-directory/touka-fashion-fabric-repair-touka-usa/,,,cut_and_sew,CFDA Production Directory,CFDA,https://cfda.com/resources/supply-chain-manufacturing/production-directory/,Contact for quote
Trash Clothing,,,https://cfda.com/resources/supply-chain-manufacturing/production-directory/trash-clothing/,https://cfda.com/resources/supply-chain-manufacturing/production-directory/trash-clothing/,https://cfda.com/resources/supply-chain-manufacturing/production-directory/trash-clothing/,,,cut_and_sew,CFDA Production Directory,CFDA,https://cfda.com/resources/supply-chain-manufacturing/production-directory/,Contact for quote
Tri-Mart Designs Ltd.,,,https://cfda.com/resources/supply-chain-manufacturing/production-directory/tri-mart-designs-ltd/,https://cfda.com/resources/supply-chain-manufacturing/production-directory/tri-mart-designs-ltd/,https://cfda.com/resources/supply-chain-manufacturing/production-directory/tri-mart-designs-ltd/,,,cut_and_sew,CFDA Production Directory,CFDA,https://cfda.com/resources/supply-chain-manufacturing/production-directory/,Contact for quote
Trim Knowtions,,,https://cfda.com/resources/supply-chain-manufacturing/production-directory/trim-knowtions/,https://cfda.com/resources/supply-chain-manufacturing/production-directory/trim-knowtions/,https://cfda.com/resources/supply-chain-manufacturing/production-directory/trim-knowtions/,,,cut_and_sew,CFDA Production Directory,CFDA,https://cfda.com/resources/supply-chain-manufacturing/production-directory/,Contact for quote
TrimLab,,,https://cfda.com/resources/supply-chain-manufacturing/production-directory/trimlab/,https://cfda.com/resources/supply-chain-manufacturing/production-directory/trimlab/,https://cfda.com/resources/supply-chain-manufacturing/production-directory/trimlab/,,,cut_and_sew,CFDA Production Directory,CFDA,https://cfda.com/resources/supply-chain-manufacturing/production-directory/,Contact for quote
Tuscarora Mills,,,https://cfda.com/resources/supply-chain-manufacturing/production-directory/tuscarora-mills/,https://cfda.com/resources/supply-chain-manufacturing/production-directory/tuscarora-mills/,https://cfda.com/resources/supply-chain-manufacturing/production-directory/tuscarora-mills/,,,cut_and_sew,CFDA Production Directory,CFDA,https://cfda.com/resources/supply-chain-manufacturing/production-directory/,Contact for quote
"TWO ONE TWO NEW YORK, INC.",,,https://cfda.com/resources/supply-chain-manufacturing/production-directory/two-one-two-new-york-inc/,https://cfda.com/resources/supply-chain-manufacturing/production-directory/two-one-two-new-york-inc/,https://cfda.com/resources/supply-chain-manufacturing/production-directory/two-one-two-new-york-inc/,,,cut_and_sew,CFDA Production Directory,CFDA,https://cfda.com/resources/supply-chain-manufacturing/production-directory/,Contact for quote
UCAN Zippers,,,https://cfda.com/resources/supply-chain-manufacturing/production-directory/ucan-zippers/,https://cfda.com/resources/supply-chain-manufacturing/production-directory/ucan-zippers/,https://cfda.com/resources/supply-chain-manufacturing/production-directory/ucan-zippers/,,,cut_and_sew,CFDA Production Directory,CFDA,https://cfda.com/resources/supply-chain-manufacturing/production-directory/,Contact for quote
Unimas Swimwear Inc.,,,https://cfda.com/resources/supply-chain-manufacturing/production-directory/unimas-swimwear-inc/,https://cfda.com/resources/supply-chain-manufacturing/production-directory/unimas-swimwear-inc/,https://cfda.com/resources/supply-chain-manufacturing/production-directory/unimas-swimwear-inc/,,,cut_and_sew,CFDA Production Directory,CFDA,https://cfda.com/resources/supply-chain-manufacturing/production-directory/,Contact for quote
Universal Elliot,,,https://cfda.com/resources/supply-chain-manufacturing/production-directory/universal-elliot/,https://cfda.com/resources/supply-chain-manufacturing/production-directory/universal-elliot/,https://cfda.com/resources/supply-chain-manufacturing/production-directory/universal-elliot/,,,cut_and_sew,CFDA Production Directory,CFDA,https://cfda.com/resources/supply-chain-manufacturing/production-directory/,Contact for quote
unspun,,,https://cfda.com/resources/supply-chain-manufacturing/production-directory/unspun/,https://cfda.com/resources/supply-chain-manufacturing/production-directory/unspun/,https://cfda.com/resources/supply-chain-manufacturing/production-directory/unspun/,,,cut_and_sew,CFDA Production Directory,CFDA,https://cfda.com/resources/supply-chain-manufacturing/production-directory/,Contact for quote
Uny Apparel Inc.,,,https://cfda.com/resources/supply-chain-manufacturing/production-directory/uny-apparel-inc/,https://cfda.com/resources/supply-chain-manufacturing/production-directory/uny-apparel-inc/,https://cfda.com/resources/supply-chain-manufacturing/production-directory/uny-apparel-inc/,,,cut_and_sew,CFDA Production Directory,CFDA,https://cfda.com/resources/supply-chain-manufacturing/production-directory/,Contact for quote
Variant Malibu,,,https://cfda.com/resources/supply-chain-manufacturing/production-directory/variant-malibu/,https://cfda.com/resources/supply-chain-manufacturing/production-directory/variant-malibu/,https://cfda.com/resources/supply-chain-manufacturing/production-directory/variant-malibu/,,,cut_and_sew,CFDA Production Directory,CFDA,https://cfda.com/resources/supply-chain-manufacturing/production-directory/,Contact for quote
Veje Leather Inc,,,https://cfda.com/resources/supply-chain-manufacturing/production-directory/veje-leather-inc/,https://cfda.com/resources/supply-chain-manufacturing/production-directory/veje-leather-inc/,https://cfda.com/resources/supply-chain-manufacturing/production-directory/veje-leather-inc/,,,cut_and_sew,CFDA Production Directory,CFDA,https://cfda.com/resources/supply-chain-manufacturing/production-directory/,Contact for quote
Virtual Apparel Solutions,,,https://cfda.com/resources/supply-chain-manufacturing/production-directory/virtual-apparel-solutions/,https://cfda.com/resources/supply-chain-manufacturing/production-directory/virtual-apparel-solutions/,https://cfda.com/resources/supply-chain-manufacturing/production-directory/virtual-apparel-solutions/,,,cut_and_sew,CFDA Production Directory,CFDA,https://cfda.com/resources/supply-chain-manufacturing/production-directory/,Contact for quote
VIVA BAGS OF CALIFORNIA,,,https://cfda.com/resources/supply-chain-manufacturing/production-directory/viva-bags-of-california/,https://cfda.com/resources/supply-chain-manufacturing/production-directory/viva-bags-of-california/,https://cfda.com/resources/supply-chain-manufacturing/production-directory/viva-bags-of-california/,,,cut_and_sew,CFDA Production Directory,CFDA,https://cfda.com/resources/supply-chain-manufacturing/production-directory/,Contact for quote
Vogel Fashion NYC,,,https://cfda.com/resources/supply-chain-manufacturing/production-directory/vogel-fashion-nyc/,https://cfda.com/resources/supply-chain-manufacturing/production-directory/vogel-fashion-nyc/,https://cfda.com/resources/supply-chain-manufacturing/production-directory/vogel-fashion-nyc/,,,cut_and_sew,CFDA Production Directory,CFDA,https://cfda.com/resources/supply-chain-manufacturing/production-directory/,Contact for quote
"Vogue Too Pleating, Stitching & Embroidery Inc.",,,https://cfda.com/resources/supply-chain-manufacturing/production-directory/vogue-too-pleating-stitching-embroidery-inc/,https://cfda.com/resources/supply-chain-manufacturing/production-directory/vogue-too-pleating-stitching-embroidery-inc/,https://cfda.com/resources/supply-chain-manufacturing/production-directory/vogue-too-pleating-stitching-embroidery-inc/,,,cut_and_sew,CFDA Production Directory,CFDA,https://cfda.com/resources/supply-chain-manufacturing/production-directory/,Contact for quote
Western Carolina Sewing Company,,,https://cfda.com/resources/supply-chain-manufacturing/production-directory/western-carolina-sewing-company/,https://cfda.com/resources/supply-chain-manufacturing/production-directory/western-carolina-sewing-company/,https://cfda.com/resources/supply-chain-manufacturing/production-directory/western-carolina-sewing-company/,,,cut_and_sew,CFDA Production Directory,CFDA,https://cfda.com/resources/supply-chain-manufacturing/production-directory/,Contact for quote
WGG Cut & Sew Ltd.,,,https://cfda.com/resources/supply-chain-manufacturing/production-directory/wgg-cut-sew-ltd/,https://cfda.com/resources/supply-chain-manufacturing/production-directory/wgg-cut-sew-ltd/,https://cfda.com/resources/supply-chain-manufacturing/production-directory/wgg-cut-sew-ltd/,,,cut_and_sew,CFDA Production Directory,CFDA,https://cfda.com/resources/supply-chain-manufacturing/production-directory/,Contact for quote
Wing & Weft Gloves,,,https://cfda.com/resources/supply-chain-manufacturing/production-directory/wing-weft-gloves/,https://cfda.com/resources/supply-chain-manufacturing/production-directory/wing-weft-gloves/,https://cfda.com/resources/supply-chain-manufacturing/production-directory/wing-weft-gloves/,,,cut_and_sew,CFDA Production Directory,CFDA,https://cfda.com/resources/supply-chain-manufacturing/production-directory/,Contact for quote
XOMOX Jewelry Inc,,,https://cfda.com/resources/supply-chain-manufacturing/production-directory/xomox-jewelry-inc/,https://cfda.com/resources/supply-chain-manufacturing/production-directory/xomox-jewelry-inc/,https://cfda.com/resources/supply-chain-manufacturing/production-directory/xomox-jewelry-inc/,,,cut_and_sew,CFDA Production Directory,CFDA,https://cfda.com/resources/supply-chain-manufacturing/production-directory/,Contact for quote
Y&J Pattern Inc.,,,https://cfda.com/resources/supply-chain-manufacturing/production-directory/yj-pattern-inc/,https://cfda.com/resources/supply-chain-manufacturing/production-directory/yj-pattern-inc/,https://cfda.com/resources/supply-chain-manufacturing/production-directory/yj-pattern-inc/,,,cut_and_sew,CFDA Production Directory,CFDA,https://cfda.com/resources/supply-chain-manufacturing/production-directory/,Contact for quote
YMA Group Ltd.,,,https://cfda.com/resources/supply-chain-manufacturing/production-directory/yma-group-ltd/,https://cfda.com/resources/supply-chain-manufacturing/production-directory/yma-group-ltd/,https://cfda.com/resources/supply-chain-manufacturing/production-directory/yma-group-ltd/,,,cut_and_sew,CFDA Production Directory,CFDA,https://cfda.com/resources/supply-chain-manufacturing/production-directory/,Contact for quote
Yor Atelier,,,https://cfda.com/resources/supply-chain-manufacturing/production-directory/yor-atelier/,https://cfda.com/resources/supply-chain-manufacturing/production-directory/yor-atelier/,https://cfda.com/resources/supply-chain-manufacturing/production-directory/yor-atelier/,,,cut_and_sew,CFDA Production Directory,CFDA,https://cfda.com/resources/supply-chain-manufacturing/production-directory/,Contact for quote
Zion Dress Inc,,,https://cfda.com/resources/supply-chain-manufacturing/production-directory/zion-dress-inc/,https://cfda.com/resources/supply-chain-manufacturing/production-directory/zion-dress-inc/,https://cfda.com/resources/supply-chain-manufacturing/production-directory/zion-dress-inc/,,,cut_and_sew,CFDA Production Directory,CFDA,https://cfda.com/resources/supply-chain-manufacturing/production-directory/,Contact for quote
Zoila’s Sample Room Inc.,,,https://cfda.com/resources/supply-chain-manufacturing/production-directory/zoilas-sample-room-inc/,https://cfda.com/resources/supply-chain-manufacturing/production-directory/zoilas-sample-room-inc/,https://cfda.com/resources/supply-chain-manufacturing/production-directory/zoilas-sample-room-inc/,,,cut_and_sew,CFDA Production Directory,CFDA,https://cfda.com/resources/supply-chain-manufacturing/production-directory/,Contact for quote
Zouhir NYC,,,https://cfda.com/resources/supply-chain-manufacturing/production-directory/zouhir-nyc/,https://cfda.com/resources/supply-chain-manufacturing/production-directory/zouhir-nyc/,https://cfda.com/resources/supply-chain-manufacturing/production-directory/zouhir-nyc/,,,cut_and_sew,CFDA Production Directory,CFDA,https://cfda.com/resources/supply-chain-manufacturing/production-directory/,Contact for quote
"Accent Awnings, Inc.",Andrews,NC,https://www.manufacturednc.com/Accent-Awnings-Inc,https://www.manufacturednc.com/Accent-Awnings-Inc,https://www.manufacturednc.com/Accent-Awnings-Inc,,,manufacturer,ManufacturedNC,ManufacturedNC,https://www.manufacturednc.com/,Contact for quote
Acme-McCrary Corporation,Asheboro,NC,https://www.manufacturednc.com/Acme-McCrary,https://www.manufacturednc.com/Acme-McCrary,https://www.manufacturednc.com/Acme-McCrary,,,manufacturer,ManufacturedNC,ManufacturedNC,https://www.manufacturednc.com/,Contact for quote
ADALÉI,Raleigh,NC,https://www.manufacturednc.com/adali,https://www.manufacturednc.com/adali,https://www.manufacturednc.com/adali,,,manufacturer,ManufacturedNC,ManufacturedNC,https://www.manufacturednc.com/,Contact for quote
AEC Narrow Fabrics,Asheboro,NC,https://www.manufacturednc.com/AEC-Narrow-Fabrics,https://www.manufacturednc.com/AEC-Narrow-Fabrics,https://www.manufacturednc.com/AEC-Narrow-Fabrics,,,manufacturer,ManufacturedNC,ManufacturedNC,https://www.manufacturednc.com/,Contact for quote
American & Efird LLC,Mt. Holly,NC,https://www.manufacturednc.com/American-and-Efird-LLC,https://www.manufacturednc.com/American-and-Efird-LLC,https://www.manufacturednc.com/American-and-Efird-LLC,,,manufacturer,ManufacturedNC,ManufacturedNC,https://www.manufacturednc.com/,Contact for quote
American Fiber & Finishing,Albemarle,NC,https://www.manufacturednc.com/American-Fiber-and-Finishing,https://www.manufacturednc.com/American-Fiber-and-Finishing,https://www.manufacturednc.com/American-Fiber-and-Finishing,,,manufacturer,ManufacturedNC,ManufacturedNC,https://www.manufacturednc.com/,Contact for quote
"American Technical Solutions, Inc. (ATSI)",Walkertown,NC,https://www.manufacturednc.com/American-Technical-Solutions-Inc,https://www.manufacturednc.com/American-Technical-Solutions-Inc,https://www.manufacturednc.com/American-Technical-Solutions-Inc,,,manufacturer,ManufacturedNC,ManufacturedNC,https://www.manufacturednc.com/,Contact for quote
American Webbing and Fittings,Winston Salem,NC,https://www.manufacturednc.com/american-webbing-and-fittings,https://www.manufacturednc.com/american-webbing-and-fittings,https://www.manufacturednc.com/american-webbing-and-fittings,,,manufacturer,ManufacturedNC,ManufacturedNC,https://www.manufacturednc.com/,Contact for quote
"Amerifab International, Inc.",High Point,NC,https://www.manufacturednc.com/Amerifab-International,https://www.manufacturednc.com/Amerifab-International,https://www.manufacturednc.com/Amerifab-International,,,manufacturer,ManufacturedNC,ManufacturedNC,https://www.manufacturednc.com/,Contact for quote
Apex Mills,Graham,NC,https://www.manufacturednc.com/apex-mills,https://www.manufacturednc.com/apex-mills,https://www.manufacturednc.com/apex-mills,,,manufacturer,ManufacturedNC,ManufacturedNC,https://www.manufacturednc.com/,Contact for quote
Artistic Quilting,High Point,NC,https://www.manufacturednc.com/crawford-industries-inc-dba-artistic-quilting,https://www.manufacturednc.com/crawford-industries-inc-dba-artistic-quilting,https://www.manufacturednc.com/crawford-industries-inc-dba-artistic-quilting,,,manufacturer,ManufacturedNC,ManufacturedNC,https://www.manufacturednc.com/,Contact for quote
Ashton LLC,Gibsonville,NC,https://www.manufacturednc.com/ashton-llc,https://www.manufacturednc.com/ashton-llc,https://www.manufacturednc.com/ashton-llc,,,manufacturer,ManufacturedNC,ManufacturedNC,https://www.manufacturednc.com/,Contact for quote
Avgol Americas,Mocksville,NC,https://www.manufacturednc.com/avgol-americas,https://www.manufacturednc.com/avgol-americas,https://www.manufacturednc.com/avgol-americas,,,manufacturer,ManufacturedNC,ManufacturedNC,https://www.manufacturednc.com/,Contact for quote
Avient Fiber-LIne,"Hickory, 28602 USA",NC,https://www.manufacturednc.com/avient-fiber-line,https://www.manufacturednc.com/avient-fiber-line,https://www.manufacturednc.com/avient-fiber-line,,,manufacturer,ManufacturedNC,ManufacturedNC,https://www.manufacturednc.com/,Contact for quote
"Ballistic Recovery Systems, Inc dba BRS Aerospace",Pinebluff,NC,https://www.manufacturednc.com/Ballistic-Recovery-Systems-Inc,https://www.manufacturednc.com/Ballistic-Recovery-Systems-Inc,https://www.manufacturednc.com/Ballistic-Recovery-Systems-Inc,,,manufacturer,ManufacturedNC,ManufacturedNC,https://www.manufacturednc.com/,Contact for quote
Barnhardt Manufacturing Company,Charlotte,NC,https://www.manufacturednc.com/barnhardt-manufacturing-company,https://www.manufacturednc.com/barnhardt-manufacturing-company,https://www.manufacturednc.com/barnhardt-manufacturing-company,,,manufacturer,ManufacturedNC,ManufacturedNC,https://www.manufacturednc.com/,Contact for quote
Beocare Inc.,Hudson,NC,https://www.manufacturednc.com/Beocare-Inc,https://www.manufacturednc.com/Beocare-Inc,https://www.manufacturednc.com/Beocare-Inc,,,manufacturer,ManufacturedNC,ManufacturedNC,https://www.manufacturednc.com/,Contact for quote
"BIRCH BROS. SOUTHERN, INC.",WAXHAW,NC,https://www.manufacturednc.com/birch-bros-southern-inc,https://www.manufacturednc.com/birch-bros-southern-inc,https://www.manufacturednc.com/birch-bros-southern-inc,,,manufacturer,ManufacturedNC,ManufacturedNC,https://www.manufacturednc.com/,Contact for quote
BMA Manufacturing,Burlington,NC,https://www.manufacturednc.com/bma-manufacturing,https://www.manufacturednc.com/bma-manufacturing,https://www.manufacturednc.com/bma-manufacturing,,,manufacturer,ManufacturedNC,ManufacturedNC,https://www.manufacturednc.com/,Contact for quote
Boardroom Socks Inc.,Charlotte,NC,https://www.manufacturednc.com/boardroom-socks-inc,https://www.manufacturednc.com/boardroom-socks-inc,https://www.manufacturednc.com/boardroom-socks-inc,,,manufacturer,ManufacturedNC,ManufacturedNC,https://www.manufacturednc.com/,Contact for quote
BOSSONG MEDICAL,Asheboro,NC,https://www.manufacturednc.com/bossong-medical,https://www.manufacturednc.com/bossong-medical,https://www.manufacturednc.com/bossong-medical,,,manufacturer,ManufacturedNC,ManufacturedNC,https://www.manufacturednc.com/,Contact for quote
Brilliant You Denim,Greensboro,NC,https://www.manufacturednc.com/brilliant-you-denim,https://www.manufacturednc.com/brilliant-you-denim,https://www.manufacturednc.com/brilliant-you-denim,,,manufacturer,ManufacturedNC,ManufacturedNC,https://www.manufacturednc.com/,Contact for quote
BST Tape Co. LLC,Hickory,NC,https://www.manufacturednc.com/BST-Tape-Co,https://www.manufacturednc.com/BST-Tape-Co,https://www.manufacturednc.com/BST-Tape-Co,,,manufacturer,ManufacturedNC,ManufacturedNC,https://www.manufacturednc.com/,Contact for quote
Capel Incorporated,Troy,NC,https://www.manufacturednc.com/Capel-Incorporated,https://www.manufacturednc.com/Capel-Incorporated,https://www.manufacturednc.com/Capel-Incorporated,,,manufacturer,ManufacturedNC,ManufacturedNC,https://www.manufacturednc.com/,Contact for quote
Carolina Glove Company,Conover,NC,https://www.manufacturednc.com/Carolina-Glove-Company,https://www.manufacturednc.com/Carolina-Glove-Company,https://www.manufacturednc.com/Carolina-Glove-Company,,,manufacturer,ManufacturedNC,ManufacturedNC,https://www.manufacturednc.com/,Contact for quote
Carolina Nonwovens Company,Maiden,NC,https://www.manufacturednc.com/Carolina-Nonwovens-Company,https://www.manufacturednc.com/Carolina-Nonwovens-Company,https://www.manufacturednc.com/Carolina-Nonwovens-Company,,,manufacturer,ManufacturedNC,ManufacturedNC,https://www.manufacturednc.com/,Contact for quote
"Carriff Corporation, Inc.",Midland,NC,https://www.manufacturednc.com/carriff-corporation-inc,https://www.manufacturednc.com/carriff-corporation-inc,https://www.manufacturednc.com/carriff-corporation-inc,,,manufacturer,ManufacturedNC,ManufacturedNC,https://www.manufacturednc.com/,Contact for quote
"Century Hosiery, Inc.",Denton,NC,https://www.manufacturednc.com/century-hosiery-inc,https://www.manufacturednc.com/century-hosiery-inc,https://www.manufacturednc.com/century-hosiery-inc,,,manufacturer,ManufacturedNC,ManufacturedNC,https://www.manufacturednc.com/,Contact for quote
Colortex USA,Gastonia,NC,https://www.manufacturednc.com/Colortex-USA,https://www.manufacturednc.com/Colortex-USA,https://www.manufacturednc.com/Colortex-USA,,,manufacturer,ManufacturedNC,ManufacturedNC,https://www.manufacturednc.com/,Contact for quote
Composite Fabrics Of America,Taylorsville,NC,https://www.manufacturednc.com/Composite-Fabrics-Of-America,https://www.manufacturednc.com/Composite-Fabrics-Of-America,https://www.manufacturednc.com/Composite-Fabrics-Of-America,,,manufacturer,ManufacturedNC,ManufacturedNC,https://www.manufacturednc.com/,Contact for quote
Conitex Sonoco,Gastonia,NC,https://www.manufacturednc.com/Conitex-Sonoco,https://www.manufacturednc.com/Conitex-Sonoco,https://www.manufacturednc.com/Conitex-Sonoco,,,manufacturer,ManufacturedNC,ManufacturedNC,https://www.manufacturednc.com/,Contact for quote
Contempora Fabrics,Lumberton,NC,https://www.manufacturednc.com/Contempora-Fabrics,https://www.manufacturednc.com/Contempora-Fabrics,https://www.manufacturednc.com/Contempora-Fabrics,,,manufacturer,ManufacturedNC,ManufacturedNC,https://www.manufacturednc.com/,Contact for quote
Coveritup,Fayetteville,NC,https://www.manufacturednc.com/CoverItUp,https://www.manufacturednc.com/CoverItUp,https://www.manufacturednc.com/CoverItUp,,,manufacturer,ManufacturedNC,ManufacturedNC,https://www.manufacturednc.com/,Contact for quote
Coville,Winston-Salem NC,NC,https://www.manufacturednc.com/Coville,https://www.manufacturednc.com/Coville,https://www.manufacturednc.com/Coville,,,manufacturer,ManufacturedNC,ManufacturedNC,https://www.manufacturednc.com/,Contact for quote
"Created Crochet's, inc.",winston salem,NC,https://www.manufacturednc.com/created-crochets-inc,https://www.manufacturednc.com/created-crochets-inc,https://www.manufacturednc.com/created-crochets-inc,,,manufacturer,ManufacturedNC,ManufacturedNC,https://www.manufacturednc.com/,Contact for quote
"Dalco Nonwovens, LLC",Conover,NC,https://www.manufacturednc.com/DalcoNonwovens,https://www.manufacturednc.com/DalcoNonwovens,https://www.manufacturednc.com/DalcoNonwovens,,,manufacturer,ManufacturedNC,ManufacturedNC,https://www.manufacturednc.com/,Contact for quote
Diamond Apparel,Advance,NC,https://www.manufacturednc.com/Diamond-Apparel,https://www.manufacturednc.com/Diamond-Apparel,https://www.manufacturednc.com/Diamond-Apparel,,,manufacturer,ManufacturedNC,ManufacturedNC,https://www.manufacturednc.com/,Contact for quote
Dirtball,Hickory,NC,https://www.manufacturednc.com/Dirtball,https://www.manufacturednc.com/Dirtball,https://www.manufacturednc.com/Dirtball,,,manufacturer,ManufacturedNC,ManufacturedNC,https://www.manufacturednc.com/,Contact for quote
Domestic Fabrics and Blankets Corp,Kinston,NC,https://www.manufacturednc.com/DomesticFabricsBlanketsCorp,https://www.manufacturednc.com/DomesticFabricsBlanketsCorp,https://www.manufacturednc.com/DomesticFabricsBlanketsCorp,,,manufacturer,ManufacturedNC,ManufacturedNC,https://www.manufacturednc.com/,Contact for quote
Draperies By Townes,Raleigh,NC,https://www.manufacturednc.com/Draperies-By-Townes,https://www.manufacturednc.com/Draperies-By-Townes,https://www.manufacturednc.com/Draperies-By-Townes,,,manufacturer,ManufacturedNC,ManufacturedNC,https://www.manufacturednc.com/,Contact for quote
Dunn Manufacturing,Monroe,NC,https://www.manufacturednc.com/Dunn-Manufacturing,https://www.manufacturednc.com/Dunn-Manufacturing,https://www.manufacturednc.com/Dunn-Manufacturing,,,manufacturer,ManufacturedNC,ManufacturedNC,https://www.manufacturednc.com/,Contact for quote
"Dynayarn USA, LLC",Graham,NC,https://www.manufacturednc.com/Dynayarn-USA-LLC,https://www.manufacturednc.com/Dynayarn-USA-LLC,https://www.manufacturednc.com/Dynayarn-USA-LLC,,,manufacturer,ManufacturedNC,ManufacturedNC,https://www.manufacturednc.com/,Contact for quote
Echoview Industries,Weaverville,NC,https://www.manufacturednc.com/Echoview-Industries,https://www.manufacturednc.com/Echoview-Industries,https://www.manufacturednc.com/Echoview-Industries,,,manufacturer,ManufacturedNC,ManufacturedNC,https://www.manufacturednc.com/,Contact for quote
Elastic Therapy or ETI,Asheboro,NC,https://www.manufacturednc.com/elastic-therapy-or-eti,https://www.manufacturednc.com/elastic-therapy-or-eti,https://www.manufacturednc.com/elastic-therapy-or-eti,,,manufacturer,ManufacturedNC,ManufacturedNC,https://www.manufacturednc.com/,Contact for quote
Elite Cushion Co.,Conover,NC,https://www.manufacturednc.com/elite-cushion-co,https://www.manufacturednc.com/elite-cushion-co,https://www.manufacturednc.com/elite-cushion-co,,,manufacturer,ManufacturedNC,ManufacturedNC,https://www.manufacturednc.com/,Contact for quote
"Everest Textile USA, LLC",Forest City,NC,https://www.manufacturednc.com/everest-textile-usa-llc,https://www.manufacturednc.com/everest-textile-usa-llc,https://www.manufacturednc.com/everest-textile-usa-llc,,,manufacturer,ManufacturedNC,ManufacturedNC,https://www.manufacturednc.com/,Contact for quote
Excelsior Sewing LLC,Fletcher,NC,https://www.manufacturednc.com/excelsior-sewing-llc,https://www.manufacturednc.com/excelsior-sewing-llc,https://www.manufacturednc.com/excelsior-sewing-llc,,,manufacturer,ManufacturedNC,ManufacturedNC,https://www.manufacturednc.com/,Contact for quote
Falcon&Wagen,Durham,NC,https://www.manufacturednc.com/Falcon_Wagen,https://www.manufacturednc.com/Falcon_Wagen,https://www.manufacturednc.com/Falcon_Wagen,,,manufacturer,ManufacturedNC,ManufacturedNC,https://www.manufacturednc.com/,Contact for quote
Filtec Precise,Tabor City,NC,https://www.manufacturednc.com/filtec-precise,https://www.manufacturednc.com/filtec-precise,https://www.manufacturednc.com/filtec-precise,,,manufacturer,ManufacturedNC,ManufacturedNC,https://www.manufacturednc.com/,Contact for quote
Firefly Studio,Clyde,NC,https://www.manufacturednc.com/firefly-studio,https://www.manufacturednc.com/firefly-studio,https://www.manufacturednc.com/firefly-studio,,,manufacturer,ManufacturedNC,ManufacturedNC,https://www.manufacturednc.com/,Contact for quote
Fisher Textiles,Matthews,NC,https://www.manufacturednc.com/Fisher-Textiles,https://www.manufacturednc.com/Fisher-Textiles,https://www.manufacturednc.com/Fisher-Textiles,,,manufacturer,ManufacturedNC,ManufacturedNC,https://www.manufacturednc.com/,Contact for quote
"Flynt Amtex, Inc.",Burlington,NC,https://www.manufacturednc.com/flynt-amtex-inc,https://www.manufacturednc.com/flynt-amtex-inc,https://www.manufacturednc.com/flynt-amtex-inc,,,manufacturer,ManufacturedNC,ManufacturedNC,https://www.manufacturednc.com/,Contact for quote
Founder Sport Group,Statesville,NC,https://www.manufacturednc.com/founder-sport-group,https://www.manufacturednc.com/founder-sport-group,https://www.manufacturednc.com/founder-sport-group,,,manufacturer,ManufacturedNC,ManufacturedNC,https://www.manufacturednc.com/,Contact for quote
Frontier Yarns,Sanford,NC,https://www.manufacturednc.com/frontier-yarns,https://www.manufacturednc.com/frontier-yarns,https://www.manufacturednc.com/frontier-yarns,,,manufacturer,ManufacturedNC,ManufacturedNC,https://www.manufacturednc.com/,Contact for quote
"Fuller Specialty Co.,Inc.",Burlington,NC,https://www.manufacturednc.com/Fuller-Specialty-Co-Inc,https://www.manufacturednc.com/Fuller-Specialty-Co-Inc,https://www.manufacturednc.com/Fuller-Specialty-Co-Inc,,,manufacturer,ManufacturedNC,ManufacturedNC,https://www.manufacturednc.com/,Contact for quote
Grace Apparel Company,Black Mountain,NC,https://www.manufacturednc.com/grace-apparel-company,https://www.manufacturednc.com/grace-apparel-company,https://www.manufacturednc.com/grace-apparel-company,,,manufacturer,ManufacturedNC,ManufacturedNC,https://www.manufacturednc.com/,Contact for quote
Granite Knitwear dba Cal Cru,Granite Quarry,NC,https://www.manufacturednc.com/Cal-Cru,https://www.manufacturednc.com/Cal-Cru,https://www.manufacturednc.com/Cal-Cru,,,manufacturer,ManufacturedNC,ManufacturedNC,https://www.manufacturednc.com/,Contact for quote
"Hawk Distributors, Inc",Sanford,NC,https://www.manufacturednc.com/Hawk-Distributors-Inc,https://www.manufacturednc.com/Hawk-Distributors-Inc,https://www.manufacturednc.com/Hawk-Distributors-Inc,,,manufacturer,ManufacturedNC,ManufacturedNC,https://www.manufacturednc.com/,Contact for quote
Hem Mills inc.,Concord,NC,https://www.manufacturednc.com/hem-mills-inc,https://www.manufacturednc.com/hem-mills-inc,https://www.manufacturednc.com/hem-mills-inc,,,manufacturer,ManufacturedNC,ManufacturedNC,https://www.manufacturednc.com/,Contact for quote
"Heritage Classic Wovens, LLC.",Forest City,NC,https://www.manufacturednc.com/Heritage-Classic-Wovens,https://www.manufacturednc.com/Heritage-Classic-Wovens,https://www.manufacturednc.com/Heritage-Classic-Wovens,,,manufacturer,ManufacturedNC,ManufacturedNC,https://www.manufacturednc.com/,Contact for quote
"Hickory Brands, Inc",Hickory,NC,https://www.manufacturednc.com/Hickory-Brands-INC,https://www.manufacturednc.com/Hickory-Brands-INC,https://www.manufacturednc.com/Hickory-Brands-INC,,,manufacturer,ManufacturedNC,ManufacturedNC,https://www.manufacturednc.com/,Contact for quote
High Rock Hosiery Inc,Lexington,NC,https://www.manufacturednc.com/High-Rock-Hosiery,https://www.manufacturednc.com/High-Rock-Hosiery,https://www.manufacturednc.com/High-Rock-Hosiery,,,manufacturer,ManufacturedNC,ManufacturedNC,https://www.manufacturednc.com/,Contact for quote
High Speed Gear,Swansboro,NC,https://www.manufacturednc.com/High-Speed-Gear,https://www.manufacturednc.com/High-Speed-Gear,https://www.manufacturednc.com/High-Speed-Gear,,,manufacturer,ManufacturedNC,ManufacturedNC,https://www.manufacturednc.com/,Contact for quote
"Holt Hosiery Mills, Inc.",Burlington,NC,https://www.manufacturednc.com/Holt-Hosiery-Mills,https://www.manufacturednc.com/Holt-Hosiery-Mills,https://www.manufacturednc.com/Holt-Hosiery-Mills,,,manufacturer,ManufacturedNC,ManufacturedNC,https://www.manufacturednc.com/,Contact for quote
"Hornwood, Inc.",Lilesville,NC,https://www.manufacturednc.com/Hornwood-Inc,https://www.manufacturednc.com/Hornwood-Inc,https://www.manufacturednc.com/Hornwood-Inc,,,manufacturer,ManufacturedNC,ManufacturedNC,https://www.manufacturednc.com/,Contact for quote
Huitt Mills Inc.,Hildebran,NC,https://www.manufacturednc.com/HuittMills,https://www.manufacturednc.com/HuittMills,https://www.manufacturednc.com/HuittMills,,,manufacturer,ManufacturedNC,ManufacturedNC,https://www.manufacturednc.com/,Contact for quote
"Industries of the Blind, Inc",Greensboro,NC,https://www.manufacturednc.com/Industries-of-the Blind-Inc,https://www.manufacturednc.com/Industries-of-the Blind-Inc,https://www.manufacturednc.com/Industries-of-the Blind-Inc,,,manufacturer,ManufacturedNC,ManufacturedNC,https://www.manufacturednc.com/,Contact for quote
Innofa,Eden,NC,https://www.manufacturednc.com/Innofa,https://www.manufacturednc.com/Innofa,https://www.manufacturednc.com/Innofa,,,manufacturer,ManufacturedNC,ManufacturedNC,https://www.manufacturednc.com/,Contact for quote
"International Foam Products, Inc.",Charlotte,NC,https://www.manufacturednc.com/international-foam-products-inc,https://www.manufacturednc.com/international-foam-products-inc,https://www.manufacturednc.com/international-foam-products-inc,,,manufacturer,ManufacturedNC,ManufacturedNC,https://www.manufacturednc.com/,Contact for quote
Interstate Narrow Fabrics,Haw River,NC,https://www.manufacturednc.com/Interstate-Narrow-Fabrics,https://www.manufacturednc.com/Interstate-Narrow-Fabrics,https://www.manufacturednc.com/Interstate-Narrow-Fabrics,,,manufacturer,ManufacturedNC,ManufacturedNC,https://www.manufacturednc.com/,Contact for quote
JRB & J Knitting Inc,Mount Gilead,NC,https://www.manufacturednc.com/JRB-and-J-Knitting-Inc,https://www.manufacturednc.com/JRB-and-J-Knitting-Inc,https://www.manufacturednc.com/JRB-and-J-Knitting-Inc,,,manufacturer,ManufacturedNC,ManufacturedNC,https://www.manufacturednc.com/,Contact for quote
"Kem-Wove, Inc.",Charlotte,NC,https://www.manufacturednc.com/kem-wove-inc,https://www.manufacturednc.com/kem-wove-inc,https://www.manufacturednc.com/kem-wove-inc,,,manufacturer,ManufacturedNC,ManufacturedNC,https://www.manufacturednc.com/,Contact for quote
Kindly Woven,Laurinburg,NC,https://www.manufacturednc.com/kindly-woven,https://www.manufacturednc.com/kindly-woven,https://www.manufacturednc.com/kindly-woven,,,manufacturer,ManufacturedNC,ManufacturedNC,https://www.manufacturednc.com/,Contact for quote
"Knit-Rite, Inc.",Ellerbe,NC,https://www.manufacturednc.com/Knit-Rite-Inc,https://www.manufacturednc.com/Knit-Rite-Inc,https://www.manufacturednc.com/Knit-Rite-Inc,,,manufacturer,ManufacturedNC,ManufacturedNC,https://www.manufacturednc.com/,Contact for quote
"Kudzu Textiles, Inc.",Burlington,NC,https://www.manufacturednc.com/kudzu-textiles-llc,https://www.manufacturednc.com/kudzu-textiles-llc,https://www.manufacturednc.com/kudzu-textiles-llc,,,manufacturer,ManufacturedNC,ManufacturedNC,https://www.manufacturednc.com/,Contact for quote
"Kurz Transfer Products, Huntersville",Huntersville,NC,https://www.manufacturednc.com/kurz-transfer-products-huntersville,https://www.manufacturednc.com/kurz-transfer-products-huntersville,https://www.manufacturednc.com/kurz-transfer-products-huntersville,,,manufacturer,ManufacturedNC,ManufacturedNC,https://www.manufacturednc.com/,Contact for quote
"Lanart International, Inc.",Huntersville,NC,https://www.manufacturednc.com/Lanart-International-Inc,https://www.manufacturednc.com/Lanart-International-Inc,https://www.manufacturednc.com/Lanart-International-Inc,,,manufacturer,ManufacturedNC,ManufacturedNC,https://www.manufacturednc.com/,Contact for quote
"Lantal Textiles, Inc.",Rural Hall,NC,https://www.manufacturednc.com/lantal-textiles-inc,https://www.manufacturednc.com/lantal-textiles-inc,https://www.manufacturednc.com/lantal-textiles-inc,,,manufacturer,ManufacturedNC,ManufacturedNC,https://www.manufacturednc.com/,Contact for quote
"Lions Services, Inc.",Charlotte,NC,https://www.manufacturednc.com/lions-services-inc,https://www.manufacturednc.com/lions-services-inc,https://www.manufacturednc.com/lions-services-inc,,,manufacturer,ManufacturedNC,ManufacturedNC,https://www.manufacturednc.com/,Contact for quote
Logo Wear Graphics LLC,Summerfield,NC,https://www.manufacturednc.com/logo-wear-graphics-llc,https://www.manufacturednc.com/logo-wear-graphics-llc,https://www.manufacturednc.com/logo-wear-graphics-llc,,,manufacturer,ManufacturedNC,ManufacturedNC,https://www.manufacturednc.com/,Contact for quote
Longworth Industries Inc.,Southern Pines,NC,https://www.manufacturednc.com/Longworth-Industries-Inc,https://www.manufacturednc.com/Longworth-Industries-Inc,https://www.manufacturednc.com/Longworth-Industries-Inc,,,manufacturer,ManufacturedNC,ManufacturedNC,https://www.manufacturednc.com/,Contact for quote
LuRay Textiles Inc.,North Wilkesboro,NC,https://www.manufacturednc.com/LuRay-Textiles-Inc,https://www.manufacturednc.com/LuRay-Textiles-Inc,https://www.manufacturednc.com/LuRay-Textiles-Inc,,,manufacturer,ManufacturedNC,ManufacturedNC,https://www.manufacturednc.com/,Contact for quote
Lynx Defense,Selma,NC,https://www.manufacturednc.com/lynx-defense,https://www.manufacturednc.com/lynx-defense,https://www.manufacturednc.com/lynx-defense,,,manufacturer,ManufacturedNC,ManufacturedNC,https://www.manufacturednc.com/,Contact for quote
"M.J. Soffe, LLC",Fayetteville,NC,https://www.manufacturednc.com/mj-soffe-llc,https://www.manufacturednc.com/mj-soffe-llc,https://www.manufacturednc.com/mj-soffe-llc,,,manufacturer,ManufacturedNC,ManufacturedNC,https://www.manufacturednc.com/,Contact for quote
Mack and Mack Inc.,Greensboro,NC,https://www.manufacturednc.com/mack-and-mack-inc,https://www.manufacturednc.com/mack-and-mack-inc,https://www.manufacturednc.com/mack-and-mack-inc,,,manufacturer,ManufacturedNC,ManufacturedNC,https://www.manufacturednc.com/,Contact for quote
Matrex Inc,Greensboro,NC,https://www.manufacturednc.com/matrex-inc,https://www.manufacturednc.com/matrex-inc,https://www.manufacturednc.com/matrex-inc,,,manufacturer,ManufacturedNC,ManufacturedNC,https://www.manufacturednc.com/,Contact for quote
"Mayo Knitting Mill, Inc.",Tarboro,NC,https://www.manufacturednc.com/Mayo-Knitting-Mill-Inc,https://www.manufacturednc.com/Mayo-Knitting-Mill-Inc,https://www.manufacturednc.com/Mayo-Knitting-Mill-Inc,,,manufacturer,ManufacturedNC,ManufacturedNC,https://www.manufacturednc.com/,Contact for quote
METYX USA,Charlotte,NC,https://www.manufacturednc.com/metyx-usa,https://www.manufacturednc.com/metyx-usa,https://www.manufacturednc.com/metyx-usa,,,manufacturer,ManufacturedNC,ManufacturedNC,https://www.manufacturednc.com/,Contact for quote
MIKAN PRINTING CORP.,Mooresville,NC,https://www.manufacturednc.com/mikan-printing-corp,https://www.manufacturednc.com/mikan-printing-corp,https://www.manufacturednc.com/mikan-printing-corp,,,manufacturer,ManufacturedNC,ManufacturedNC,https://www.manufacturednc.com/,Contact for quote
Mills Manufacturing Corporation,Asheville,NC,https://www.manufacturednc.com/Mills-Manufacturing-Corporation,https://www.manufacturednc.com/Mills-Manufacturing-Corporation,https://www.manufacturednc.com/Mills-Manufacturing-Corporation,,,manufacturer,ManufacturedNC,ManufacturedNC,https://www.manufacturednc.com/,Contact for quote
Mitts Nitts Inc,Durham,NC,https://www.manufacturednc.com/Mitts-Nitts-Inc,https://www.manufacturednc.com/Mitts-Nitts-Inc,https://www.manufacturednc.com/Mitts-Nitts-Inc,,,manufacturer,ManufacturedNC,ManufacturedNC,https://www.manufacturednc.com/,Contact for quote
"Modern Densifying, Inc.",Shelby,NC,https://www.manufacturednc.com/modern-densifying-inc,https://www.manufacturednc.com/modern-densifying-inc,https://www.manufacturednc.com/modern-densifying-inc,,,manufacturer,ManufacturedNC,ManufacturedNC,https://www.manufacturednc.com/,Contact for quote
"Mount Vernon Mills, Inc",Rockingham,NC,https://www.manufacturednc.com/mount-vernon-mills-inc,https://www.manufacturednc.com/mount-vernon-mills-inc,https://www.manufacturednc.com/mount-vernon-mills-inc,,,manufacturer,ManufacturedNC,ManufacturedNC,https://www.manufacturednc.com/,Contact for quote
Mountain International,Brevard,NC,https://www.manufacturednc.com/Mountain-International,https://www.manufacturednc.com/Mountain-International,https://www.manufacturednc.com/Mountain-International,,,manufacturer,ManufacturedNC,ManufacturedNC,https://www.manufacturednc.com/,Contact for quote
Mountain Rug Mills,Hendersonville,NC,https://www.manufacturednc.com/MountainRugMills,https://www.manufacturednc.com/MountainRugMills,https://www.manufacturednc.com/MountainRugMills,,,manufacturer,ManufacturedNC,ManufacturedNC,https://www.manufacturednc.com/,Contact for quote
Mt. Gilead Cut & Sew,Mt. gilead,NC,https://www.manufacturednc.com/mt-gilead-cut--sew,https://www.manufacturednc.com/mt-gilead-cut--sew,https://www.manufacturednc.com/mt-gilead-cut--sew,,,manufacturer,ManufacturedNC,ManufacturedNC,https://www.manufacturednc.com/,Contact for quote
National Spinning Company,Washington,NC,https://www.manufacturednc.com/National-Spinning-Company,https://www.manufacturednc.com/National-Spinning-Company,https://www.manufacturednc.com/National-Spinning-Company,,,manufacturer,ManufacturedNC,ManufacturedNC,https://www.manufacturednc.com/,Contact for quote
"National Wiper Alliance, Inc.",Swannanoa,NC,https://www.manufacturednc.com/National-Wiper-Alliance,https://www.manufacturednc.com/National-Wiper-Alliance,https://www.manufacturednc.com/National-Wiper-Alliance,,,manufacturer,ManufacturedNC,ManufacturedNC,https://www.manufacturednc.com/,Contact for quote
Nester Hosiery,Mount Airy,NC,https://www.manufacturednc.com/Nester-Hosiery,https://www.manufacturednc.com/Nester-Hosiery,https://www.manufacturednc.com/Nester-Hosiery,,,manufacturer,ManufacturedNC,ManufacturedNC,https://www.manufacturednc.com/,Contact for quote
Nicelle Technologies Inc,Raleigh,NC,https://www.manufacturednc.com/nicelle-technologies-inc,https://www.manufacturednc.com/nicelle-technologies-inc,https://www.manufacturednc.com/nicelle-technologies-inc,,,manufacturer,ManufacturedNC,ManufacturedNC,https://www.manufacturednc.com/,Contact for quote
North Carolina Sewn,Morganton,NC,https://www.manufacturednc.com/north-carolina-sewn,https://www.manufacturednc.com/north-carolina-sewn,https://www.manufacturednc.com/north-carolina-sewn,,,manufacturer,ManufacturedNC,ManufacturedNC,https://www.manufacturednc.com/,Contact for quote
Nufabrx,Conover,NC,https://www.manufacturednc.com/nufabrx,https://www.manufacturednc.com/nufabrx,https://www.manufacturednc.com/nufabrx,,,manufacturer,ManufacturedNC,ManufacturedNC,https://www.manufacturednc.com/,Contact for quote
NuTex Concepts,Lenoir,NC,https://www.manufacturednc.com/nutex-concepts,https://www.manufacturednc.com/nutex-concepts,https://www.manufacturednc.com/nutex-concepts,,,manufacturer,ManufacturedNC,ManufacturedNC,https://www.manufacturednc.com/,Contact for quote
O'Mara Incorporated,Rutherford College,NC,https://www.manufacturednc.com/Omara-Incorporated,https://www.manufacturednc.com/Omara-Incorporated,https://www.manufacturednc.com/Omara-Incorporated,,,manufacturer,ManufacturedNC,ManufacturedNC,https://www.manufacturednc.com/,Contact for quote
On Foot Innovations,Albemarle,NC,https://www.manufacturednc.com/on-foot-innovations,https://www.manufacturednc.com/on-foot-innovations,https://www.manufacturednc.com/on-foot-innovations,,,manufacturer,ManufacturedNC,ManufacturedNC,https://www.manufacturednc.com/,Contact for quote
Opportunity Threads,Morganton,NC,https://www.manufacturednc.com/OpportunityThreads,https://www.manufacturednc.com/OpportunityThreads,https://www.manufacturednc.com/OpportunityThreads,,,manufacturer,ManufacturedNC,ManufacturedNC,https://www.manufacturednc.com/,Contact for quote
"P&A Industrial Fabrications, LLC",Roxboro,NC,https://www.manufacturednc.com/pa-industrial-fabrications-llc,https://www.manufacturednc.com/pa-industrial-fabrications-llc,https://www.manufacturednc.com/pa-industrial-fabrications-llc,,,manufacturer,ManufacturedNC,ManufacturedNC,https://www.manufacturednc.com/,Contact for quote
"Parker Sales and Service, Inc.",Sparta,NC,https://www.manufacturednc.com/parker-sales-and-service-inc,https://www.manufacturednc.com/parker-sales-and-service-inc,https://www.manufacturednc.com/parker-sales-and-service-inc,,,manufacturer,ManufacturedNC,ManufacturedNC,https://www.manufacturednc.com/,Contact for quote
Parrott Canvas Co.,Greenville,NC,https://www.manufacturednc.com/Parrott-Canvas-Co,https://www.manufacturednc.com/Parrott-Canvas-Co,https://www.manufacturednc.com/Parrott-Canvas-Co,,,manufacturer,ManufacturedNC,ManufacturedNC,https://www.manufacturednc.com/,Contact for quote
Plant D manufacturing,Thomasville,NC,https://www.manufacturednc.com/Plant-D-manufacturing,https://www.manufacturednc.com/Plant-D-manufacturing,https://www.manufacturednc.com/Plant-D-manufacturing,,,manufacturer,ManufacturedNC,ManufacturedNC,https://www.manufacturednc.com/,Contact for quote
Pleneri,Conover,NC,https://www.manufacturednc.com/pleneri,https://www.manufacturednc.com/pleneri,https://www.manufacturednc.com/pleneri,,,manufacturer,ManufacturedNC,ManufacturedNC,https://www.manufacturednc.com/,Contact for quote
Precision Fabrics Group Inc.,Greensboro,NC,https://www.manufacturednc.com/Precision-Fabrics-Group-Inc,https://www.manufacturednc.com/Precision-Fabrics-Group-Inc,https://www.manufacturednc.com/Precision-Fabrics-Group-Inc,,,manufacturer,ManufacturedNC,ManufacturedNC,https://www.manufacturednc.com/,Contact for quote
Premier Quilting Corporation,Oxford,NC,https://www.manufacturednc.com/Premier-Quilting-Corporation,https://www.manufacturednc.com/Premier-Quilting-Corporation,https://www.manufacturednc.com/Premier-Quilting-Corporation,,,manufacturer,ManufacturedNC,ManufacturedNC,https://www.manufacturednc.com/,Contact for quote
"Premiere Fibers, Inc",Ansonville,NC,https://www.manufacturednc.com/premiere-fibers-inc,https://www.manufacturednc.com/premiere-fibers-inc,https://www.manufacturednc.com/premiere-fibers-inc,,,manufacturer,ManufacturedNC,ManufacturedNC,https://www.manufacturednc.com/,Contact for quote
Pro-Tect Socks,Ramseur,NC,https://www.manufacturednc.com/pro-tect-socks,https://www.manufacturednc.com/pro-tect-socks,https://www.manufacturednc.com/pro-tect-socks,,,manufacturer,ManufacturedNC,ManufacturedNC,https://www.manufacturednc.com/,Contact for quote
QUALITY PLUS APPAREL LLC,BAKERSVILLE,NC,https://www.manufacturednc.com/QualityPlusApparel,https://www.manufacturednc.com/QualityPlusApparel,https://www.manufacturednc.com/QualityPlusApparel,,,manufacturer,ManufacturedNC,ManufacturedNC,https://www.manufacturednc.com/,Contact for quote
Quiknit Crafting Inc,Gastonia,NC,https://www.manufacturednc.com/Quiknit-Crafting-Inc,https://www.manufacturednc.com/Quiknit-Crafting-Inc,https://www.manufacturednc.com/Quiknit-Crafting-Inc,,,manufacturer,ManufacturedNC,ManufacturedNC,https://www.manufacturednc.com/,Contact for quote
"Quilt by Design, Inc",Conover,NC,https://www.manufacturednc.com/Quilt-by-Design,https://www.manufacturednc.com/Quilt-by-Design,https://www.manufacturednc.com/Quilt-by-Design,,,manufacturer,ManufacturedNC,ManufacturedNC,https://www.manufacturednc.com/,Contact for quote
"Quinter Textile Group, LLC",CHARLOTTE,NC,https://www.manufacturednc.com/quinter-textile-group-llc,https://www.manufacturednc.com/quinter-textile-group-llc,https://www.manufacturednc.com/quinter-textile-group-llc,,,manufacturer,ManufacturedNC,ManufacturedNC,https://www.manufacturednc.com/,Contact for quote
R. Evans Hosiery,Connelly Springs,NC,https://www.manufacturednc.com/REvansHosiery,https://www.manufacturednc.com/REvansHosiery,https://www.manufacturednc.com/REvansHosiery,,,manufacturer,ManufacturedNC,ManufacturedNC,https://www.manufacturednc.com/,Contact for quote
R&D Weaving Inc.,Ellenboro,NC,https://www.manufacturednc.com/RandD-Weaving-Inc,https://www.manufacturednc.com/RandD-Weaving-Inc,https://www.manufacturednc.com/RandD-Weaving-Inc,,,manufacturer,ManufacturedNC,ManufacturedNC,https://www.manufacturednc.com/,Contact for quote
Ravenox,Burlington,NC,https://www.manufacturednc.com/ravenox,https://www.manufacturednc.com/ravenox,https://www.manufacturednc.com/ravenox,,,manufacturer,ManufacturedNC,ManufacturedNC,https://www.manufacturednc.com/,Contact for quote
Renaissance Fiber Inc,Winston Salem,NC,https://www.manufacturednc.com/renaissance-fiber-inc,https://www.manufacturednc.com/renaissance-fiber-inc,https://www.manufacturednc.com/renaissance-fiber-inc,,,manufacturer,ManufacturedNC,ManufacturedNC,https://www.manufacturednc.com/,Contact for quote
Richmond Dental and Medical,Charlotte,NC,https://www.manufacturednc.com/richmond-dental-and-medical,https://www.manufacturednc.com/richmond-dental-and-medical,https://www.manufacturednc.com/richmond-dental-and-medical,,,manufacturer,ManufacturedNC,ManufacturedNC,https://www.manufacturednc.com/,Contact for quote
"RIVA INDUSTRIES,LLC",ASHEBORO,NC,https://www.manufacturednc.com/riva-industriesllc,https://www.manufacturednc.com/riva-industriesllc,https://www.manufacturednc.com/riva-industriesllc,,,manufacturer,ManufacturedNC,ManufacturedNC,https://www.manufacturednc.com/,Contact for quote
"RLCB, INC.",Raleigh,NC,https://www.manufacturednc.com/RLCB-Inc,https://www.manufacturednc.com/RLCB-Inc,https://www.manufacturednc.com/RLCB-Inc,,,manufacturer,ManufacturedNC,ManufacturedNC,https://www.manufacturednc.com/,Contact for quote
Royal Carolina Corporation,Greensboro,NC,https://www.manufacturednc.com/royal-carolina-corporation,https://www.manufacturednc.com/royal-carolina-corporation,https://www.manufacturednc.com/royal-carolina-corporation,,,manufacturer,ManufacturedNC,ManufacturedNC,https://www.manufacturednc.com/,Contact for quote
RSM Company,Charlotte,NC,https://www.manufacturednc.com/rsm-company,https://www.manufacturednc.com/rsm-company,https://www.manufacturednc.com/rsm-company,,,manufacturer,ManufacturedNC,ManufacturedNC,https://www.manufacturednc.com/,Contact for quote
Salem Neckwear Corporation,Randleman,NC,https://www.manufacturednc.com/Salem-Neckwear-Corporation,https://www.manufacturednc.com/Salem-Neckwear-Corporation,https://www.manufacturednc.com/Salem-Neckwear-Corporation,,,manufacturer,ManufacturedNC,ManufacturedNC,https://www.manufacturednc.com/,Contact for quote
"Sanctuary Systems, LLC",Fremont,NC,https://www.manufacturednc.com/sanctuary-systems-llc,https://www.manufacturednc.com/sanctuary-systems-llc,https://www.manufacturednc.com/sanctuary-systems-llc,,,manufacturer,ManufacturedNC,ManufacturedNC,https://www.manufacturednc.com/,Contact for quote
"Sandy Paws Innovations, Inc.",Wilmington,NC,https://www.manufacturednc.com/Sandy-Paws-Innovations,https://www.manufacturednc.com/Sandy-Paws-Innovations,https://www.manufacturednc.com/Sandy-Paws-Innovations,,,manufacturer,ManufacturedNC,ManufacturedNC,https://www.manufacturednc.com/,Contact for quote
"Sans Technical Fibers, LLC",Stoneville,NC,https://www.manufacturednc.com/sans-technical-fibers-llc,https://www.manufacturednc.com/sans-technical-fibers-llc,https://www.manufacturednc.com/sans-technical-fibers-llc,,,manufacturer,ManufacturedNC,ManufacturedNC,https://www.manufacturednc.com/,Contact for quote
Sattler Corp.,Hudson,NC,https://www.manufacturednc.com/sattler-corp,https://www.manufacturednc.com/sattler-corp,https://www.manufacturednc.com/sattler-corp,,,manufacturer,ManufacturedNC,ManufacturedNC,https://www.manufacturednc.com/,Contact for quote
"Schneider Mills, Inc.",Taylorsville,NC,https://www.manufacturednc.com/Schneider-Mills-Inc,https://www.manufacturednc.com/Schneider-Mills-Inc,https://www.manufacturednc.com/Schneider-Mills-Inc,,,manufacturer,ManufacturedNC,ManufacturedNC,https://www.manufacturednc.com/,Contact for quote
School Protection System Co.,Denver,NC,https://www.manufacturednc.com/school-protection-system-co,https://www.manufacturednc.com/school-protection-system-co,https://www.manufacturednc.com/school-protection-system-co,,,manufacturer,ManufacturedNC,ManufacturedNC,https://www.manufacturednc.com/,Contact for quote
Service Thread,Laurinburg,NC,https://www.manufacturednc.com/Service-Thread,https://www.manufacturednc.com/Service-Thread,https://www.manufacturednc.com/Service-Thread,,,manufacturer,ManufacturedNC,ManufacturedNC,https://www.manufacturednc.com/,Contact for quote
SF tailors DBA ProtectiveWears,Apex,NC,https://www.manufacturednc.com/sf-tailors-dba-protectivewears,https://www.manufacturednc.com/sf-tailors-dba-protectivewears,https://www.manufacturednc.com/sf-tailors-dba-protectivewears,,,manufacturer,ManufacturedNC,ManufacturedNC,https://www.manufacturednc.com/,Contact for quote
"Sir Speedy Printing, Signs and  Marketing",Statesville,NC,https://www.manufacturednc.com/sir-speedy-printing-signs-and--marketing,https://www.manufacturednc.com/sir-speedy-printing-signs-and--marketing,https://www.manufacturednc.com/sir-speedy-printing-signs-and--marketing,,,manufacturer,ManufacturedNC,ManufacturedNC,https://www.manufacturednc.com/,Contact for quote
Slimline Truck Covers,Claremont,NC,https://www.manufacturednc.com/Slimline-Truck-Covers,https://www.manufacturednc.com/Slimline-Truck-Covers,https://www.manufacturednc.com/Slimline-Truck-Covers,,,manufacturer,ManufacturedNC,ManufacturedNC,https://www.manufacturednc.com/,Contact for quote
"Smith Case, Inc",Winston Salem,NC,https://www.manufacturednc.com/Smith-Case-Inc,https://www.manufacturednc.com/Smith-Case-Inc,https://www.manufacturednc.com/Smith-Case-Inc,,,manufacturer,ManufacturedNC,ManufacturedNC,https://www.manufacturednc.com/,Contact for quote
"South Fork Industries, Inc.",Maiden,NC,https://www.manufacturednc.com/South-Fork-Industries-Inc,https://www.manufacturednc.com/South-Fork-Industries-Inc,https://www.manufacturednc.com/South-Fork-Industries-Inc,,,manufacturer,ManufacturedNC,ManufacturedNC,https://www.manufacturednc.com/,Contact for quote
Southeastern Felt & Supply Cor,Charlotte,NC,https://www.manufacturednc.com/southeastern-felt--supply-cor,https://www.manufacturednc.com/southeastern-felt--supply-cor,https://www.manufacturednc.com/southeastern-felt--supply-cor,,,manufacturer,ManufacturedNC,ManufacturedNC,https://www.manufacturednc.com/,Contact for quote
"SpanSet, Inc.",Sanford,NC,https://www.manufacturednc.com/SpanSet-Inc,https://www.manufacturednc.com/SpanSet-Inc,https://www.manufacturednc.com/SpanSet-Inc,,,manufacturer,ManufacturedNC,ManufacturedNC,https://www.manufacturednc.com/,Contact for quote
"Spartan Dyers, Inc.",Belmont,NC,https://www.manufacturednc.com/spartan-dyers-inc,https://www.manufacturednc.com/spartan-dyers-inc,https://www.manufacturednc.com/spartan-dyers-inc,,,manufacturer,ManufacturedNC,ManufacturedNC,https://www.manufacturednc.com/,Contact for quote
Speizman Industrial Seamless Development Lab,Charlotte,NC,https://www.manufacturednc.com/speizman-industrial-seamless-development-lab,https://www.manufacturednc.com/speizman-industrial-seamless-development-lab,https://www.manufacturednc.com/speizman-industrial-seamless-development-lab,,,manufacturer,ManufacturedNC,ManufacturedNC,https://www.manufacturednc.com/,Contact for quote
Spintech LLC,Statesville,NC,https://www.manufacturednc.com/spintech-llc,https://www.manufacturednc.com/spintech-llc,https://www.manufacturednc.com/spintech-llc,,,manufacturer,ManufacturedNC,ManufacturedNC,https://www.manufacturednc.com/,Contact for quote
Spoonflower,Durham,NC,https://www.manufacturednc.com/spoonflower,https://www.manufacturednc.com/spoonflower,https://www.manufacturednc.com/spoonflower,,,manufacturer,ManufacturedNC,ManufacturedNC,https://www.manufacturednc.com/,Contact for quote
"Sports Solutions, Inc.",Pilot Mountain,NC,https://www.manufacturednc.com/Sports-Solutions-Inc,https://www.manufacturednc.com/Sports-Solutions-Inc,https://www.manufacturednc.com/Sports-Solutions-Inc,,,manufacturer,ManufacturedNC,ManufacturedNC,https://www.manufacturednc.com/,Contact for quote
Spuntech Industries,Roxboro,NC,https://www.manufacturednc.com/Spuntech-Industries,https://www.manufacturednc.com/Spuntech-Industries,https://www.manufacturednc.com/Spuntech-Industries,,,manufacturer,ManufacturedNC,ManufacturedNC,https://www.manufacturednc.com/,Contact for quote
Stage Decoration & Supplies,Greensboro,NC,https://www.manufacturednc.com/Stage-Decoration-and-Supplies,https://www.manufacturednc.com/Stage-Decoration-and-Supplies,https://www.manufacturednc.com/Stage-Decoration-and-Supplies,,,manufacturer,ManufacturedNC,ManufacturedNC,https://www.manufacturednc.com/,Contact for quote
STI,KINGS MOUNTAIN,NC,https://www.manufacturednc.com/sti,https://www.manufacturednc.com/sti,https://www.manufacturednc.com/sti,,,manufacturer,ManufacturedNC,ManufacturedNC,https://www.manufacturednc.com/,Contact for quote
Style Source Inc,Wilmington,NC,https://www.manufacturednc.com/Style-Source-Inc,https://www.manufacturednc.com/Style-Source-Inc,https://www.manufacturednc.com/Style-Source-Inc,,,manufacturer,ManufacturedNC,ManufacturedNC,https://www.manufacturednc.com/,Contact for quote
Summers Room Vintage LLC,SANFORD,NC,https://www.manufacturednc.com/summers-room-vintage-llc,https://www.manufacturednc.com/summers-room-vintage-llc,https://www.manufacturednc.com/summers-room-vintage-llc,,,manufacturer,ManufacturedNC,ManufacturedNC,https://www.manufacturednc.com/,Contact for quote
Supertex Inc.,LIBERTY,NC,https://www.manufacturednc.com/Supertex_Inc,https://www.manufacturednc.com/Supertex_Inc,https://www.manufacturednc.com/Supertex_Inc,,,manufacturer,ManufacturedNC,ManufacturedNC,https://www.manufacturednc.com/,Contact for quote
Supreme Corporation,Conover,NC,https://www.manufacturednc.com/SupremeCorporation,https://www.manufacturednc.com/SupremeCorporation,https://www.manufacturednc.com/SupremeCorporation,,,manufacturer,ManufacturedNC,ManufacturedNC,https://www.manufacturednc.com/,Contact for quote
"Surratt Hosiery Mill, Inc.",Denton,NC,https://www.manufacturednc.com/Surratt-Hosiery-Mill-Inc,https://www.manufacturednc.com/Surratt-Hosiery-Mill-Inc,https://www.manufacturednc.com/Surratt-Hosiery-Mill-Inc,,,manufacturer,ManufacturedNC,ManufacturedNC,https://www.manufacturednc.com/,Contact for quote
"Surry Chemicals, Inc.",Mount Airy,NC,https://www.manufacturednc.com/surry-chemicals-inc,https://www.manufacturednc.com/surry-chemicals-inc,https://www.manufacturednc.com/surry-chemicals-inc,,,manufacturer,ManufacturedNC,ManufacturedNC,https://www.manufacturednc.com/,Contact for quote
Survival Innovations LLC,Mills River,NC,https://www.manufacturednc.com/survival-innovations-llc,https://www.manufacturednc.com/survival-innovations-llc,https://www.manufacturednc.com/survival-innovations-llc,,,manufacturer,ManufacturedNC,ManufacturedNC,https://www.manufacturednc.com/,Contact for quote
TACARM LLC,Fayetteville,NC,https://www.manufacturednc.com/TACARM-LLC,https://www.manufacturednc.com/TACARM-LLC,https://www.manufacturednc.com/TACARM-LLC,,,manufacturer,ManufacturedNC,ManufacturedNC,https://www.manufacturednc.com/,Contact for quote
tecnortham,RUTHERFORDTON,NC,https://www.manufacturednc.com/tecnortham,https://www.manufacturednc.com/tecnortham,https://www.manufacturednc.com/tecnortham,,,manufacturer,ManufacturedNC,ManufacturedNC,https://www.manufacturednc.com/,Contact for quote
Terraloam LLC,Charlotte,NC,https://www.manufacturednc.com/terraloam-llc,https://www.manufacturednc.com/terraloam-llc,https://www.manufacturednc.com/terraloam-llc,,,manufacturer,ManufacturedNC,ManufacturedNC,https://www.manufacturednc.com/,Contact for quote
"Tex-Care Medical, a division of CEFC",Burlington,NC,https://www.manufacturednc.com/tex-care-medical-a-division-of-cefc,https://www.manufacturednc.com/tex-care-medical-a-division-of-cefc,https://www.manufacturednc.com/tex-care-medical-a-division-of-cefc,,,manufacturer,ManufacturedNC,ManufacturedNC,https://www.manufacturednc.com/,Contact for quote
"Texas Apparel, Inc.",Asheboro,NC,https://www.manufacturednc.com/Texas-Apparel-Inc,https://www.manufacturednc.com/Texas-Apparel-Inc,https://www.manufacturednc.com/Texas-Apparel-Inc,,,manufacturer,ManufacturedNC,ManufacturedNC,https://www.manufacturednc.com/,Contact for quote
The Hammock Source,Greenville,NC,https://www.manufacturednc.com/The-Hammock-Source,https://www.manufacturednc.com/The-Hammock-Source,https://www.manufacturednc.com/The-Hammock-Source,,,manufacturer,ManufacturedNC,ManufacturedNC,https://www.manufacturednc.com/,Contact for quote
The Krelman Company,Weaverville,NC,https://www.manufacturednc.com/The-Krelman-Company,https://www.manufacturednc.com/The-Krelman-Company,https://www.manufacturednc.com/The-Krelman-Company,,,manufacturer,ManufacturedNC,ManufacturedNC,https://www.manufacturednc.com/,Contact for quote
The Manual Woodworkers and Weavers,Hendersonville,NC,https://www.manufacturednc.com/The-Manual-Woodworkers-and-Weavers,https://www.manufacturednc.com/The-Manual-Woodworkers-and-Weavers,https://www.manufacturednc.com/The-Manual-Woodworkers-and-Weavers,,,manufacturer,ManufacturedNC,ManufacturedNC,https://www.manufacturednc.com/,Contact for quote
The Oriole Mill,Hendersonville,NC,https://www.manufacturednc.com/The-Oriole-Mill,https://www.manufacturednc.com/The-Oriole-Mill,https://www.manufacturednc.com/The-Oriole-Mill,,,manufacturer,ManufacturedNC,ManufacturedNC,https://www.manufacturednc.com/,Contact for quote
"The Quantum Group, Inc.",Colfax,NC,https://www.manufacturednc.com/The-Quantum-Group-Inc,https://www.manufacturednc.com/The-Quantum-Group-Inc,https://www.manufacturednc.com/The-Quantum-Group-Inc,,,manufacturer,ManufacturedNC,ManufacturedNC,https://www.manufacturednc.com/,Contact for quote
The Sock Factory,Hickory,NC,https://www.manufacturednc.com/TheSockFactory,https://www.manufacturednc.com/TheSockFactory,https://www.manufacturednc.com/TheSockFactory,,,manufacturer,ManufacturedNC,ManufacturedNC,https://www.manufacturednc.com/,Contact for quote
"The Special Event Linen Co, Inc.",Denver,NC,https://www.manufacturednc.com/the-special-event-linen-co-inc,https://www.manufacturednc.com/the-special-event-linen-co-inc,https://www.manufacturednc.com/the-special-event-linen-co-inc,,,manufacturer,ManufacturedNC,ManufacturedNC,https://www.manufacturednc.com/,Contact for quote
The WEARhouse,Asheboro,NC,https://www.manufacturednc.com/the-wearhouse,https://www.manufacturednc.com/the-wearhouse,https://www.manufacturednc.com/the-wearhouse,,,manufacturer,ManufacturedNC,ManufacturedNC,https://www.manufacturednc.com/,Contact for quote
Thermal Control Products,Concord,NC,https://www.manufacturednc.com/Thermal-Control-Products,https://www.manufacturednc.com/Thermal-Control-Products,https://www.manufacturednc.com/Thermal-Control-Products,,,manufacturer,ManufacturedNC,ManufacturedNC,https://www.manufacturednc.com/,Contact for quote
"TJ Glove Inc., dba The John Plant Company",Ramseur,NC,https://www.manufacturednc.com/The-John-Plant-Company,https://www.manufacturednc.com/The-John-Plant-Company,https://www.manufacturednc.com/The-John-Plant-Company,,,manufacturer,ManufacturedNC,ManufacturedNC,https://www.manufacturednc.com/,Contact for quote
Trotters Sewing Company,Asheboro,NC,https://www.manufacturednc.com/BJ-Con-Sew-Inc,https://www.manufacturednc.com/BJ-Con-Sew-Inc,https://www.manufacturednc.com/BJ-Con-Sew-Inc,,,manufacturer,ManufacturedNC,ManufacturedNC,https://www.manufacturednc.com/,Contact for quote
TS Designs,Burlington,NC,https://www.manufacturednc.com/TS-Designs,https://www.manufacturednc.com/TS-Designs,https://www.manufacturednc.com/TS-Designs,,,manufacturer,ManufacturedNC,ManufacturedNC,https://www.manufacturednc.com/,Contact for quote
"TSG Finishing, LLC",Hickory,NC,https://www.manufacturednc.com/TSG-Finishing,https://www.manufacturednc.com/TSG-Finishing,https://www.manufacturednc.com/TSG-Finishing,,,manufacturer,ManufacturedNC,ManufacturedNC,https://www.manufacturednc.com/,Contact for quote
Tuff Temp Corp.,Murfreesboro,NC,https://www.manufacturednc.com/tuff-temp-corp,https://www.manufacturednc.com/tuff-temp-corp,https://www.manufacturednc.com/tuff-temp-corp,,,manufacturer,ManufacturedNC,ManufacturedNC,https://www.manufacturednc.com/,Contact for quote
Tumbling Colors,Raleigh,NC,https://www.manufacturednc.com/Tumbling-Colors,https://www.manufacturednc.com/Tumbling-Colors,https://www.manufacturednc.com/Tumbling-Colors,,,manufacturer,ManufacturedNC,ManufacturedNC,https://www.manufacturednc.com/,Contact for quote
"Twin City Knitting Company, Inc",Conover,NC,https://www.manufacturednc.com/Twin-City-Knitting,https://www.manufacturednc.com/Twin-City-Knitting,https://www.manufacturednc.com/Twin-City-Knitting,,,manufacturer,ManufacturedNC,ManufacturedNC,https://www.manufacturednc.com/,Contact for quote
"Ultimate Textile, Inc.",Rutherfordton,NC,https://www.manufacturednc.com/Ultimate-Textile,https://www.manufacturednc.com/Ultimate-Textile,https://www.manufacturednc.com/Ultimate-Textile,,,manufacturer,ManufacturedNC,ManufacturedNC,https://www.manufacturednc.com/,Contact for quote
"Unifi, Inc.",Greensboro,NC,https://www.manufacturednc.com/Unifi,https://www.manufacturednc.com/Unifi,https://www.manufacturednc.com/Unifi,,,manufacturer,ManufacturedNC,ManufacturedNC,https://www.manufacturednc.com/,Contact for quote
"Unifour Finishers, Inc.",Hickory,NC,https://www.manufacturednc.com/Unifour-Finishers-Inc,https://www.manufacturednc.com/Unifour-Finishers-Inc,https://www.manufacturednc.com/Unifour-Finishers-Inc,,,manufacturer,ManufacturedNC,ManufacturedNC,https://www.manufacturednc.com/,Contact for quote
Uniquetex LLC,Grover,NC,https://www.manufacturednc.com/uniquetex-llc,https://www.manufacturednc.com/uniquetex-llc,https://www.manufacturednc.com/uniquetex-llc,,,manufacturer,ManufacturedNC,ManufacturedNC,https://www.manufacturednc.com/,Contact for quote
United Sewing Automation,Mount Airy,NC,https://www.manufacturednc.com/united-sewing-automation,https://www.manufacturednc.com/united-sewing-automation,https://www.manufacturednc.com/united-sewing-automation,,,manufacturer,ManufacturedNC,ManufacturedNC,https://www.manufacturednc.com/,Contact for quote
Uwharrie Knits Inc,Norwood,NC,https://www.manufacturednc.com/Uwharrie-Knits,https://www.manufacturednc.com/Uwharrie-Knits,https://www.manufacturednc.com/Uwharrie-Knits,,,manufacturer,ManufacturedNC,ManufacturedNC,https://www.manufacturednc.com/,Contact for quote
Ventara Corporation,Fuquay Varina,NC,https://www.manufacturednc.com/ventara-corporation,https://www.manufacturednc.com/ventara-corporation,https://www.manufacturednc.com/ventara-corporation,,,manufacturer,ManufacturedNC,ManufacturedNC,https://www.manufacturednc.com/,Contact for quote
VitaFlex LLC,Burlington,NC,https://www.manufacturednc.com/VitaFlex,https://www.manufacturednc.com/VitaFlex,https://www.manufacturednc.com/VitaFlex,,,manufacturer,ManufacturedNC,ManufacturedNC,https://www.manufacturednc.com/,Contact for quote
Warm Industrial Nonwovens/ The Warm Company,Hendersonville,NC,https://www.manufacturednc.com/warm-industrial-nonwovens-the-warm-company,https://www.manufacturednc.com/warm-industrial-nonwovens-the-warm-company,https://www.manufacturednc.com/warm-industrial-nonwovens-the-warm-company,,,manufacturer,ManufacturedNC,ManufacturedNC,https://www.manufacturednc.com/,Contact for quote
Wear-Flex Slings,Winston Salem,NC,https://www.manufacturednc.com/wear-flex-slings,https://www.manufacturednc.com/wear-flex-slings,https://www.manufacturednc.com/wear-flex-slings,,,manufacturer,ManufacturedNC,ManufacturedNC,https://www.manufacturednc.com/,Contact for quote
Welcome Industrial,Burlington,NC,https://www.manufacturednc.com/welcome-industrial,https://www.manufacturednc.com/welcome-industrial,https://www.manufacturednc.com/welcome-industrial,,,manufacturer,ManufacturedNC,ManufacturedNC,https://www.manufacturednc.com/,Contact for quote
Wells Hosiery and Apparel,Asheboro,NC,https://www.manufacturednc.com/Wells-Hosiery-and-Apparel,https://www.manufacturednc.com/Wells-Hosiery-and-Apparel,https://www.manufacturednc.com/Wells-Hosiery-and-Apparel,,,manufacturer,ManufacturedNC,ManufacturedNC,https://www.manufacturednc.com/,Contact for quote
"Willow Tex, LLC",Mount Airy,NC,https://www.manufacturednc.com/willow-tex-llc,https://www.manufacturednc.com/willow-tex-llc,https://www.manufacturednc.com/willow-tex-llc,,,manufacturer,ManufacturedNC,ManufacturedNC,https://www.manufacturednc.com/,Contact for quote
Wilson Brown Sock Company,Burlington,NC,https://www.manufacturednc.com/wilson-brown-sock-company,https://www.manufacturednc.com/wilson-brown-sock-company,https://www.manufacturednc.com/wilson-brown-sock-company,,,manufacturer,ManufacturedNC,ManufacturedNC,https://www.manufacturednc.com/,Contact for quote
Worldwide Protective Products,Wilkesboro,NC,https://www.manufacturednc.com/Worldwide-Protective-Products,https://www.manufacturednc.com/Worldwide-Protective-Products,https://www.manufacturednc.com/Worldwide-Protective-Products,,,manufacturer,ManufacturedNC,ManufacturedNC,https://www.manufacturednc.com/,Contact for quote
"Wound-About, Inc",Pilot Mountain,NC,https://www.manufacturednc.com/Wound-About-Inc,https://www.manufacturednc.com/Wound-About-Inc,https://www.manufacturednc.com/Wound-About-Inc,,,manufacturer,ManufacturedNC,ManufacturedNC,https://www.manufacturednc.com/,Contact for quote
"Xanofi, Inc.",Raleigh,NC,https://www.manufacturednc.com/Xanofi,https://www.manufacturednc.com/Xanofi,https://www.manufacturednc.com/Xanofi,,,manufacturer,ManufacturedNC,ManufacturedNC,https://www.manufacturednc.com/,Contact for quote
Yanjan USA LLC,Statesville,NC,https://www.manufacturednc.com/yanjan-usa-llc,https://www.manufacturednc.com/yanjan-usa-llc,https://www.manufacturednc.com/yanjan-usa-llc,,,manufacturer,ManufacturedNC,ManufacturedNC,https://www.manufacturednc.com/,Contact for quote
Yellow Dog Design,Greensboro,NC,https://www.manufacturednc.com/Yellow-Dog-Design,https://www.manufacturednc.com/Yellow-Dog-Design,https://www.manufacturednc.com/Yellow-Dog-Design,,,manufacturer,ManufacturedNC,ManufacturedNC,https://www.manufacturednc.com/,Contact for quote
Members List,,,https://ncto.org/about/members-list/,https://ncto.org/about/members-list/,https://ncto.org/about/members-list/,,,manufacturer,NCTO member,NCTO,https://ncto.org/about/members/,Contact for quote
"NCTO Members, Affiliates & Partners",,,https://ncto.org/about/ncto-members-partners/,https://ncto.org/about/ncto-members-partners/,https://ncto.org/about/ncto-members-partners/,,,manufacturer,NCTO member,NCTO,https://ncto.org/about/members/,Contact for quote
Partners,,,https://ncto.org/industry-partners-resources/,https://ncto.org/industry-partners-resources/,https://ncto.org/industry-partners-resources/,,,manufacturer,NCTO member,NCTO,https://ncto.org/about/members/,Contact for quote
COVID-19 RESPONSE,,,https://ncto.org/federal-government-covid-19-procurement/,https://ncto.org/federal-government-covid-19-procurement/,https://ncto.org/federal-government-covid-19-procurement/,,,manufacturer,NCTO member,NCTO,https://ncto.org/about/members/,Contact for quote
Make American PPE,,,https://ncto.org/make-american-ppe/,https://ncto.org/make-american-ppe/,https://ncto.org/make-american-ppe/,,,manufacturer,NCTO member,NCTO,https://ncto.org/about/members/,Contact for quote
About,,,https://ncto.org/about/,https://ncto.org/about/,https://ncto.org/about/,,,manufacturer,NCTO member,NCTO,https://ncto.org/about/members/,Contact for quote
Mission Statement,,,https://ncto.org/about/mission-statement/,https://ncto.org/about/mission-statement/,https://ncto.org/about/mission-statement/,,,manufacturer,NCTO member,NCTO,https://ncto.org/about/members/,Contact for quote
Councils,,,https://ncto.org/about/councils/,https://ncto.org/about/councils/,https://ncto.org/about/councils/,,,manufacturer,NCTO member,NCTO,https://ncto.org/about/members/,Contact for quote
Committees,,,https://ncto.org/about/committees/,https://ncto.org/about/committees/,https://ncto.org/about/committees/,,,manufacturer,NCTO member,NCTO,https://ncto.org/about/members/,Contact for quote
Officers and Board of Directors,,,https://ncto.org/about/officers-and-board-of-directors/,https://ncto.org/about/officers-and-board-of-directors/,https://ncto.org/about/officers-and-board-of-directors/,,,manufacturer,NCTO member,NCTO,https://ncto.org/about/members/,Contact for quote
NCTO Staff,,,https://ncto.org/about/ncto-staff/,https://ncto.org/about/ncto-staff/,https://ncto.org/about/ncto-staff/,,,manufacturer,NCTO member,NCTO,https://ncto.org/about/members/,Contact for quote
Policy Positions,,,https://ncto.org/policy-positions/,https://ncto.org/policy-positions/,https://ncto.org/policy-positions/,,,manufacturer,NCTO member,NCTO,https://ncto.org/about/members/,Contact for quote
NCTO Accomplishments,,,https://ncto.org/policy-positions/ncto-accomplishments/,https://ncto.org/policy-positions/ncto-accomplishments/,https://ncto.org/policy-positions/ncto-accomplishments/,,,manufacturer,NCTO member,NCTO,https://ncto.org/about/members/,Contact for quote
Trade Policy,,,https://ncto.org/policy-positions/trade-policy/,https://ncto.org/policy-positions/trade-policy/,https://ncto.org/policy-positions/trade-policy/,,,manufacturer,NCTO member,NCTO,https://ncto.org/about/members/,Contact for quote
Government Procurement,,,https://ncto.org/policy-positions/government-procurement/,https://ncto.org/policy-positions/government-procurement/,https://ncto.org/policy-positions/government-procurement/,,,manufacturer,NCTO member,NCTO,https://ncto.org/about/members/,Contact for quote
Regulatory,,,https://ncto.org/policy-positions/regulatory/,https://ncto.org/policy-positions/regulatory/,https://ncto.org/policy-positions/regulatory/,,,manufacturer,NCTO member,NCTO,https://ncto.org/about/members/,Contact for quote
Facts & Figures,,,https://ncto.org/facts-figures/,https://ncto.org/facts-figures/,https://ncto.org/facts-figures/,,,manufacturer,NCTO member,NCTO,https://ncto.org/about/members/,Contact for quote
U.S. Textile Industry,,,https://ncto.org/facts-figures/us-textile-industry/,https://ncto.org/facts-figures/us-textile-industry/,https://ncto.org/facts-figures/us-textile-industry/,,,manufacturer,NCTO member,NCTO,https://ncto.org/about/members/,Contact for quote
Multiplier Effect,,,https://ncto.org/facts-figures/multiplier-effect/,https://ncto.org/facts-figures/multiplier-effect/,https://ncto.org/facts-figures/multiplier-effect/,,,manufacturer,NCTO member,NCTO,https://ncto.org/about/members/,Contact for quote
Economic Impact,,,https://ncto.org/facts-figures/economic-impact/,https://ncto.org/facts-figures/economic-impact/,https://ncto.org/facts-figures/economic-impact/,,,manufacturer,NCTO member,NCTO,https://ncto.org/about/members/,Contact for quote
Employment,,,https://ncto.org/facts-figures/employment/,https://ncto.org/facts-figures/employment/,https://ncto.org/facts-figures/employment/,,,manufacturer,NCTO member,NCTO,https://ncto.org/about/members/,Contact for quote
Trade,,,https://ncto.org/facts-figures/trade/,https://ncto.org/facts-figures/trade/,https://ncto.org/facts-figures/trade/,,,manufacturer,NCTO member,NCTO,https://ncto.org/about/members/,Contact for quote
Textiles and Our Military,,,https://ncto.org/facts-figures/textiles-and-our-military/,https://ncto.org/facts-figures/textiles-and-our-military/,https://ncto.org/facts-figures/textiles-and-our-military/,,,manufacturer,NCTO member,NCTO,https://ncto.org/about/members/,Contact for quote
News & Events,,,https://ncto.org/news-events/,https://ncto.org/news-events/,https://ncto.org/news-events/,,,manufacturer,NCTO member,NCTO,https://ncto.org/about/members/,Contact for quote
Press Releases,,,https://ncto.org/news-events/press-releases/,https://ncto.org/news-events/press-releases/,https://ncto.org/news-events/press-releases/,,,manufacturer,NCTO member,NCTO,https://ncto.org/about/members/,Contact for quote
Textiles in the News,,,https://ncto.org/news-events/press-releases/members-in-the-news/,https://ncto.org/news-events/press-releases/members-in-the-news/,https://ncto.org/news-events/press-releases/members-in-the-news/,,,manufacturer,NCTO member,NCTO,https://ncto.org/about/members/,Contact for quote
Textures Magazine,,,https://ncto.org/news-events/press-releases/textures-magazine/,https://ncto.org/news-events/press-releases/textures-magazine/,https://ncto.org/news-events/press-releases/textures-magazine/,,,manufacturer,NCTO member,NCTO,https://ncto.org/about/members/,Contact for quote
Testimony and Statements,,,https://ncto.org/news-events/press-releases/testimony-and-statements/,https://ncto.org/news-events/press-releases/testimony-and-statements/,https://ncto.org/news-events/press-releases/testimony-and-statements/,,,manufacturer,NCTO member,NCTO,https://ncto.org/about/members/,Contact for quote
NCTO Events,,,https://ncto.org/news-events/press-releases/ncto-events/,https://ncto.org/news-events/press-releases/ncto-events/,https://ncto.org/news-events/press-releases/ncto-events/,,,manufacturer,NCTO member,NCTO,https://ncto.org/about/members/,Contact for quote
Industry Calendar,,,https://ncto.org/news-events/press-releases/industry-calendar/,https://ncto.org/news-events/press-releases/industry-calendar/,https://ncto.org/news-events/press-releases/industry-calendar/,,,manufacturer,NCTO member,NCTO,https://ncto.org/about/members/,Contact for quote
Membership,,,https://ncto.org/become-a-member/,https://ncto.org/become-a-member/,https://ncto.org/become-a-member/,,,manufacturer,NCTO member,NCTO,https://ncto.org/about/members/,Contact for quote
Associations and Affiliates,,,https://ncto.org/industry-partners-resources/associations-affiliates/,https://ncto.org/industry-partners-resources/associations-affiliates/,https://ncto.org/industry-partners-resources/associations-affiliates/,,,manufacturer,NCTO member,NCTO,https://ncto.org/about/members/,Contact for quote
Textile Colleges and Universities,,,https://ncto.org/industry-partners-resources/textile-colleges-universities/,https://ncto.org/industry-partners-resources/textile-colleges-universities/,https://ncto.org/industry-partners-resources/textile-colleges-universities/,,,manufacturer,NCTO member,NCTO,https://ncto.org/about/members/,Contact for quote
Government Resources,,,https://ncto.org/industry-partners-resources/government-resources/,https://ncto.org/industry-partners-resources/government-resources/,https://ncto.org/industry-partners-resources/government-resources/,,,manufacturer,NCTO member,NCTO,https://ncto.org/about/members/,Contact for quote
A.B. Carter Inc.,,,https://ncto.org/a-b-carter-inc,https://ncto.org/a-b-carter-inc,https://ncto.org/a-b-carter-inc,,,manufacturer,NCTO member,NCTO,https://ncto.org/about/members/,Contact for quote
Ace Binding Company,,,https://ncto.org/ace-binding/,https://ncto.org/ace-binding/,https://ncto.org/ace-binding/,,,manufacturer,NCTO member,NCTO,https://ncto.org/about/members/,Contact for quote
Alpek Polyester,,,https://ncto.org/alpek-polyester/,https://ncto.org/alpek-polyester/,https://ncto.org/alpek-polyester/,,,manufacturer,NCTO member,NCTO,https://ncto.org/about/members/,Contact for quote
American & Efird LLC,,,https://ncto.org/american-efird/,https://ncto.org/american-efird/,https://ncto.org/american-efird/,,,manufacturer,NCTO member,NCTO,https://ncto.org/about/members/,Contact for quote
American Cotton Shippers Association,,,https://ncto.org/american-cotton-shippers-association/,https://ncto.org/american-cotton-shippers-association/,https://ncto.org/american-cotton-shippers-association/,,,manufacturer,NCTO member,NCTO,https://ncto.org/about/members/,Contact for quote
"American Elastic & Tape, Inc.",,,https://ncto.org/american-elastic-tape/,https://ncto.org/american-elastic-tape/,https://ncto.org/american-elastic-tape/,,,manufacturer,NCTO member,NCTO,https://ncto.org/about/members/,Contact for quote
American Fashion Network LLC,,,https://ncto.org/american-fashion-industry/,https://ncto.org/american-fashion-industry/,https://ncto.org/american-fashion-industry/,,,manufacturer,NCTO member,NCTO,https://ncto.org/about/members/,Contact for quote
American Suessen Corporation,,,https://ncto.org/american-suessen-corporation/,https://ncto.org/american-suessen-corporation/,https://ncto.org/american-suessen-corporation/,,,manufacturer,NCTO member,NCTO,https://ncto.org/about/members/,Contact for quote
American Textile & Apparel Inc.,,,https://ncto.org/american-textile-apparel-inc/,https://ncto.org/american-textile-apparel-inc/,https://ncto.org/american-textile-apparel-inc/,,,manufacturer,NCTO member,NCTO,https://ncto.org/about/members/,Contact for quote
American Truetzschler Inc.,,,https://ncto.org/american-truetzschler-inc/,https://ncto.org/american-truetzschler-inc/,https://ncto.org/american-truetzschler-inc/,,,manufacturer,NCTO member,NCTO,https://ncto.org/about/members/,Contact for quote
American Wax Inc.,,,https://ncto.org/american-wax-inc/,https://ncto.org/american-wax-inc/,https://ncto.org/american-wax-inc/,,,manufacturer,NCTO member,NCTO,https://ncto.org/about/members/,Contact for quote
"American Woolen Company, Inc.",,,https://ncto.org/american-woolen-company-inc/,https://ncto.org/american-woolen-company-inc/,https://ncto.org/american-woolen-company-inc/,,,manufacturer,NCTO member,NCTO,https://ncto.org/about/members/,Contact for quote
Antex,,,https://ncto.org/antex/,https://ncto.org/antex/,https://ncto.org/antex/,,,manufacturer,NCTO member,NCTO,https://ncto.org/about/members/,Contact for quote
"Archroma US, Inc.",,,https://ncto.org/archroma-us-inc/,https://ncto.org/archroma-us-inc/,https://ncto.org/archroma-us-inc/,,,manufacturer,NCTO member,NCTO,https://ncto.org/about/members/,Contact for quote
Auburn Manufacturing,,,https://ncto.org/auburn-manufacturing-inc-ami/,https://ncto.org/auburn-manufacturing-inc-ami/,https://ncto.org/auburn-manufacturing-inc-ami/,,,manufacturer,NCTO member,NCTO,https://ncto.org/about/members/,Contact for quote
Auriga Polymers Inc. & Indorama Ventures USA,,,https://ncto.org/auriga-polymers-inc-indorama-ventures-usa/,https://ncto.org/auriga-polymers-inc-indorama-ventures-usa/,https://ncto.org/auriga-polymers-inc-indorama-ventures-usa/,,,manufacturer,NCTO member,NCTO,https://ncto.org/about/members/,Contact for quote
Aurora Specialty Textiles Group,,,https://ncto.org/aurora-specialty-textiles-group/,https://ncto.org/aurora-specialty-textiles-group/,https://ncto.org/aurora-specialty-textiles-group/,,,manufacturer,NCTO member,NCTO,https://ncto.org/about/members/,Contact for quote
Avon Protection Ceradyne,,,https://ncto.org/avon-protection-ceradyne/,https://ncto.org/avon-protection-ceradyne/,https://ncto.org/avon-protection-ceradyne/,,,manufacturer,NCTO member,NCTO,https://ncto.org/about/members/,Contact for quote
Barnet,,,https://ncto.org/barnet/,https://ncto.org/barnet/,https://ncto.org/barnet/,,,manufacturer,NCTO member,NCTO,https://ncto.org/about/members/,Contact for quote
BASF,,,https://ncto.org/basf/,https://ncto.org/basf/,https://ncto.org/basf/,,,manufacturer,NCTO member,NCTO,https://ncto.org/about/members/,Contact for quote
Beck’s Classic Manufacturing Inc.,,,https://ncto.org/becks-classic-manufacturing-inc/,https://ncto.org/becks-classic-manufacturing-inc/,https://ncto.org/becks-classic-manufacturing-inc/,,,manufacturer,NCTO member,NCTO,https://ncto.org/about/members/,Contact for quote
Beverly Knits Inc.,,,https://ncto.org/beverly-knits-inc/,https://ncto.org/beverly-knits-inc/,https://ncto.org/beverly-knits-inc/,,,manufacturer,NCTO member,NCTO,https://ncto.org/about/members/,Contact for quote
Boxercraft,,,https://ncto.org/boxercraft/,https://ncto.org/boxercraft/,https://ncto.org/boxercraft/,,,manufacturer,NCTO member,NCTO,https://ncto.org/about/members/,Contact for quote
Buhler Quality Yarns Corp.,,,https://ncto.org/buhler-quality-yarns-corp/,https://ncto.org/buhler-quality-yarns-corp/,https://ncto.org/buhler-quality-yarns-corp/,,,manufacturer,NCTO member,NCTO,https://ncto.org/about/members/,Contact for quote
Bureau Veritas,,,https://ncto.org/bureau-veritas/,https://ncto.org/bureau-veritas/,https://ncto.org/bureau-veritas/,,,manufacturer,NCTO member,NCTO,https://ncto.org/about/members/,Contact for quote
Calcot Ltd.,,,https://ncto.org/calcot-ltd/,https://ncto.org/calcot-ltd/,https://ncto.org/calcot-ltd/,,,manufacturer,NCTO member,NCTO,https://ncto.org/about/members/,Contact for quote
Carolinas Cotton Growers Cooperative Inc.,,,https://ncto.org/carolina-cotton-growers-cooperative-inc/,https://ncto.org/carolina-cotton-growers-cooperative-inc/,https://ncto.org/carolina-cotton-growers-cooperative-inc/,,,manufacturer,NCTO member,NCTO,https://ncto.org/about/members/,Contact for quote
"Central Textiles, Inc.",,,https://ncto.org/central-textiles-inc/,https://ncto.org/central-textiles-inc/,https://ncto.org/central-textiles-inc/,,,manufacturer,NCTO member,NCTO,https://ncto.org/about/members/,Contact for quote
Chargeurs Wool (USA) Inc.,,,https://ncto.org/chargeurs-wool-usa-inc/,https://ncto.org/chargeurs-wool-usa-inc/,https://ncto.org/chargeurs-wool-usa-inc/,,,manufacturer,NCTO member,NCTO,https://ncto.org/about/members/,Contact for quote
"Chemical Market Analytics by OPIS, A Dow Jones Company",,,https://ncto.org/chemical-market-analytics-by-opis-a-dow-jones-company/,https://ncto.org/chemical-market-analytics-by-opis-a-dow-jones-company/,https://ncto.org/chemical-market-analytics-by-opis-a-dow-jones-company/,,,manufacturer,NCTO member,NCTO,https://ncto.org/about/members/,Contact for quote
Affiliate Members,,,https://ncto.org/affiliate-members/,https://ncto.org/affiliate-members/,https://ncto.org/affiliate-members/,,,manufacturer,NCTO member,NCTO,https://ncto.org/about/members/,Contact for quote
Members List (A to Z),,,https://ncto.org/about/members-list/,https://ncto.org/about/members-list/,https://ncto.org/about/members-list/,,,manufacturer,NCTO member,NCTO,https://ncto.org/about/members/,Contact for quote
Home,,,https://ncto.org/,https://ncto.org/,https://ncto.org/,,,manufacturer,NCTO member,NCTO,https://ncto.org/about/members/,Contact for quote
We Make Amazing,,,https://ncto.org/we-make-amazing/,https://ncto.org/we-make-amazing/,https://ncto.org/we-make-amazing/,,,manufacturer,NCTO member,NCTO,https://ncto.org/about/members/,Contact for quote
Become a Member,,,https://ncto.org/become-a-member/,https://ncto.org/become-a-member/,https://ncto.org/become-a-member/,,,manufacturer,NCTO member,NCTO,https://ncto.org/about/members/,Contact for quote
Contact,,,https://ncto.org/contact/,https://ncto.org/contact/,https://ncto.org/contact/,,,manufacturer,NCTO member,NCTO,https://ncto.org/about/members/,Contact for quote
City Fire & Safety,,,https://ncto.org/city-fire-safety/,https://ncto.org/city-fire-safety/,https://ncto.org/city-fire-safety/,,,manufacturer,NCTO member,NCTO,https://ncto.org/about/members/,Contact for quote
Clover Knits,,,https://ncto.org/clover-knits/,https://ncto.org/clover-knits/,https://ncto.org/clover-knits/,,,manufacturer,NCTO member,NCTO,https://ncto.org/about/members/,Contact for quote
Columbia Flag & Sign,,,https://ncto.org/columbia-flag-sign/,https://ncto.org/columbia-flag-sign/,https://ncto.org/columbia-flag-sign/,,,manufacturer,NCTO member,NCTO,https://ncto.org/about/members/,Contact for quote
Contempora Fabrics,,,https://ncto.org/contempora-fabrics/,https://ncto.org/contempora-fabrics/,https://ncto.org/contempora-fabrics/,,,manufacturer,NCTO member,NCTO,https://ncto.org/about/members/,Contact for quote
Cotton Incorporated,,,https://ncto.org/cotton-incorporated/,https://ncto.org/cotton-incorporated/,https://ncto.org/cotton-incorporated/,,,manufacturer,NCTO member,NCTO,https://ncto.org/about/members/,Contact for quote
Crypton LLC,,,https://ncto.org/crypton-llc/,https://ncto.org/crypton-llc/,https://ncto.org/crypton-llc/,,,manufacturer,NCTO member,NCTO,https://ncto.org/about/members/,Contact for quote
"Defender Services, Inc.",,,https://ncto.org/defender-services-inc/,https://ncto.org/defender-services-inc/,https://ncto.org/defender-services-inc/,,,manufacturer,NCTO member,NCTO,https://ncto.org/about/members/,Contact for quote
DNA Technical Fabrics,,,https://ncto.org/dna-technical-fabrics/,https://ncto.org/dna-technical-fabrics/,https://ncto.org/dna-technical-fabrics/,,,manufacturer,NCTO member,NCTO,https://ncto.org/about/members/,Contact for quote
Down Decor,,,https://ncto.org/down-decor,https://ncto.org/down-decor,https://ncto.org/down-decor,,,manufacturer,NCTO member,NCTO,https://ncto.org/about/members/,Contact for quote
Duke Energy Corporation,,,https://ncto.org/duke-energy-corporation/,https://ncto.org/duke-energy-corporation/,https://ncto.org/duke-energy-corporation/,,,manufacturer,NCTO member,NCTO,https://ncto.org/about/members/,Contact for quote
DuPont Personal Protection,,,https://ncto.org/dupont-protection-technologies/,https://ncto.org/dupont-protection-technologies/,https://ncto.org/dupont-protection-technologies/,,,manufacturer,NCTO member,NCTO,https://ncto.org/about/members/,Contact for quote
Electritex,,,https://ncto.org/electritex/,https://ncto.org/electritex/,https://ncto.org/electritex/,,,manufacturer,NCTO member,NCTO,https://ncto.org/about/members/,Contact for quote
Burlington Fabrics (Elevate Textiles),,,https://ncto.org/burlington-fabrics-elevate-textiles/,https://ncto.org/burlington-fabrics-elevate-textiles/,https://ncto.org/burlington-fabrics-elevate-textiles/,,,manufacturer,NCTO member,NCTO,https://ncto.org/about/members/,Contact for quote
Embroidery Solutions,,,https://ncto.org/embroidery-solutions/,https://ncto.org/embroidery-solutions/,https://ncto.org/embroidery-solutions/,,,manufacturer,NCTO member,NCTO,https://ncto.org/about/members/,Contact for quote
Ethan Allen,,,https://ncto.org/ethan-allen/,https://ncto.org/ethan-allen/,https://ncto.org/ethan-allen/,,,manufacturer,NCTO member,NCTO,https://ncto.org/about/members/,Contact for quote
Everra,,,https://ncto.org/everra/,https://ncto.org/everra/,https://ncto.org/everra/,,,manufacturer,NCTO member,NCTO,https://ncto.org/about/members/,Contact for quote
Fairfield Chair,,,https://ncto.org/fairfield-chair/,https://ncto.org/fairfield-chair/,https://ncto.org/fairfield-chair/,,,manufacturer,NCTO member,NCTO,https://ncto.org/about/members/,Contact for quote
Fechheimer,,,https://ncto.org/fechheimer/,https://ncto.org/fechheimer/,https://ncto.org/fechheimer/,,,manufacturer,NCTO member,NCTO,https://ncto.org/about/members/,Contact for quote
Fi-Tech,,,https://ncto.org/fi-tech/,https://ncto.org/fi-tech/,https://ncto.org/fi-tech/,,,manufacturer,NCTO member,NCTO,https://ncto.org/about/members/,Contact for quote
Freedom and Glory,,,https://ncto.org/freedom-and-glory/,https://ncto.org/freedom-and-glory/,https://ncto.org/freedom-and-glory/,,,manufacturer,NCTO member,NCTO,https://ncto.org/about/members/,Contact for quote
"Fruit of the Loom, Inc.",,,https://ncto.org/fruit-of-the-loom-inc/,https://ncto.org/fruit-of-the-loom-inc/,https://ncto.org/fruit-of-the-loom-inc/,,,manufacturer,NCTO member,NCTO,https://ncto.org/about/members/,Contact for quote
"Gildan Activewear, Inc.",,,https://ncto.org/gildan-activewear-inc/,https://ncto.org/gildan-activewear-inc/,https://ncto.org/gildan-activewear-inc/,,,manufacturer,NCTO member,NCTO,https://ncto.org/about/members/,Contact for quote
"Glen Raven, Inc.",,,https://ncto.org/glen-raven-inc/,https://ncto.org/glen-raven-inc/,https://ncto.org/glen-raven-inc/,,,manufacturer,NCTO member,NCTO,https://ncto.org/about/members/,Contact for quote
"Goetz & Sons, Inc.",,,https://ncto.org/goetz-sons-inc/,https://ncto.org/goetz-sons-inc/,https://ncto.org/goetz-sons-inc/,,,manufacturer,NCTO member,NCTO,https://ncto.org/about/members/,Contact for quote
"Greenwood Mills, Inc.",,,https://ncto.org/greenwood-mills-inc/,https://ncto.org/greenwood-mills-inc/,https://ncto.org/greenwood-mills-inc/,,,manufacturer,NCTO member,NCTO,https://ncto.org/about/members/,Contact for quote
"Hamrick Mills, Inc.",,,https://ncto.org/hamrick-mills-inc/,https://ncto.org/hamrick-mills-inc/,https://ncto.org/hamrick-mills-inc/,,,manufacturer,NCTO member,NCTO,https://ncto.org/about/members/,Contact for quote
Hanesbrands Inc.,,,https://ncto.org/hanesbrands-inc/,https://ncto.org/hanesbrands-inc/,https://ncto.org/hanesbrands-inc/,,,manufacturer,NCTO member,NCTO,https://ncto.org/about/members/,Contact for quote
Health Supply US,,,https://ncto.org/health-supply-us/,https://ncto.org/health-supply-us/,https://ncto.org/health-supply-us/,,,manufacturer,NCTO member,NCTO,https://ncto.org/about/members/,Contact for quote
"Henderson Sewing Machine Co., Inc.",,,https://ncto.org/henderson-sewing-machine-co/,https://ncto.org/henderson-sewing-machine-co/,https://ncto.org/henderson-sewing-machine-co/,,,manufacturer,NCTO member,NCTO,https://ncto.org/about/members/,Contact for quote
HomTex Inc.,,,https://ncto.org/homtex-inc/,https://ncto.org/homtex-inc/,https://ncto.org/homtex-inc/,,,manufacturer,NCTO member,NCTO,https://ncto.org/about/members/,Contact for quote
Huntsman Corporation,,,https://ncto.org/huntsman-corporation/,https://ncto.org/huntsman-corporation/,https://ncto.org/huntsman-corporation/,,,manufacturer,NCTO member,NCTO,https://ncto.org/about/members/,Contact for quote
Inman Mills,,,https://ncto.org/inman-mills/,https://ncto.org/inman-mills/,https://ncto.org/inman-mills/,,,manufacturer,NCTO member,NCTO,https://ncto.org/about/members/,Contact for quote
"ITEMA America, Inc.",,,https://ncto.org/itema-america-inc/,https://ncto.org/itema-america-inc/,https://ncto.org/itema-america-inc/,,,manufacturer,NCTO member,NCTO,https://ncto.org/about/members/,Contact for quote
JB Martin Company,,,https://ncto.org/jb-martin-company/,https://ncto.org/jb-martin-company/,https://ncto.org/jb-martin-company/,,,manufacturer,NCTO member,NCTO,https://ncto.org/about/members/,Contact for quote
Kaltex America Inc.,,,https://ncto.org/kaltex-america-inc/,https://ncto.org/kaltex-america-inc/,https://ncto.org/kaltex-america-inc/,,,manufacturer,NCTO member,NCTO,https://ncto.org/about/members/,Contact for quote
"Kaneka Americas Holding, Inc.",,,https://ncto.org/kaneka-americas-holding-inc/,https://ncto.org/kaneka-americas-holding-inc/,https://ncto.org/kaneka-americas-holding-inc/,,,manufacturer,NCTO member,NCTO,https://ncto.org/about/members/,Contact for quote
Kelley Drye & Warren LLP,,,https://ncto.org/kelley-drye-warren-llp/,https://ncto.org/kelley-drye-warren-llp/,https://ncto.org/kelley-drye-warren-llp/,,,manufacturer,NCTO member,NCTO,https://ncto.org/about/members/,Contact for quote
KENTWOOL,,,https://ncto.org/kentwool/,https://ncto.org/kentwool/,https://ncto.org/kentwool/,,,manufacturer,NCTO member,NCTO,https://ncto.org/about/members/,Contact for quote
Kordsa,,,https://ncto.org/kordsa/,https://ncto.org/kordsa/,https://ncto.org/kordsa/,,,manufacturer,NCTO member,NCTO,https://ncto.org/about/members/,Contact for quote
"Lenzing Fibers, Inc.",,,https://ncto.org/lenzing-fibers-inc/,https://ncto.org/lenzing-fibers-inc/,https://ncto.org/lenzing-fibers-inc/,,,manufacturer,NCTO member,NCTO,https://ncto.org/about/members/,Contact for quote
MMI Textiles,,,https://ncto.org/mmi-textiles/,https://ncto.org/mmi-textiles/,https://ncto.org/mmi-textiles/,,,manufacturer,NCTO member,NCTO,https://ncto.org/about/members/,Contact for quote
McMichael Mills Inc.,,,https://ncto.org/mcmichaels-inc/,https://ncto.org/mcmichaels-inc/,https://ncto.org/mcmichaels-inc/,,,manufacturer,NCTO member,NCTO,https://ncto.org/about/members/,Contact for quote
Meridian Specialty Yarn Group,,,https://ncto.org/meridian-specialty-yarn-group/,https://ncto.org/meridian-specialty-yarn-group/,https://ncto.org/meridian-specialty-yarn-group/,,,manufacturer,NCTO member,NCTO,https://ncto.org/about/members/,Contact for quote
Merrow Manufacturing,,,https://ncto.org/merrow-manufacturing/,https://ncto.org/merrow-manufacturing/,https://ncto.org/merrow-manufacturing/,,,manufacturer,NCTO member,NCTO,https://ncto.org/about/members/,Contact for quote
Milberg Factors Inc.,,,https://ncto.org/milberg-factors-inc/,https://ncto.org/milberg-factors-inc/,https://ncto.org/milberg-factors-inc/,,,manufacturer,NCTO member,NCTO,https://ncto.org/about/members/,Contact for quote
Milliken & Company,,,https://ncto.org/milliken-company/,https://ncto.org/milliken-company/,https://ncto.org/milliken-company/,,,manufacturer,NCTO member,NCTO,https://ncto.org/about/members/,Contact for quote
"Mount Vernon Mills, Inc.",,,https://ncto.org/mount-vernon-mills-inc/,https://ncto.org/mount-vernon-mills-inc/,https://ncto.org/mount-vernon-mills-inc/,,,manufacturer,NCTO member,NCTO,https://ncto.org/about/members/,Contact for quote
"Murata Machinery USA, Inc.",,,https://ncto.org/murata-machinary-usa-inc/,https://ncto.org/murata-machinary-usa-inc/,https://ncto.org/murata-machinary-usa-inc/,,,manufacturer,NCTO member,NCTO,https://ncto.org/about/members/,Contact for quote
Nan Ya Plastics Corporation USA,,,https://ncto.org/nan-ya-plastics-corporation-usa/,https://ncto.org/nan-ya-plastics-corporation-usa/,https://ncto.org/nan-ya-plastics-corporation-usa/,,,manufacturer,NCTO member,NCTO,https://ncto.org/about/members/,Contact for quote
National Safety Apparel,,,https://ncto.org/national-safety-apparel/,https://ncto.org/national-safety-apparel/,https://ncto.org/national-safety-apparel/,,,manufacturer,NCTO member,NCTO,https://ncto.org/about/members/,Contact for quote
New Balance,,,https://ncto.org/new-balance/,https://ncto.org/new-balance/,https://ncto.org/new-balance/,,,manufacturer,NCTO member,NCTO,https://ncto.org/about/members/,Contact for quote
Newtex,,,https://ncto.org/newtex/,https://ncto.org/newtex/,https://ncto.org/newtex/,,,manufacturer,NCTO member,NCTO,https://ncto.org/about/members/,Contact for quote
Nilit America Inc.,,,https://ncto.org/nilit-america-inc/,https://ncto.org/nilit-america-inc/,https://ncto.org/nilit-america-inc/,,,manufacturer,NCTO member,NCTO,https://ncto.org/about/members/,Contact for quote
Ocean State Innovators,,,https://ncto.org/ocean-state-innovations/,https://ncto.org/ocean-state-innovations/,https://ncto.org/ocean-state-innovations/,,,manufacturer,NCTO member,NCTO,https://ncto.org/about/members/,Contact for quote
Owens & Minor,,,https://ncto.org/owens-minor/,https://ncto.org/owens-minor/,https://ncto.org/owens-minor/,,,manufacturer,NCTO member,NCTO,https://ncto.org/about/members/,Contact for quote
"Palmetto Synthetics, LLC",,,https://ncto.org/palmetto-synthetics-llc/,https://ncto.org/palmetto-synthetics-llc/,https://ncto.org/palmetto-synthetics-llc/,,,manufacturer,NCTO member,NCTO,https://ncto.org/about/members/,Contact for quote
"Parkdale, Inc.",,,https://ncto.org/parkdale-mills/,https://ncto.org/parkdale-mills/,https://ncto.org/parkdale-mills/,,,manufacturer,NCTO member,NCTO,https://ncto.org/about/members/,Contact for quote
Pendleton Woolen Mills,,,https://ncto.org/pendleton-woolen-mills/,https://ncto.org/pendleton-woolen-mills/,https://ncto.org/pendleton-woolen-mills/,,,manufacturer,NCTO member,NCTO,https://ncto.org/about/members/,Contact for quote
"PHP Fibers, Inc.",,,https://ncto.org/php-fibers-inc/,https://ncto.org/php-fibers-inc/,https://ncto.org/php-fibers-inc/,,,manufacturer,NCTO member,NCTO,https://ncto.org/about/members/,Contact for quote
"Picanol of America, Inc.",,,https://ncto.org/picanol-of-america-inc/,https://ncto.org/picanol-of-america-inc/,https://ncto.org/picanol-of-america-inc/,,,manufacturer,NCTO member,NCTO,https://ncto.org/about/members/,Contact for quote
Plains Cotton Cooperative Association,,,https://ncto.org/plains-cotton-cooperative-association/,https://ncto.org/plains-cotton-cooperative-association/,https://ncto.org/plains-cotton-cooperative-association/,,,manufacturer,NCTO member,NCTO,https://ncto.org/about/members/,Contact for quote
PNC Financial Services Group,,,https://ncto.org/pnc-financial-services-group/,https://ncto.org/pnc-financial-services-group/,https://ncto.org/pnc-financial-services-group/,,,manufacturer,NCTO member,NCTO,https://ncto.org/about/members/,Contact for quote
Precision Machine Products Inc.,,,https://ncto.org/precision-machine-products-inc/,https://ncto.org/precision-machine-products-inc/,https://ncto.org/precision-machine-products-inc/,,,manufacturer,NCTO member,NCTO,https://ncto.org/about/members/,Contact for quote
"Premiere Fibers, Inc.",,,https://ncto.org/premiere-fibers-inc/,https://ncto.org/premiere-fibers-inc/,https://ncto.org/premiere-fibers-inc/,,,manufacturer,NCTO member,NCTO,https://ncto.org/about/members/,Contact for quote
Pulcra Chemicals LLC,,,https://ncto.org/pulcra-chemicals-llc/,https://ncto.org/pulcra-chemicals-llc/,https://ncto.org/pulcra-chemicals-llc/,,,manufacturer,NCTO member,NCTO,https://ncto.org/about/members/,Contact for quote
Redland Cotton,,,https://ncto.org/redland-cotton/,https://ncto.org/redland-cotton/,https://ncto.org/redland-cotton/,,,manufacturer,NCTO member,NCTO,https://ncto.org/about/members/,Contact for quote
Richloom,,,https://ncto.org/richloom/,https://ncto.org/richloom/,https://ncto.org/richloom/,,,manufacturer,NCTO member,NCTO,https://ncto.org/about/members/,Contact for quote
Rieter America LLC,,,https://ncto.org/rieter-america-llc/,https://ncto.org/rieter-america-llc/,https://ncto.org/rieter-america-llc/,,,manufacturer,NCTO member,NCTO,https://ncto.org/about/members/,Contact for quote
RSM Company,,,https://ncto.org/rsm-company/,https://ncto.org/rsm-company/,https://ncto.org/rsm-company/,,,manufacturer,NCTO member,NCTO,https://ncto.org/about/members/,Contact for quote
Sage Automotive Interiors,,,https://ncto.org/sage-automotive-interiors/,https://ncto.org/sage-automotive-interiors/,https://ncto.org/sage-automotive-interiors/,,,manufacturer,NCTO member,NCTO,https://ncto.org/about/members/,Contact for quote
Salem Corporation,,,https://ncto.org/salem-corporation/,https://ncto.org/salem-corporation/,https://ncto.org/salem-corporation/,,,manufacturer,NCTO member,NCTO,https://ncto.org/about/members/,Contact for quote
SanMar Corporation,,,https://ncto.org/sanmar-corporation/,https://ncto.org/sanmar-corporation/,https://ncto.org/sanmar-corporation/,,,manufacturer,NCTO member,NCTO,https://ncto.org/about/members/,Contact for quote
Saurer Inc.,,,https://ncto.org/saurer-inc/,https://ncto.org/saurer-inc/,https://ncto.org/saurer-inc/,,,manufacturer,NCTO member,NCTO,https://ncto.org/about/members/,Contact for quote
Schneider Mills Inc.,,,https://ncto.org/schneider-inc/,https://ncto.org/schneider-inc/,https://ncto.org/schneider-inc/,,,manufacturer,NCTO member,NCTO,https://ncto.org/about/members/,Contact for quote
Service Thread,,,https://ncto.org/service-thread/,https://ncto.org/service-thread/,https://ncto.org/service-thread/,,,manufacturer,NCTO member,NCTO,https://ncto.org/about/members/,Contact for quote
Shuford Yarns LLC,,,https://ncto.org/shuford-yarns-llc/,https://ncto.org/shuford-yarns-llc/,https://ncto.org/shuford-yarns-llc/,,,manufacturer,NCTO member,NCTO,https://ncto.org/about/members/,Contact for quote
Signet Mills,,,https://ncto.org/signet-mills/,https://ncto.org/signet-mills/,https://ncto.org/signet-mills/,,,manufacturer,NCTO member,NCTO,https://ncto.org/about/members/,Contact for quote
SNC Technical Services LLC,,,https://ncto.org/snc-technical-services-llc/,https://ncto.org/snc-technical-services-llc/,https://ncto.org/snc-technical-services-llc/,,,manufacturer,NCTO member,NCTO,https://ncto.org/about/members/,Contact for quote
Sonoco USA,,,https://ncto.org/sonoco/,https://ncto.org/sonoco/,https://ncto.org/sonoco/,,,manufacturer,NCTO member,NCTO,https://ncto.org/about/members/,Contact for quote
"Standard Textile Company, Inc.",,,https://ncto.org/standard-textile/,https://ncto.org/standard-textile/,https://ncto.org/standard-textile/,,,manufacturer,NCTO member,NCTO,https://ncto.org/about/members/,Contact for quote
Staple Cotton Cooperative Association,,,https://ncto.org/staple-cotton-cooperative-association/,https://ncto.org/staple-cotton-cooperative-association/,https://ncto.org/staple-cotton-cooperative-association/,,,manufacturer,NCTO member,NCTO,https://ncto.org/about/members/,Contact for quote
Stäubli Corporation,,,https://ncto.org/staubli-corporation/,https://ncto.org/staubli-corporation/,https://ncto.org/staubli-corporation/,,,manufacturer,NCTO member,NCTO,https://ncto.org/about/members/,Contact for quote
StringKing,,,https://ncto.org/string-king/,https://ncto.org/string-king/,https://ncto.org/string-king/,,,manufacturer,NCTO member,NCTO,https://ncto.org/about/members/,Contact for quote
Sun Fiber LLC,,,https://ncto.org/sun-fiber-llc/,https://ncto.org/sun-fiber-llc/,https://ncto.org/sun-fiber-llc/,,,manufacturer,NCTO member,NCTO,https://ncto.org/about/members/,Contact for quote
Swisstex Direct,,,https://ncto.org/swisstex-direct/,https://ncto.org/swisstex-direct/,https://ncto.org/swisstex-direct/,,,manufacturer,NCTO member,NCTO,https://ncto.org/about/members/,Contact for quote
SYMTECH Inc.,,,https://ncto.org/symtech-inc/,https://ncto.org/symtech-inc/,https://ncto.org/symtech-inc/,,,manufacturer,NCTO member,NCTO,https://ncto.org/about/members/,Contact for quote
Texpasa,,,https://ncto.org/texpasa/,https://ncto.org/texpasa/,https://ncto.org/texpasa/,,,manufacturer,NCTO member,NCTO,https://ncto.org/about/members/,Contact for quote
The Brickle Group,,,https://ncto.org/the-brickle-group/,https://ncto.org/the-brickle-group/,https://ncto.org/the-brickle-group/,,,manufacturer,NCTO member,NCTO,https://ncto.org/about/members/,Contact for quote
The LYCRA Company,,,https://ncto.org/the-lycra-company/,https://ncto.org/the-lycra-company/,https://ncto.org/the-lycra-company/,,,manufacturer,NCTO member,NCTO,https://ncto.org/about/members/,Contact for quote
The Moore Company,,,https://ncto.org/the-moore-company/,https://ncto.org/the-moore-company/,https://ncto.org/the-moore-company/,,,manufacturer,NCTO member,NCTO,https://ncto.org/about/members/,Contact for quote
Thibaut Design,,,https://ncto.org/thibaut-design/,https://ncto.org/thibaut-design/,https://ncto.org/thibaut-design/,,,manufacturer,NCTO member,NCTO,https://ncto.org/about/members/,Contact for quote
Thies,,,https://ncto.org/thies/,https://ncto.org/thies/,https://ncto.org/thies/,,,manufacturer,NCTO member,NCTO,https://ncto.org/about/members/,Contact for quote
TSG Finishing,,,https://ncto.org/tsg-finishing-llc/,https://ncto.org/tsg-finishing-llc/,https://ncto.org/tsg-finishing-llc/,,,manufacturer,NCTO member,NCTO,https://ncto.org/about/members/,Contact for quote
Two One Two New York,,,https://ncto.org/two-one-two-new-york/,https://ncto.org/two-one-two-new-york/,https://ncto.org/two-one-two-new-york/,,,manufacturer,NCTO member,NCTO,https://ncto.org/about/members/,Contact for quote
Under Armour Inc.,,,https://ncto.org/under-armour-inc/,https://ncto.org/under-armour-inc/,https://ncto.org/under-armour-inc/,,,manufacturer,NCTO member,NCTO,https://ncto.org/about/members/,Contact for quote
UNIFI Inc.,,,https://ncto.org/unifi-inc/,https://ncto.org/unifi-inc/,https://ncto.org/unifi-inc/,,,manufacturer,NCTO member,NCTO,https://ncto.org/about/members/,Contact for quote
"Uster Technologies, Inc.",,,https://ncto.org/uster-technologies-inc/,https://ncto.org/uster-technologies-inc/,https://ncto.org/uster-technologies-inc/,,,manufacturer,NCTO member,NCTO,https://ncto.org/about/members/,Contact for quote
Valdese Weavers,,,https://ncto.org/valdese-weavers/,https://ncto.org/valdese-weavers/,https://ncto.org/valdese-weavers/,,,manufacturer,NCTO member,NCTO,https://ncto.org/about/members/,Contact for quote
Valley Forge Flag,,,https://ncto.org/valley-forge-flag/,https://ncto.org/valley-forge-flag/,https://ncto.org/valley-forge-flag/,,,manufacturer,NCTO member,NCTO,https://ncto.org/about/members/,Contact for quote
"Van de Wiele, Inc.",,,https://ncto.org/van-de-wiele-inc/,https://ncto.org/van-de-wiele-inc/,https://ncto.org/van-de-wiele-inc/,,,manufacturer,NCTO member,NCTO,https://ncto.org/about/members/,Contact for quote
WL Gore & Associates Inc.,,,https://ncto.org/wl-gore-associates-inc/,https://ncto.org/wl-gore-associates-inc/,https://ncto.org/wl-gore-associates-inc/,,,manufacturer,NCTO member,NCTO,https://ncto.org/about/members/,Contact for quote
Wildwood Cotton Technologies,,,https://ncto.org/wildwood-cotton-technologies/,https://ncto.org/wildwood-cotton-technologies/,https://ncto.org/wildwood-cotton-technologies/,,,manufacturer,NCTO member,NCTO,https://ncto.org/about/members/,Contact for quote
Wilson Brown Sock Company,,,https://ncto.org/wilson-brown-sock-company/,https://ncto.org/wilson-brown-sock-company/,https://ncto.org/wilson-brown-sock-company/,,,manufacturer,NCTO member,NCTO,https://ncto.org/about/members/,Contact for quote
YKK Corporation of America,,,https://ncto.org/ykk-corporation-of-america/,https://ncto.org/ykk-corporation-of-america/,https://ncto.org/ykk-corporation-of-america/,,,manufacturer,NCTO member,NCTO,https://ncto.org/about/members/,Contact for quote
